1.1386985498412732,1.0602299288010473,1.503705525916727,1.404964238924165,1.0042950153109031,-0.08679174437463533,1.0,1.0,1.0,1.0,1.0,0.0,2.7261568018851516,1
0.16037676033235237,0.6444240612042985,0.035086164137302187,1.2998224671235274,0.4483657783479906,-0.3857165077826767,0.0,0.0,0.0,0.0,1.0,1.0,0.44159079036237464,1
-0.400116245665397,-2.5684267867768553,-1.0942056997841143,-2.1203290149464715,-1.9516105272213733,-0.2021327344193605,1.0,1.0,1.0,0.0,0.0,0.0,2.9972082360671557,1
0.31063908762086084,1.831539138559454,0.7733802418691939,1.0545688178513424,1.4302194928502658,1.6708775496520591,1.0,1.0,0.0,0.0,0.0,0.0,0.5271234149603424,1
0.7894843963889573,-0.011995744241023388,1.5250523946661823,-0.7706129623855251,-0.027737934657351047,1.2851561327471077,1.0,1.0,0.0,0.0,1.0,1.0,2.085795999050206,1
0.5156261295602609,0.3086482258627753,1.5270642667755767,-0.06434408900231556,-1.062429261353323,-1.9449172507590922,1.0,1.0,1.0,1.0,1.0,1.0,3.3433530378818106,0
2.0496373395333434,0.5211473272298436,-0.8179821293298506,-0.8186620210614669,-0.6639668510988661,-0.5618317319559386,1.0,1.0,1.0,0.0,0.0,1.0,1.092038538342875,1
0.5482495705516727,1.3247774561710102,2.117513427901082,1.354953222034734,0.6832101854136373,1.7184401454900984,1.0,1.0,0.0,0.0,0.0,0.0,2.816470263884764,1
-0.33915760739586187,0.31450913699615896,-0.9165763142908218,-1.116992872581851,-0.25854841888033586,0.7326205968469451,0.0,0.0,0.0,0.0,0.0,0.0,0.4912612788216571,1
0.6808459460142341,1.7219275986485074,1.2981485698816084,0.31010910581999357,0.014277815159167387,1.3305584296605826,1.0,1.0,1.0,1.0,0.0,1.0,1.278450360793821,1
0.41983585188721356,0.279580622360339,0.1336008290685571,0.34828302411535444,0.5380660340753924,0.787978631909894,0.0,0.0,0.0,0.0,0.0,0.0,2.2786250105220742,1
1.7519240279225707,1.5351468330579123,1.5415288317791627,0.3789381871209957,-1.4853149987291987,-0.40305761384502165,0.0,1.0,0.0,0.0,0.0,0.0,0.6671287793907352,1
-0.7485512396236911,-1.7614705132458133,-0.7911907617673201,-1.2773498827113217,-0.9733396203371087,-0.4932115087254621,1.0,1.0,0.0,1.0,0.0,1.0,0.5402309562935756,1
-2.1865617008481886,-0.6205837811267897,0.6997496691497596,0.09542767250252499,-0.9825585327381644,-0.35729123855333217,0.0,0.0,1.0,0.0,0.0,0.0,0.27845235733543966,1
0.8142447874077369,1.0460869367437984,0.5945351315525643,0.18354137701245027,1.1359002645417762,1.5680854297981242,1.0,0.0,1.0,0.0,0.0,0.0,4.0465195282554935,1
0.525042991855928,1.0857671347046063,1.3135458093746504,0.6883049238044773,2.4052014150120717,2.605806701270095,1.0,0.0,1.0,1.0,1.0,0.0,1.3503108429879631,1
0.6441430066761854,-0.10071784778905793,1.3964610307092138,-0.5315049563851476,-1.2297852176544863,-1.440682984829894,0.0,1.0,1.0,1.0,1.0,1.0,0.1628413226904488,0
-0.4147848460878601,0.29732147831754113,1.974401610659324,1.8275754371196755,0.42094609946590594,-0.19523339762241063,0.0,0.0,0.0,1.0,1.0,1.0,0.3032123031553579,1
-1.1564415171885405,-1.30402732949948,-1.322069027781311,-0.5030591878968282,-0.25589189798603534,-0.48199234609531316,0.0,1.0,0.0,0.0,0.0,0.0,0.02752757941444283,1
1.5176020810569748,-0.902309862039094,0.0887794740267956,0.45792979841986026,2.2563304224532184,2.4800043723435885,1.0,1.0,1.0,1.0,1.0,0.0,1.179436123078312,0
0.398156084064242,0.3707452805035215,0.5455208634965892,1.2751288848243967,2.0726101827362227,1.7217557980336282,1.0,1.0,1.0,1.0,1.0,1.0,1.1839389198985228,1
0.9213879886604708,1.5634642242076724,1.5975157745575506,0.6923253406449295,1.27607376369897,0.7395279267130188,1.0,1.0,1.0,1.0,0.0,0.0,1.738210398380939,1
-0.19513912873382236,0.5266206187838723,1.59768873957209,1.928688814933732,0.47067664134954806,2.083516359248704,1.0,1.0,1.0,1.0,0.0,0.0,1.2489520781069798,1
0.07394514258757849,0.2281819017466492,0.7841156879529908,-0.5700477137023435,-0.32341762037369265,0.4042624147890272,1.0,1.0,1.0,1.0,0.0,0.0,1.3202717603601328,1
-0.09250464848283464,0.6100023774293114,-0.5348055156653119,-0.46636627115243495,-0.7001662176632767,1.340836226395617,1.0,0.0,0.0,0.0,1.0,1.0,0.9265753661838362,1
-2.108736955346183,-0.22592900842542968,-0.782393113567192,-1.9352239433577039,-1.4284311048384957,-1.0717755661308932,0.0,1.0,1.0,1.0,1.0,1.0,0.06824170056792025,1
-0.6305377961122857,0.22896591067090993,-0.7006931520702988,-0.8415054008329806,-0.22553508665210537,0.1913038052240985,1.0,0.0,0.0,0.0,0.0,0.0,0.4837863411072681,1
1.7974950340989135,1.594592836924785,0.3178688955108688,0.7720678025093969,1.3639319052485925,1.241193246338922,1.0,1.0,0.0,0.0,0.0,0.0,1.4064278664453138,0
0.8521471896320456,-1.1464720154336125,-1.1883575461924858,-1.2255654183361058,-0.254597242365055,1.4956465985181153,1.0,1.0,1.0,1.0,0.0,0.0,1.9949176650277691,0
-0.6089497445246368,-2.2609620703551307,-0.45670182879042925,0.514379568957371,-0.5936098750456298,-1.472644968389569,0.0,0.0,0.0,0.0,0.0,1.0,2.5788345856864656,1
0.6294287409497755,-0.8887284525504168,-0.24836616377492715,-0.05620590342730875,0.47745648608755253,-0.8715997444545633,0.0,1.0,0.0,0.0,0.0,0.0,0.4000327501775547,0
0.16860533832824823,0.2495401572588953,-1.099266146048722,0.05683326475991247,-0.31825251445006875,0.8440057893346549,1.0,0.0,1.0,0.0,0.0,0.0,0.28737641882597953,1
-1.1849249740149612,-1.6641616888920276,-3.32460246389328,-2.1358788489891154,-0.8644768233967645,0.00226646585432729,0.0,1.0,1.0,0.0,1.0,1.0,0.20180976642663467,1
0.4710416107500923,-1.5641514834276344,0.2971441837997242,-1.7073526219828776,-1.1011469377492644,-0.38029600010385695,0.0,1.0,0.0,1.0,1.0,1.0,2.1812418796970645,1
-0.3124426934442604,0.3085209428138756,-0.17338964402665075,-0.44981929646659513,1.0962960105121005,0.15970241801152366,1.0,1.0,1.0,1.0,0.0,0.0,0.9692751131077442,1
0.5710244354352645,-0.34771702224984824,-0.09465557419800105,-1.0479444811794483,-1.2670639543655096,-0.5929732969631102,0.0,0.0,0.0,0.0,0.0,0.0,0.980611735968733,1
-0.18310009653617984,-0.7204543267741114,-0.12458791460967135,-0.3502253816433986,-1.2348524369194531,0.40876961158543457,0.0,0.0,0.0,0.0,0.0,0.0,1.374865078379198,1
1.159383362763083,1.0838406645436174,-0.08084505148155918,-0.46416055821806196,-1.6640214428314064,-0.8088862060976321,0.0,0.0,0.0,0.0,1.0,1.0,0.9495140015285275,1
-0.013684472877903251,0.19989495510198088,0.9336792112318105,1.3455594008818876,0.11113470114520285,0.13732200632800215,1.0,1.0,0.0,0.0,0.0,0.0,0.8396942203011257,1
0.011081398159892503,-0.3434043082460141,1.719214452680324,2.4408292017185134,-0.4293909524885178,-0.6577195568334243,0.0,0.0,0.0,1.0,1.0,1.0,3.0687869029083923,1
1.0197700513809675,-1.302424968968197,0.10953511221552899,0.06666823930136898,-0.6024387699873653,1.3153318985849998,0.0,0.0,1.0,0.0,0.0,0.0,1.27979634312788,0
0.25175095367630973,1.2931953482290914,1.294051919619318,0.8731156893398219,0.40734640048866594,1.4739591673618535,1.0,0.0,0.0,1.0,1.0,0.0,0.3865700352674687,1
0.5670231445601169,0.9123434902953037,0.7316101996274758,-0.4199778959481213,0.2143174182919074,0.16449142473204434,1.0,1.0,1.0,1.0,1.0,1.0,0.2259569195839888,1
-2.2977163669447664,-0.6619494527212857,-0.5006452785055885,0.025082686083524618,1.237031128673421,-0.8393676748590819,0.0,1.0,0.0,1.0,1.0,1.0,0.146399685135672,1
-0.5909575768883844,-1.3687180968113764,-0.4795216946938531,2.5027035422881245,1.2615888492291716,-0.20886696931624107,0.0,0.0,1.0,0.0,1.0,1.0,0.2640408386594796,1
-0.4087690268212118,-0.37094882410578894,1.3615385698163611,0.8460522967703601,-0.10749502302478675,-0.6923784437046817,0.0,1.0,0.0,0.0,0.0,0.0,1.5351219061746284,1
-1.2779427575400275,-1.9050963923494832,-0.10337706812646871,-0.9156087796287061,-1.5378258827088154,-1.2637145543944799,0.0,0.0,0.0,1.0,0.0,1.0,1.2502166185001728,1
0.5830951293433696,1.1640456316522356,0.5929267014654679,0.8159476762132287,0.7680545498466383,1.1491964696752677,1.0,1.0,0.0,0.0,0.0,0.0,2.3138924166967647,1
0.40362546506399993,1.374255353016029,0.016897837901238597,-0.13640621247306678,0.33454872416890497,2.2833874103954646,1.0,1.0,1.0,1.0,1.0,0.0,0.21142337661629296,1
-0.7155576187435683,-0.09337340318308257,-1.0863387927038877,0.2503700380248082,0.6222846447387557,-0.5096061038720033,0.0,0.0,0.0,1.0,1.0,1.0,0.008418443599556336,1
-0.5543929795915264,1.0004398611070726,1.336963608857368,0.6524014508924002,0.19715791542457642,1.2114398420352528,1.0,1.0,0.0,0.0,0.0,0.0,1.0041322928758367,1
-0.16555789839798435,0.9456517393684774,0.3642604234323764,-0.6285176371841812,-0.35718289474486836,-0.3226717695182422,0.0,1.0,0.0,0.0,1.0,0.0,0.08574170896259982,1
-1.0304370487884995,-0.28195042680861837,1.0229104541209255,0.10457524985890422,-0.5683224341899554,0.11314131685150369,0.0,1.0,1.0,1.0,1.0,1.0,1.3144408124433598,1
-0.08726313396372573,0.6176311621259437,-0.8818593675166195,-0.37100649788476114,0.43224605822465945,1.0649638702378241,0.0,0.0,0.0,1.0,1.0,1.0,0.5010155814748566,1
-0.47815418187098685,-1.0009837664506978,-1.1898341301577204,-0.3738756588726367,-0.06600049112401554,-0.08942004447059826,1.0,1.0,1.0,1.0,1.0,1.0,1.6623277363008166,1
1.4734413319775546,1.17517818273572,0.6327529483697293,1.548466575632925,-0.11159709061704877,1.141789010165174,1.0,1.0,1.0,1.0,1.0,1.0,2.516000254112769,1
0.07212324507457642,1.2069585541231245,1.8133212152530074,0.0962138462977593,-0.6970299192237157,0.00333097433002833,1.0,1.0,1.0,1.0,1.0,1.0,1.1064285930884648,1
0.2817003952635498,0.3909635989744218,0.38441937270933924,-0.5072034618652321,-1.0225488218268908,-0.17761582653869004,1.0,1.0,1.0,1.0,0.0,0.0,0.556143086497397,1
0.980765629773982,2.924075139947342,-0.013888195208438434,-1.701833505923778,-2.284202573500374,-0.23090108399564682,1.0,0.0,0.0,0.0,0.0,0.0,0.5103936148572504,1
-1.1412618817129996,-1.3058943789520414,-0.633677654233534,0.6614786899936201,-0.4049472670590591,-0.06633791682222934,0.0,0.0,1.0,1.0,1.0,1.0,0.19754880006890385,1
1.666621547609604,0.5369438005840388,1.3697814731595181,0.5583117461165293,-1.5317409835036013,-1.445653742405937,0.0,1.0,1.0,1.0,1.0,1.0,0.189938383159465,1
0.7326378856784878,1.1547771013635804,0.8212385317863338,-0.013070405127676236,0.17008356204363836,-0.07011822535860222,1.0,1.0,1.0,1.0,1.0,1.0,0.3989854945085246,1
1.3975003611344015,-0.3476992215521629,0.0045378915723676,0.9306142741955583,-0.05278754995248898,0.9832455668095974,1.0,1.0,1.0,1.0,1.0,1.0,2.791837916962383,1
1.59923991958382,2.022861384142683,0.6539866265169917,1.177063515297624,0.45799788091393534,-0.9679961822675383,1.0,0.0,0.0,0.0,1.0,1.0,2.8085498736746146,1
-2.2757191454016343,-0.1341220868071976,0.3802408558046568,-0.42394299261036233,-1.6301736926954697,-1.0929414732633613,1.0,0.0,1.0,1.0,0.0,0.0,1.2261205672907685,1
0.49310391050462354,-0.7125877570883837,-0.05358694751555551,1.0409305895496728,0.8639072187478388,1.8322849154787202,1.0,1.0,1.0,1.0,0.0,1.0,2.062885853385496,1
2.175445699414772,1.9178589052718031,0.06073887597686143,0.3586928620706821,-0.47610505913811774,0.21845144949311524,0.0,1.0,0.0,1.0,0.0,1.0,1.3451917262962572,0
1.503199890243566,1.8700103212037238,1.9786153045629835,2.311210582172495,1.2394018232458828,1.154851499254891,1.0,1.0,1.0,1.0,1.0,1.0,1.551228487670186,0
0.07936224495606742,-0.2096470651943872,0.1749109895586317,-0.6822170424596642,-0.5416263595227488,0.36545728117531007,1.0,1.0,1.0,0.0,1.0,0.0,1.1611717529393248,1
0.9178081962482972,0.3708133996482552,0.17538295189461045,1.202870979028832,0.27028042918482786,0.48458162333632554,0.0,1.0,1.0,0.0,1.0,1.0,1.2918596452949176,1
0.25581979294794244,-0.9050726915700144,-1.2874650366002607,-0.2505574493011436,-0.0956829994621059,-0.6067907009212204,0.0,0.0,1.0,0.0,0.0,0.0,1.6045611159058133,1
-1.1763530203229478,-0.5780509437302258,0.46157942846529804,0.8217470822263793,0.09202666338939984,-0.5685738197087223,1.0,0.0,1.0,1.0,1.0,1.0,1.461878830618114,0
-0.9583304832449961,-0.4299638698906858,-0.12058921804958603,0.7021284293066198,1.6372228329396052,-1.0724636922911193,0.0,1.0,0.0,0.0,1.0,0.0,0.4029709100859457,1
-1.2739931186324405,-0.7596854199163978,-0.0749054245479076,-1.6318734089616633,0.14389449231967602,-1.1954241480021286,0.0,0.0,0.0,0.0,0.0,0.0,0.44446156758865124,1
1.1137290313833823,-0.13317138888824945,-0.7095017841553445,-1.7800681897791917,-0.12472972022775652,-0.6155005161706214,0.0,0.0,0.0,0.0,0.0,0.0,0.810510568963013,1
1.0506873950469688,0.09655342314207911,0.6822142354051441,2.2887333269302026,1.7315431525553187,1.6694421750173407,1.0,1.0,1.0,1.0,1.0,1.0,2.9769693245208826,0
0.13346749999392563,-0.45070641522370153,-1.2569649590822187,-0.3774174732692521,-1.2195886047438353,-0.8705270865339506,0.0,0.0,0.0,0.0,0.0,0.0,0.3142142071640493,1
1.2217784927077915,0.6342847323899441,1.25188549295035,0.29926370297471216,-0.24209871663717072,-0.9224587282263119,0.0,1.0,1.0,1.0,1.0,0.0,1.8959376380253323,1
-2.1793900350037188,-1.6827783695360383,-0.5218220352075775,1.1236478613976895,1.02885827263324,0.7166838885779867,0.0,1.0,0.0,0.0,1.0,1.0,0.3137184574070005,1
-0.8893787089399684,-0.33799315893820886,-2.2507328203442074,-0.005721477456195928,0.19002985061580197,-0.6303708442914405,0.0,0.0,1.0,0.0,0.0,0.0,0.7512850958632075,1
0.9921270455705293,-0.34290709619237686,-1.4935442155993965,-0.8375494929713557,0.7068710585766527,0.31029493513940903,0.0,0.0,1.0,1.0,0.0,0.0,0.9554104952696346,1
1.0395375642841842,0.41906741145294657,-0.4637175340408914,-0.4054020451106069,-1.044176672675085,-1.7154486655313907,0.0,0.0,0.0,0.0,1.0,1.0,0.7394900319946549,1
-1.1086631220629022,-0.7319157331452031,0.13878322147425304,-0.7206141213874108,0.15553711833062048,-0.6021967730833375,1.0,1.0,0.0,0.0,1.0,1.0,0.3284598052976705,1
-0.823938951014909,-0.5933813691438391,-1.0370518198866956,-1.087781147972898,-1.2493218934089572,-0.40271988752186505,1.0,0.0,1.0,1.0,0.0,0.0,2.1556804923962347,1
0.8484923436106511,0.7588405963320162,0.6567246396643546,1.353241565775198,-0.3325318834173565,1.0280059409621563,1.0,1.0,0.0,1.0,1.0,0.0,0.8614079555120084,1
-1.4838760974607375,-1.3275403885863162,-0.19310296608379537,1.074482143226948,0.2769179014646019,0.17400863647890827,1.0,0.0,1.0,0.0,0.0,1.0,1.538411445272494,0
-1.6724499305560785,-0.172409402903316,0.3523094253403827,-1.450007276193971,-0.7809919813555994,-1.779530109594524,0.0,0.0,1.0,1.0,0.0,0.0,0.5894019511990957,1
-0.376194979138111,-0.3182461146410367,-1.2169384317876053,-0.5381774410218856,0.6122751682751877,1.3675208175193783,1.0,0.0,1.0,0.0,0.0,0.0,1.8521123295287616,1
1.5971427793183446,0.8046012213035942,0.6581837380691729,0.44974050587532244,0.5240287791635628,1.8238428416174943,1.0,1.0,1.0,1.0,1.0,1.0,4.3851989897046115,1
0.017824567395237426,1.2142930588839578,0.7464149063905489,1.3185215336190772,-0.36638285094263884,0.1484563203467449,1.0,0.0,0.0,0.0,0.0,0.0,0.7045096718960072,1
-0.7862977756157721,-0.43757768848776873,0.6549591053004198,0.5464554968502163,0.137677242165768,-0.6523177707767159,0.0,0.0,0.0,0.0,0.0,0.0,0.7393979505140522,1
0.3992249182322888,1.2634226224737526,1.0646663301869965,1.296762356393376,0.46542489080403243,0.703991061238353,1.0,0.0,1.0,1.0,0.0,0.0,2.6127727635697116,1
0.7741636420889353,1.5095996135619103,0.032918530921696255,-0.8002455643861941,-1.9153031240821392,-0.2585705447999079,0.0,0.0,1.0,0.0,1.0,0.0,0.7594548913002576,1
-0.0015446943271408603,-0.5529274059362163,-0.41773058504312227,0.5404243991417575,-0.15532314981917758,-0.12896060056334335,0.0,1.0,0.0,1.0,1.0,1.0,0.9793593415232817,1
0.8789160324097333,1.9656870787610068,1.133232807604702,1.210513405116082,2.680808563696515,1.0819460273920811,1.0,1.0,0.0,1.0,1.0,0.0,2.406128860144281,1
-0.4370573205342697,0.699817580545187,0.7239410079686316,0.8901553802251906,0.087140076452062,-0.21448609036902824,0.0,0.0,0.0,0.0,1.0,1.0,1.3163626021446722,1
-1.26005304529661,0.01822712485085181,1.5225786067620446,1.4186616927004123,-0.5228976228560962,-2.009052431743844,1.0,0.0,1.0,0.0,0.0,1.0,0.9113903294967391,1
1.0562007814429435,0.9567611952631195,2.3824612253165625,0.316818161802194,0.846686832543968,0.37431665562912536,1.0,1.0,1.0,0.0,1.0,1.0,1.61632442509755,1
0.9402161642730094,0.07824165176855984,-1.4912872111943616,-0.7777284564059272,0.7965820532547768,1.1173534201234345,1.0,1.0,1.0,1.0,1.0,0.0,1.1249036148052198,1
-0.2906386792298204,0.7039349666102566,-0.18694709130068188,0.014287922948703102,0.05126514275280953,0.6862632841478647,1.0,1.0,1.0,1.0,0.0,0.0,0.3734569801230927,1
-0.3756673175826343,0.6325727940474075,-0.9938118716352901,-0.6856479320677402,-0.10074987721421748,0.2638013816173576,1.0,1.0,0.0,0.0,1.0,0.0,0.35904991182909796,1
1.34580306771319,1.5891174500235106,1.7255138981365306,0.11428374292692652,0.9308537076143175,0.6700361089550696,1.0,1.0,1.0,1.0,0.0,0.0,4.537323308949201,1
-1.693423459416032,-1.5810831636345255,-0.6264618713787744,-0.37103176924981207,0.06221115912595656,-0.9109485713711228,0.0,1.0,1.0,1.0,1.0,0.0,0.43141267641923603,1
0.16494319276378108,0.8347459003523345,0.17784919562541185,-0.5475332710212504,-0.774959245738133,0.5073021382759039,1.0,0.0,0.0,1.0,1.0,0.0,0.8916009023755866,1
0.07064401242373977,0.07781899857903511,0.8844505001520118,1.923454845814112,0.20714606897947802,1.5996404280638756,1.0,1.0,1.0,1.0,0.0,0.0,0.16103446854053122,1
0.42869422600866064,-0.39863627523865863,-0.8597753962566838,-0.36300384294383337,-0.991381716587152,-0.079367686888163,1.0,0.0,0.0,0.0,0.0,1.0,1.481205943304871,1
1.6674567102439302,0.9914909888246495,-0.272815057525301,-0.516571941381082,-0.7819945249321748,0.10331648357219635,1.0,1.0,1.0,1.0,0.0,1.0,1.604234892953163,1
0.7796586930931941,0.9541915122069776,1.1680312182590638,-1.1450746893164756,-0.3178702195805037,-2.264521582792247,0.0,0.0,1.0,1.0,1.0,1.0,2.6629655685440876,1
0.5527937904598622,-0.9676354967901329,-0.6785011749100679,0.4897877209287418,0.018987336543833944,-2.5252937693590605,1.0,0.0,0.0,0.0,0.0,1.0,1.6263617878134993,1
1.2142259469312238,1.627544662894919,-0.028489595205820513,0.8349455247723448,2.2838071482812747,0.7961207133862321,1.0,0.0,0.0,1.0,0.0,0.0,0.38301104726323104,1
1.009227651467456,0.7644141963218894,-0.42968488424322837,0.4526388772787649,0.20000199667837365,1.3343610015610232,1.0,1.0,0.0,0.0,0.0,0.0,0.5543118085096304,1
0.9937478230732513,0.07260282451582176,-0.0066589761192196355,-0.6983518744439,-0.1421429729339509,-0.07216470256701155,0.0,1.0,1.0,0.0,0.0,0.0,1.4555797633981244,1
1.8606836127665027,1.2810528474014018,-0.08016916853061652,0.10043596645241548,-0.035815199050127776,0.00164589315887381,1.0,0.0,1.0,0.0,1.0,1.0,3.4202920182760628,1
0.5286942557851623,-0.07466804914289904,-1.0427932571181675,-1.2245486185334298,-0.6881134571525331,0.4007548848595861,1.0,1.0,1.0,1.0,1.0,1.0,0.6203507235661764,0
-0.28357873454821975,0.05299647740418022,0.7370631095823582,0.852045116463735,1.0816755615267002,-1.2733667064072467,0.0,1.0,1.0,0.0,1.0,0.0,0.7435462725266063,1
-0.1952602023479175,0.8776796928641164,0.4345183946046433,0.014338545353496388,0.3434012873044175,0.031577889742266434,0.0,0.0,1.0,0.0,0.0,0.0,1.2144839605202797,0
-0.4103123361669893,-0.42039174005897056,-0.7947863709144342,-1.2755482963384663,0.061098585592831024,1.5924594420162745,1.0,1.0,0.0,1.0,1.0,1.0,0.26697453813114,1
-1.5592374953312442,-1.3434126541998463,-0.11408151371231534,-0.9397977349278323,-0.9158535841975971,-0.8218743809722934,0.0,0.0,1.0,1.0,1.0,0.0,1.0300187338432771,0
0.6844807552739752,-0.6052345540822329,1.5155267503336227,-0.2763464557392376,-1.0808319512999884,-1.103432097585352,0.0,1.0,1.0,1.0,1.0,1.0,2.6528471728721215,0
2.3944346028448997,0.9102040949398654,0.9218084327192181,-1.6738788484561016,-1.1182463162321343,-1.196347361173503,0.0,0.0,0.0,0.0,1.0,1.0,2.764577659677599,1
1.4108972186253967,1.97879759471675,1.0514422728994253,0.45481098642804346,0.18153850740509633,-1.238764116811608,0.0,0.0,1.0,1.0,0.0,1.0,1.6859002882071095,1
0.15231244762844456,1.4135488350318046,1.0853562114924324,0.37480171290750075,0.16731928623032566,0.0003763754614532158,1.0,0.0,0.0,0.0,0.0,1.0,0.446580851484351,1
1.1557030066906953,-0.20749042925216077,-0.47801766732383727,1.0210117100513463,-1.3152705178435418,1.111984954296432,1.0,1.0,1.0,0.0,0.0,0.0,1.1673457887585692,0
-0.9885504023709316,1.148680782858861,0.16612738988409115,1.1178200823643767,1.797524152342576,-0.48542600048210943,0.0,0.0,0.0,0.0,0.0,0.0,0.11925681567906526,1
-0.18102940742666745,-0.6296887088394423,0.08640666462715817,-1.0789522403284895,-1.5432115108146847,-0.14041574763013479,0.0,0.0,0.0,0.0,0.0,1.0,0.49204708608344017,1
-0.7932876146635149,-0.44974453966184985,0.08266821852883703,1.1983526106045916,0.7020150157710882,1.399878718601789,1.0,1.0,0.0,0.0,0.0,1.0,2.0250908554424893,1
0.8022811130664972,-0.4014686668750152,0.9933017791596451,-0.11062171615653783,0.10387244227900688,-1.9019288829578629,0.0,0.0,0.0,0.0,0.0,0.0,1.3737003213802137,1
0.9104952500505431,-0.24274957733288538,0.02438298891846866,0.10119801233926266,-0.5027188808233422,-0.5422074435905584,0.0,0.0,0.0,0.0,0.0,0.0,2.3313404969777993,1
0.24592561043252684,-0.34626433220400654,-1.1645562017192066,-0.3778472764226637,0.14739088655386356,1.903930374135812,0.0,1.0,1.0,1.0,0.0,1.0,0.5900213283784919,1
-0.03144496122679582,1.1006647183780545,0.2656792784902138,0.7384659825998738,-1.3020023345484497,-0.34957001974472435,0.0,0.0,0.0,1.0,1.0,1.0,0.5451796729491946,1
-0.2096480479316911,-0.31791231689499794,-0.027743918267028076,-1.1717115751151301,-0.005744428418416899,-0.22718464927426843,0.0,0.0,1.0,0.0,0.0,0.0,1.6462485789144572,1
2.7177065361747843,1.1263276207147273,2.3154164391421825,0.35437756502338275,-0.9931101939836252,-1.2084845911409485,0.0,0.0,1.0,0.0,0.0,0.0,2.8287639179432604,1
1.585922121622608,1.0128456088916185,1.1687548150165297,0.10560747873441056,-0.026758166761307666,-1.9578102835345048,0.0,0.0,0.0,1.0,0.0,1.0,3.9727104489130864,1
0.30045812464055216,0.3074048994377738,1.1918648480640122,2.492438865272855,1.6699022101640728,0.6683152338611723,0.0,0.0,0.0,1.0,0.0,1.0,1.0164477303132446,1
1.725999574094243,0.7653579796220534,0.8660780212531186,-0.649345280816095,0.1309631128818255,-0.14625935589266284,0.0,0.0,1.0,0.0,1.0,0.0,1.021477222323178,0
0.02374554331872467,0.5734941269030825,-1.2601329749411598,-0.39501260054257,1.0753956304185635,1.1511245699109416,1.0,1.0,1.0,1.0,1.0,1.0,0.32393879535052206,1
0.04859452446083807,-0.9738043811088879,-1.3516186400831822,-0.27925149932294385,-0.32413228098221214,0.6897125611264202,0.0,0.0,0.0,1.0,0.0,0.0,0.17666822207176994,1
0.5206622633148067,-0.23231480075651204,0.24752215026839647,0.495584387210546,1.3157413317157198,0.9699187583852088,1.0,1.0,0.0,0.0,0.0,0.0,0.11320433786558341,1
-0.9154731945979051,-1.471437312918752,0.06556136625291066,-1.364405613255586,1.8457236377940074,0.5502008644593511,1.0,1.0,1.0,1.0,0.0,1.0,0.8865672349228897,1
-0.74008747752808,-1.5342339549082307,0.21816134396535533,-1.544485117873547,-0.8883802603624738,-0.9282531882053053,0.0,0.0,0.0,1.0,1.0,0.0,1.3779466345932492,1
1.6403489956315733,-0.7139628812711071,-0.043908557271783846,0.4024887722631214,-1.5094369720895595,-1.1960103661762698,0.0,1.0,0.0,1.0,1.0,1.0,1.1517788587996254,1
0.3578844596168594,-0.8365950250187648,-0.7487950371787644,0.9825802114120642,-0.534191186114575,-0.4436431517264668,0.0,1.0,1.0,1.0,1.0,0.0,0.7139582993271508,1
0.9759685984380544,1.310784412275365,2.179651409573653,1.3760737853037261,1.732675778961498,-0.6565268399626736,1.0,1.0,1.0,1.0,0.0,1.0,2.9553275623459863,0
-0.2757766690592309,-0.0006362572100137721,0.5196369429626979,0.2874351495138842,-0.7081680665828851,0.6840385602754177,1.0,0.0,1.0,1.0,0.0,0.0,1.600776623146449,1
0.6212225952565437,1.1245733313350934,0.4786384584305225,-0.7003175387075987,-1.4833582625973691,-0.8316469062754351,1.0,1.0,1.0,0.0,1.0,1.0,1.187350302013932,1
1.5312109265323492,0.15120888366823756,1.0100693471596869,-0.19038921692587896,-0.09506230977622436,-0.007883363559219736,1.0,1.0,0.0,0.0,1.0,1.0,1.1393445892107736,1
-0.04312804698055048,-0.10501868835306508,0.29430446440037533,2.775788590239935,1.9668533848765117,1.1305236441791393,0.0,1.0,1.0,1.0,1.0,1.0,0.9990763892943052,1
-1.212813505440846,-0.5273113752903111,-0.19569848331649858,0.11749762214452125,-0.31846503975437274,-0.3412003218952398,1.0,1.0,1.0,0.0,0.0,1.0,1.2431044042301194,1
-0.0400638260123745,-0.7295464005423041,-0.36734606126564784,-1.4167984345727411,-0.7796069283899226,-0.2786366027953621,0.0,0.0,0.0,1.0,0.0,0.0,0.6003225648988791,1
2.401088595496281,0.7603809690646799,-1.1092972137320851,-1.4241360516804755,-0.7782202134094165,0.15522060420381614,0.0,0.0,1.0,0.0,1.0,1.0,1.1146867036358066,0
-0.5464476000725954,1.6166829636829625,1.7405242070464086,-0.8239026640927917,1.1989853747459995,-0.06809819428471094,0.0,1.0,1.0,1.0,1.0,1.0,0.49909628832924985,1
-0.5710654111655112,-0.4026021545228569,-0.9264538983807123,-1.380604894656189,-0.4841914677872508,-1.3321122016514277,1.0,1.0,0.0,0.0,0.0,0.0,0.4117283395125653,1
0.023018301499856966,-0.545186786599334,-0.6955559953182919,-0.6435654309451919,-1.6683148750743546,-0.32258034056106,1.0,0.0,0.0,0.0,0.0,0.0,2.313316264984615,1
-0.8093686385279188,-1.5559121807349516,-1.2946076827149464,-0.6703428066986149,-0.2954143749399819,0.6600883692185007,1.0,1.0,0.0,0.0,0.0,0.0,1.1276089398333764,1
1.0800124360689434,0.19435177343435386,-0.4245796241441977,-1.1706095222081803,-0.8190932572694467,-0.002902558058214836,1.0,1.0,0.0,0.0,0.0,0.0,1.4247232678588135,1
0.23063618673506914,0.24707724058968542,1.7247036045899176,1.2528115049627768,0.9806779363928267,0.7435229280953852,1.0,1.0,0.0,1.0,1.0,1.0,2.087205816383175,1
-0.10277531071407363,-0.29156045084590104,-0.8287249563859198,-0.4791426028005342,-0.43319504746804083,-0.010528567932321856,1.0,1.0,1.0,0.0,0.0,0.0,1.5724826586685936,1
-0.47037245381756504,-0.1984095526232265,-1.1695416930427338,-0.6240321871902181,-0.6048027702208941,-0.73051505396166,0.0,0.0,0.0,0.0,0.0,1.0,0.19509006095153303,1
0.6854398827168325,0.22896935756882397,0.217278775157823,0.6424155286485718,-0.2714899321765899,1.2540513594142677,0.0,0.0,0.0,1.0,1.0,0.0,0.34227938985829126,1
-1.4281958117242561,-0.05756344517925476,-0.07300177056240313,-2.1978183358403256,-2.2145768828958667,-2.438745150627009,0.0,0.0,0.0,0.0,0.0,0.0,0.26996129468676444,1
1.231355007279023,1.0757671064037682,1.1841289112384958,0.7559092273125483,-0.5630589492456077,0.12376403042923856,0.0,0.0,1.0,1.0,0.0,0.0,4.17736381261632,0
-1.5046688836141977,-0.030779284334138766,0.37772519424647216,-0.032066414206169264,1.6400325615523135,0.8387843967285481,1.0,0.0,0.0,0.0,0.0,0.0,0.3716652667451294,1
-0.09981007972654957,-1.346573142399824,-0.4007092306448307,0.9768734128512649,0.6610191651736796,1.7729109350313257,1.0,1.0,0.0,1.0,0.0,1.0,1.4812956209209192,1
0.589764673566931,0.2807665287408857,-1.905934481805378,-0.1097937905991621,-0.4514903399129131,0.13420762187698107,0.0,0.0,1.0,1.0,1.0,0.0,0.4450745317812475,1
2.004475777952901,0.15779286377266588,0.31707499431952013,-0.13233695837353937,-1.2914805651054422,-1.198438099172665,0.0,1.0,0.0,1.0,1.0,1.0,2.3710632364369255,1
1.4006429300279952,-0.1464438835835811,-0.8396478010759275,0.7467516108993877,0.6604607357835598,1.486365818697811,1.0,0.0,0.0,0.0,0.0,0.0,1.0011779398968743,1
-1.1956490823397614,-1.00475031919939,-0.6598178135451724,0.5093952286911283,-0.8187952717215051,-2.1233019660271273,0.0,0.0,1.0,0.0,0.0,0.0,0.31309735917379955,1
1.014353494121872,0.25325536877710597,0.6795006722251166,1.4238035161215843,1.7849271743716546,1.6585301377692145,1.0,0.0,0.0,0.0,1.0,1.0,0.4786569470667771,1
0.8717225970324352,1.1434421677549136,0.8102141580341323,0.5847987203213297,-0.545927624515503,0.681338730657233,0.0,0.0,0.0,0.0,0.0,0.0,1.913766617250978,1
0.015491224666005112,-0.5037907631065444,1.4737465812025083,0.9664915590189117,2.028699731523239,0.48747524885816207,1.0,0.0,0.0,0.0,1.0,1.0,3.432919819720712,0
-2.4797923136154987,-0.7582807933158361,-1.2360138354252188,-0.6505397326414266,0.2477170220170059,0.678832330633318,1.0,0.0,0.0,0.0,0.0,0.0,0.23643425174829752,1
-0.02174192748504849,-1.61789003600918,-2.3016824595707766,-0.5073566792858382,-0.8450926358459253,0.13521218615656425,1.0,1.0,1.0,1.0,1.0,1.0,1.321461790619935,1
-0.731276131999415,-0.9484273411325392,-2.372271605512609,-0.1019121886500111,0.8812650858388188,-0.0873149415879648,1.0,0.0,0.0,0.0,0.0,1.0,0.19344947320915126,1
-0.2322669232843878,-0.04156825212074823,0.37339205699993044,1.1912557034679276,-0.668714335580218,-0.4865042377980939,0.0,0.0,0.0,1.0,1.0,0.0,1.1333025787908613,1
0.237433991097016,0.9347269324886943,-0.6229553715065904,0.9476267633530864,-0.6969676408537588,0.6723754419172058,0.0,1.0,1.0,1.0,0.0,0.0,0.47919943925349673,1
-0.3122205120716844,0.24505190142314412,-0.36474503380146556,-1.1503209352161525,-0.5101530176834942,-0.2969904993343766,0.0,0.0,0.0,1.0,1.0,0.0,0.21340616005724206,1
2.5087113694839194,0.8582869228773877,-0.36808153181598113,0.370085543242899,-0.3398542620043133,0.15273887852315474,1.0,1.0,1.0,0.0,0.0,0.0,2.0213871917989317,1
0.29632261992755343,0.3750534758262764,0.8720650010732235,-1.242680415494125,-1.0058707088232341,1.8550885845862886,1.0,1.0,0.0,0.0,0.0,0.0,1.614620969182923,0
1.2853983865823004,0.3370925085455074,-0.40633307123818363,-0.4276241467642815,-0.10292664508197283,-0.022388444948513966,1.0,1.0,0.0,1.0,0.0,1.0,0.6354338666519038,1
-0.1976752116425962,0.8624574218176793,0.8482993950362874,-0.024751188303017896,0.932339782358175,0.5631736322109281,0.0,0.0,0.0,0.0,1.0,1.0,0.5679391911445643,1
0.41454462419140237,0.836659760195916,0.3933608222655503,-1.2593637593728735,-1.4310612902220463,-0.332721820783567,0.0,0.0,0.0,1.0,1.0,0.0,0.48822629333786394,1
0.23003443221879616,0.5435266433331335,-0.28472024830506504,0.5032334191754092,0.010510586039602412,0.3788881735098078,1.0,1.0,1.0,1.0,1.0,0.0,1.832791426184719,1
0.5202269007255348,2.403210136887678,1.4244732758857643,-0.2780674055482144,1.5831589779948188,-0.33738033459559075,1.0,1.0,1.0,1.0,0.0,0.0,1.7655368094370547,1
-1.5982460536380267,1.9392383210288466,-0.7168241001785591,-0.27436602998935483,-0.363251447895172,-1.3981481649616183,0.0,0.0,0.0,0.0,0.0,0.0,0.11487513102647547,1
0.048010744713153884,-0.08233788720330713,-0.42811748011473505,1.682459361724138,1.2214688072791997,-0.7901193267487645,0.0,1.0,1.0,1.0,1.0,1.0,0.9614076101041542,1
-0.007231291206339463,-0.35358801661210104,0.14792567594507938,0.22625979450471315,0.7169991642387321,0.6194539302884553,1.0,1.0,0.0,0.0,0.0,0.0,1.3132879262379051,1
1.3869574663759638,0.4467179271453143,-1.7255707597790206,-0.48210350769212706,-1.06890841814089,-0.008909366377991399,1.0,1.0,1.0,1.0,1.0,1.0,1.469566576295195,1
-0.05129826754517868,-0.5939405343483489,0.2807173153277247,0.3843354747862081,0.5064873667062114,-0.28175280539884795,1.0,1.0,0.0,0.0,0.0,0.0,1.092704666404748,0
0.9706656485831873,0.8156611337926596,-0.5327301021238648,0.026228829958529824,-0.10647135217714122,0.7944345853589226,1.0,0.0,0.0,0.0,0.0,0.0,1.19998070550919,0
1.053509326804044,-0.023438272972006385,-0.37983158922802523,-0.5299525369717321,1.0161546157631915,0.02468446222377263,1.0,0.0,0.0,1.0,1.0,0.0,0.973353212226295,0
-0.6705608981806678,-0.5490814427756006,0.07384950879688286,0.8305366014150724,0.5844590597315168,1.7099103825258752,1.0,1.0,1.0,1.0,0.0,0.0,1.0637059771766753,1
0.7274675946342619,-0.7059534607239184,0.5280534751797663,0.9717341909038748,0.5835515058043799,-0.2982586282984616,1.0,1.0,0.0,0.0,0.0,0.0,0.7371281909061916,0
-0.6930437132451296,-1.1206888844731946,-0.876426833238538,-0.3333315521847747,0.04933041005267811,0.8701370177366989,1.0,1.0,0.0,0.0,1.0,1.0,0.7072681948377045,0
-0.42645300533617586,-0.6457728840172586,-0.15667730414785322,0.49276218612325606,0.7993401986547053,-0.6646614900636899,1.0,1.0,0.0,0.0,0.0,1.0,0.6583477770561457,1
0.5839774866346605,0.10117819403506051,1.0897564941486015,1.1198199570426517,2.139664369689027,0.9020462574093701,0.0,1.0,0.0,0.0,0.0,0.0,2.15533226584878,1
0.5519907156751975,-0.6819487552446214,-0.2231890393145483,-0.23901950338334868,1.1767981083563857,1.1059336160662316,1.0,1.0,1.0,1.0,1.0,1.0,2.2918080296576124,1
0.3935226886557252,1.5296017331390512,-0.509292392997125,1.077142332538858,-0.8199761870865513,-0.7776947530955535,0.0,0.0,0.0,0.0,1.0,1.0,0.32728361690876684,1
1.129312435992217,1.79068108417419,1.2272756908737896,-0.1365292744248608,-0.03719470373106699,-0.3100557793545069,1.0,1.0,1.0,0.0,0.0,0.0,2.48320873418457,1
-0.3298473434480063,-1.025457265528793,0.49145512814458814,-0.033004006535026775,1.9708020415542598,1.5409720552632475,1.0,1.0,1.0,0.0,0.0,0.0,2.9119651209577153,1
0.49754120488284453,-1.5791546974717565,-0.3479291296162345,-0.8905683140614169,-2.0251065287719174,0.25547009244725927,0.0,1.0,1.0,1.0,0.0,0.0,0.7952373996581878,0
0.1949813536328252,0.3688025677407151,1.2289242953522692,-0.0657099073662988,0.6802398769886597,-0.9672942440813108,0.0,1.0,1.0,1.0,1.0,1.0,0.8870294962970781,1
0.012786895218955407,-0.3496993056888776,-0.41784988124067224,0.8317432644878894,0.4516892861758731,-0.5189021451397768,1.0,0.0,0.0,1.0,1.0,0.0,1.633486007426005,1
-0.9026054701531238,-0.7626086111439053,-0.8588308071735242,-0.69295686748212,0.3447263514747459,-0.030831085990979605,0.0,0.0,0.0,0.0,0.0,0.0,0.7693869382246817,1
-0.7355466708580959,-1.2231998188004436,0.09393629891032794,0.5833161789661022,0.30496698219317997,0.2858945761114193,0.0,1.0,1.0,1.0,1.0,0.0,0.4326486922696164,1
-1.5302191462185801,-0.3549563546302651,-0.649497644322948,0.991086562563115,-0.4242267433080316,0.2568503630648825,0.0,0.0,0.0,0.0,0.0,1.0,0.4374463203925994,1
-1.447854282794361,-0.7229798561694069,-1.3473605504127928,0.9369058911710547,0.029393279748258686,-0.4971174636253627,1.0,0.0,0.0,0.0,0.0,0.0,0.8018863011285138,1
1.170338148566393,0.9444527586393231,1.2200603139699986,0.9554674769967849,1.6115003789565863,0.787215606780818,0.0,0.0,0.0,1.0,0.0,0.0,1.030114317571325,1
-0.33584840356558826,-0.43936244968255506,-0.3459284154557969,-0.42413222100668563,1.0377067220807967,1.4512812955565706,1.0,1.0,0.0,1.0,0.0,1.0,0.27145918608145336,1
1.4191509073829662,0.7739924933455492,-0.4963449676860252,-0.6428403464825274,2.1294934275751953,0.48267347401318794,0.0,1.0,1.0,0.0,1.0,0.0,1.4485643467976361,1
1.3485924247858818,1.1867234450918798,0.21090786989292165,-0.12635781814865846,0.19069003244764648,0.16089252852050348,1.0,1.0,1.0,1.0,0.0,0.0,2.860442389277384,1
-0.49340533643953194,0.07211764841390719,0.13126615419701665,0.09070077208402148,-0.8805521711236548,-0.5952848770929363,1.0,0.0,0.0,0.0,1.0,1.0,1.1922914095760135,1
-1.1967389241388666,0.4677194636829421,-0.38131301655883093,-0.39198387478601865,-0.9023504736631902,-0.5691272414326611,0.0,0.0,1.0,1.0,0.0,1.0,1.2005637866087844,1
-0.659096979959502,1.3347519900509819,1.5866081680599184,1.5959651361174967,2.019078442925319,2.167809865160863,1.0,1.0,1.0,1.0,1.0,1.0,1.4075862810576092,1
-0.3857556235017408,-0.8469864863321775,0.26288354676728876,0.8317513210951369,1.2021168260632575,0.7344748851521288,0.0,0.0,0.0,0.0,0.0,1.0,0.6438223747474149,1
-1.145607253515834,-0.8905727772055959,0.03285202307344994,1.3999607155773452,0.66158758541572,0.5819867140278622,0.0,1.0,1.0,0.0,1.0,1.0,0.8601967809843895,1
-0.6532425245447607,-0.5862489392984829,0.6796251363640452,0.41495723613287055,-1.7895496055249835,-0.4716363140070591,1.0,0.0,1.0,1.0,0.0,1.0,1.0742386739154037,1
-1.0393168581763856,-1.239690957155247,-1.200197357997053,-0.08444226270048741,0.9798820866017871,-0.7900423109503815,0.0,0.0,0.0,1.0,1.0,0.0,0.18142602772158745,1
-0.3288881231518054,-0.291794562371303,0.017991196338117722,-1.7361505526465224,-1.0098967089456645,-1.2696004925866766,0.0,0.0,0.0,0.0,0.0,0.0,1.4322551644814727,1
-0.05742617467674965,1.0465825386765675,0.06103948100581326,-0.05492681708808501,-0.0544639576934986,-0.6775193506594192,1.0,1.0,0.0,1.0,0.0,0.0,0.2813436432517966,1
1.5683528976602246,1.0503030807159421,1.628942054293973,1.0217487798415263,1.1508402460441738,1.1101920561312975,1.0,1.0,1.0,1.0,1.0,1.0,1.3991507753493924,1
-0.05879965842930662,-1.250391699846291,-0.9071541968621325,-0.2852843257901205,0.4364266791806842,-2.238746228377618,0.0,0.0,0.0,0.0,0.0,0.0,1.4020050990630455,1
0.698341609854336,0.25116118003108856,-0.9442194510227623,0.39001291502587027,-0.9809820772368434,-1.4496381949027535,0.0,0.0,1.0,1.0,1.0,0.0,0.9318427365356905,0
-1.850144565762992,-0.41036801454097804,-0.5531297379593597,-0.8906992169746489,-1.2916873979897705,-0.7290581415620286,0.0,0.0,0.0,1.0,1.0,1.0,0.356904266174036,1
0.12854905136822473,-0.0298930539028086,-0.821456239669412,-2.0128014309166065,-0.6187043444579325,0.6550400075312359,0.0,0.0,1.0,1.0,0.0,0.0,0.8502075005431438,0
-2.2303179370400494,-0.2508835734041825,-1.1944425509867451,-1.1701466562753637,0.9978127391244743,0.8353497030343078,0.0,0.0,0.0,1.0,1.0,1.0,0.1353752054467683,1
-0.05450915821772206,-0.8374229057134469,-0.3193724661370176,0.12466580139087304,0.21652045401465356,-0.4098797019104723,0.0,0.0,1.0,0.0,0.0,0.0,1.2126036882856743,0
-1.7537381811777888,-0.19424010839734496,0.16408395221198252,-1.9090481805497361,-2.030084501663893,-1.7440572862319235,0.0,0.0,0.0,0.0,0.0,0.0,0.15397061857011526,1
0.7194425432637114,-0.5069110756177827,-0.5279631387373874,-0.8342003924345001,-0.016635816528696685,-0.9461399911722103,0.0,1.0,1.0,1.0,1.0,1.0,1.795819538735352,1
-0.9845772000053573,0.3988630785653491,0.7574550050027075,-0.06634563749363977,-0.5117485406605481,1.2615530544101778,1.0,1.0,1.0,1.0,0.0,0.0,1.2595971122130896,1
0.02253139144800734,-0.47403842110860595,0.2363683443054057,1.7529535893897996,0.2386684511697553,0.9172833050916405,0.0,0.0,0.0,0.0,1.0,1.0,1.495352040770983,1
-0.5016916387698974,0.8264730928587889,-1.1476101313666038,-0.20428887449396996,0.0004224231998640003,-0.1265862302572041,1.0,1.0,1.0,0.0,0.0,0.0,0.16194044018414158,1
0.3238520383155127,0.8269721544385606,0.2106685384966001,0.3132263022129127,0.4078719809572675,0.9124066625636454,0.0,0.0,1.0,0.0,0.0,1.0,1.2772462378421627,1
-0.854362673402872,-0.49883703518939826,0.06828012525143407,0.17467553641063807,-0.5162055518392134,-0.05871107797061717,0.0,0.0,1.0,0.0,1.0,0.0,0.3174141055976186,1
-2.664355179036832,-2.6172971127085205,0.25417443570932235,-0.5509503464250237,-0.7046734399076647,-0.6941922898138572,0.0,1.0,0.0,0.0,1.0,0.0,0.47788290217353774,1
2.0619979258648904,-0.45825956430038606,-1.2206047207913153,0.261376536392767,0.11763272428690597,0.6071115777239308,0.0,1.0,1.0,0.0,0.0,0.0,0.8468547560976618,0
0.679229401312034,-0.3231281022014669,-1.2851612171614517,-1.1483136118559316,-0.7690090252804611,0.6356182674772882,1.0,1.0,1.0,0.0,0.0,1.0,1.2460314809218596,1
-0.06287035660281363,1.25475859939042,0.2726664476893117,-0.1859246646798599,-1.9414532447442128,-0.4678064329587479,1.0,0.0,0.0,0.0,1.0,0.0,0.9863808914295346,1
1.3880514904440397,1.142934133968715,-0.36253852824149146,-0.7509043982087924,-1.7786736954128977,-0.22595258620720854,0.0,0.0,0.0,1.0,0.0,1.0,1.850922803441583,1
0.15106751783178823,0.1551546232978133,-0.16107396651190825,0.18838407676920121,0.4897180832075482,0.038673077324713236,1.0,1.0,1.0,1.0,1.0,1.0,0.5493509451602986,1
-1.2191760251866,-0.7466256054991376,0.021307017961113856,-0.05497008607631782,0.8411145366537268,2.6877013161931274,1.0,1.0,1.0,0.0,1.0,1.0,1.690473633927124,1
0.8804790372922078,-1.2679270750976404,1.2111097140624103,0.09964428232857662,0.9314372193999586,0.8716333641634986,0.0,0.0,1.0,1.0,1.0,0.0,3.1595937248693646,0
-0.8917809742193322,-0.45187013382422225,-0.782135814505083,-1.560527929916919,-0.4122315015304479,-0.669032672600636,1.0,1.0,1.0,0.0,0.0,1.0,0.0863374425058089,1
-0.8716895773799896,-0.6824149787182429,-0.5255873801076957,0.43323145864634793,-0.7259035094287699,-1.0386052528519747,1.0,1.0,0.0,0.0,0.0,0.0,1.9034889135626367,1
-0.700824453634196,-0.8434994457163102,-1.8336566532558567,-0.9020321121538343,-1.4623045418260354,0.299473750904537,1.0,1.0,1.0,0.0,0.0,0.0,0.7960377952071472,1
-0.4527152383701209,-1.133834019989402,0.06934607138791202,-0.13179270924760558,-1.13555386774384,0.45275947982162257,1.0,1.0,1.0,1.0,1.0,0.0,1.0184262069131662,0
0.0656353729907182,-0.6901180687869597,0.030254319595666823,-0.10849944253088932,-0.7607664292757313,-0.3173691548653523,0.0,0.0,1.0,0.0,0.0,0.0,1.7514789772876125,1
0.4942293853126167,0.6264723526564214,-0.08194486109248819,1.2891800534073614,1.1161877757086867,0.5308873197279981,1.0,1.0,0.0,0.0,0.0,1.0,1.1213561103521468,1
0.8542754734825139,0.6657242155052547,1.5486257889912174,-0.20632084273011814,-0.662360578402437,-0.787140062673321,1.0,1.0,1.0,1.0,1.0,0.0,0.45744721522479015,1
0.36809930258136037,-0.07276368297335095,-0.6182387840760198,1.4555283322500678,-0.014144739399234338,-0.060990175278473925,1.0,1.0,1.0,1.0,1.0,0.0,3.4650713016950014,1
-0.965973997956094,-1.0450714323010613,-1.684315408811427,-0.9478469806254372,-0.3660427581258256,0.01455096081670454,1.0,1.0,0.0,1.0,1.0,1.0,0.3354816049472569,1
1.0989849168033299,0.21885741836849612,-0.6986498646535363,1.360270248945623,-1.2926094023759513,-0.5211674718258069,0.0,1.0,1.0,1.0,0.0,1.0,0.8099493437043713,1
-0.1543908136430946,-0.443327823548779,0.6667899493215024,0.7568486072754247,-0.749963498198247,-1.1764766812718996,0.0,1.0,1.0,0.0,0.0,0.0,1.083625846923268,1
0.3911843637575713,-0.5751499889520576,-3.1511322125629637,-1.579100341941966,1.0819043476128531,0.9964199946404493,1.0,0.0,1.0,1.0,1.0,1.0,0.6813685970961384,0
2.347688082021064,1.2590670125726857,-0.9818796836595409,-2.0916711990354053,-0.18063348707973859,-0.33109238136837954,0.0,0.0,0.0,0.0,0.0,1.0,1.2012831588701112,0
-1.0287931528352408,-2.400175770066067,-0.5814428796095557,-0.37186889066587064,-0.9370295901922051,-0.8566114453523533,1.0,1.0,1.0,1.0,0.0,0.0,0.9302962695935546,1
0.7585111797254693,1.9575650949500603,0.061938146713195544,1.019096875241168,0.19931013973635803,0.3281382179880622,1.0,1.0,1.0,0.0,0.0,1.0,0.4051258032160051,1
-0.30649644467200304,-0.21767994735192156,-1.4050166098675623,-0.5487435213488062,0.896532316361965,1.4929478501089573,1.0,1.0,0.0,0.0,0.0,1.0,0.22509059326698444,1
-0.9759435483376481,-0.8121656778863985,-0.42600280889561815,-1.3740635497232634,0.3740463628844667,1.021070154727502,1.0,0.0,0.0,0.0,1.0,1.0,1.3431510323571438,0
1.0418388796975384,1.4016205806430713,1.2935625736827958,-0.334660274842426,-0.33474406608869955,-1.0466191448865465,1.0,0.0,0.0,1.0,1.0,0.0,2.0463933617904133,0
-0.8905128031877663,0.22653357771119095,-0.3484797786094983,0.004413191382725297,0.1579656616358411,-0.3959166799293564,1.0,1.0,1.0,1.0,1.0,0.0,0.27895881845927156,1
-0.2653741455240957,0.4066001165839572,0.5760599771275465,-0.781311365612215,-0.36325510040995723,0.038808216689399044,1.0,1.0,0.0,0.0,1.0,1.0,1.39999777307765,1
-0.9727853767781665,0.035931972731344596,-0.47207832979600445,0.18628848809340537,-0.21341921560871568,0.531878192825932,0.0,0.0,0.0,0.0,1.0,0.0,0.2816379854854902,1
0.731640722221335,0.46853977414383385,0.8168494706283256,0.419301734323432,0.6772290367415233,0.43745376339685854,0.0,0.0,0.0,0.0,1.0,1.0,1.4162394139922192,0
0.45946489152587,-1.2661647781138983,-1.9063149908337522,-0.7797127479698119,-0.3667688237193455,0.436888562939788,1.0,1.0,0.0,1.0,1.0,0.0,1.6296239475205077,1
0.1228135729831067,1.9171945427195798,0.9215631705771514,-0.1062157922293945,-1.446254628775688,-0.9341715604997338,1.0,0.0,0.0,0.0,0.0,1.0,1.8725377679187716,1
-0.23349300683656374,-0.22370525578636194,-0.8647255410697104,0.506871247849712,-1.4462262643748987,-0.033024311920232495,0.0,0.0,1.0,1.0,0.0,1.0,1.3754761548180694,1
-1.221122384194744,-1.4069457466785564,-0.7644018947326463,0.08440138613611267,-1.888112476925148,-0.1916504324772047,0.0,0.0,0.0,0.0,0.0,1.0,0.6217392343492497,1
0.530062811477784,0.3291692057690341,0.4995301084770134,1.1750150865962756,-1.5377756859847043,-1.1691443979792986,0.0,0.0,0.0,1.0,1.0,1.0,0.6011552566773593,1
0.3611689269056381,-0.1635297051416423,0.3779020309325299,0.3240732401101517,-0.7958582330461483,-1.0612577843433109,0.0,0.0,0.0,0.0,1.0,1.0,2.256813830288821,1
1.7914486983864095,-0.13462535536655654,0.04063415160354554,0.16388868135615683,1.040259378887906,0.6461557099188737,1.0,1.0,1.0,1.0,1.0,1.0,5.475454887134662,0
0.9032628547635386,2.4659442518691983,1.9725020900682249,1.6475080906749064,0.9156631802235298,0.013399469354755245,0.0,0.0,0.0,0.0,0.0,1.0,0.4913899202320543,1
-2.1950858737990173,-1.0531043257322703,-0.8002487781612408,-2.0223268283091196,-0.4670308827596204,-0.4643224754799884,0.0,1.0,0.0,0.0,0.0,0.0,0.13874602008182552,1
-0.657649532622193,-0.38761815829834106,-0.7608067993468484,-0.4762516756656312,-0.04839467039827309,-0.2856467283007781,1.0,1.0,1.0,1.0,1.0,1.0,0.24613962665160977,0
-0.23116876233565067,-0.32115555661488526,-1.162728989613104,0.09688666685467871,0.9490861130279314,0.04132084223176525,1.0,1.0,1.0,0.0,1.0,0.0,0.6633889490297692,0
0.21059932674544882,1.8810015948285987,0.8450851018190609,0.7463740540836877,0.9065081275069377,0.042925153225068395,1.0,1.0,0.0,1.0,1.0,1.0,0.43168521782896735,1
-1.6208206051719511,-0.05875937926354327,-0.1696057261589513,-1.3684950587349076,-0.9821051732638616,-1.2383684061559403,0.0,0.0,0.0,0.0,0.0,0.0,0.655889235799373,1
-1.236886314400786,-1.1598001679470595,-0.4620431543998495,0.30583049054369965,-0.06638171972791504,1.7163996085615798,1.0,0.0,0.0,0.0,1.0,1.0,0.4456963436133334,1
0.8304809519157612,0.1031995973408943,1.561264578617303,-0.4022663836294492,0.071752061997179,0.17718806810035542,0.0,0.0,1.0,0.0,0.0,1.0,0.8979649966713278,0
-0.23826363282027443,-0.09748123944546774,0.05754728827252076,-1.3364938060952496,0.10345829595927877,1.7164458926724273,1.0,1.0,1.0,1.0,0.0,0.0,0.9997624380003719,0
-0.585203554212583,-0.8129403897204057,-0.9460885809615965,0.42899824776946965,-0.8471769274071411,-1.5053611231086075,0.0,1.0,1.0,0.0,0.0,0.0,0.7109829725263587,1
0.6111038387416026,0.19201254319074973,0.10627220401468984,0.07501750131421037,1.5233254895564274,1.751234728433634,1.0,0.0,0.0,0.0,0.0,0.0,1.1504019615076708,1
-0.27848479285552363,-0.811736926549112,0.9940252609229596,-1.1050568592624987,-1.1636387539884046,0.8297973145264298,1.0,0.0,0.0,0.0,1.0,0.0,2.217931692368739,0
-0.18356002564128357,-0.3735813180418838,0.5211114002310987,0.6508386415918185,-0.06516138667743991,1.177076166514529,1.0,1.0,1.0,1.0,0.0,0.0,1.7491071617258567,1
0.16934123190008474,0.7179762462874356,1.4484958808215165,0.9815518741867255,1.820295977364369,1.901732450280777,1.0,1.0,0.0,0.0,1.0,1.0,1.6357798752689177,1
0.2948171728799363,0.1877413299994609,0.5844455114640946,-0.44444122149900084,-0.6061398087411677,0.318526751033631,1.0,1.0,1.0,0.0,1.0,1.0,3.4600437972176334,1
1.6553177651192459,-0.9291273847261854,-1.3803783289940046,0.39807968203697225,-0.9595239949309308,-0.6692471809190298,0.0,0.0,0.0,0.0,1.0,1.0,0.5260080127786205,0
-0.9457784491805349,-0.2579110281936055,-1.0816926986520294,-2.2235402739680437,-1.0588385208479132,0.5415963897277519,1.0,1.0,1.0,1.0,0.0,0.0,0.8761454302413939,1
-0.6393930869001221,0.28369770308465236,0.11470807662607338,-1.5414957343774585,-0.32929832477001025,-0.7903198944225217,0.0,1.0,1.0,1.0,1.0,1.0,0.4264686087542799,1
-1.8554156141969866,0.8007533556795768,-0.9795625294434264,0.12289065599857284,0.2371516749761287,0.39076227320032636,0.0,1.0,0.0,0.0,1.0,1.0,0.06449258767128871,1
0.8057126567375161,1.0202340124795868,1.35045522297879,-0.0032609551195231148,1.1088105082871802,1.0211640173580627,1.0,1.0,1.0,1.0,1.0,1.0,2.908982573367944,1
-0.6157698230807915,-0.45953803868771376,-0.01049902549349919,-0.02724944761766704,-1.0466903400908312,-1.0467371267604304,0.0,0.0,1.0,1.0,1.0,0.0,3.4401354882078135,1
-0.5080650409553155,-0.3761723575712322,-0.7439471804220084,0.19633676217853552,1.2679396321604723,0.0747469017928447,1.0,1.0,1.0,0.0,1.0,1.0,0.7546698799848863,1
0.8796970258237226,0.7747093840125201,0.35206126409533195,0.32114834488884375,-0.035702376722353775,0.8547270333205325,1.0,1.0,1.0,1.0,1.0,0.0,1.0167164037750553,1
-2.1334186067687395,-0.40427995766966335,-0.6832856871218231,0.6186113562275942,0.5698095864869431,-0.6029989072414361,1.0,0.0,0.0,0.0,1.0,0.0,0.034950828401259404,1
1.8090378926803017,0.1404329471649701,-0.4078235414785004,-0.3114817710324904,-0.927215523586125,1.0707957970092716,0.0,0.0,0.0,0.0,0.0,0.0,2.813723243024804,1
-0.9403771931562055,1.5131352355929137,1.9318521865495637,2.269707932162426,1.064572054152627,0.3819833229491998,1.0,1.0,1.0,1.0,1.0,1.0,0.636340100472306,1
-0.9524666699344303,-0.11695640920222641,-0.07822813030592338,0.0016251673150561162,-0.06474108965043054,0.18494945464027676,1.0,0.0,0.0,1.0,0.0,0.0,1.0644202827977551,1
-0.7760112801016331,-0.5635257736695294,-0.4544257112373409,-0.13795277602874823,-0.9118513295947192,-0.5646265228894226,1.0,0.0,1.0,1.0,0.0,0.0,0.6562385586305796,1
-0.6944956014117999,-1.097397275132517,-2.0392297441062284,-0.9093696473891905,-1.732947618256871,-1.05647422637801,0.0,0.0,0.0,0.0,0.0,1.0,0.5457581752313183,1
-0.433388376873769,-0.6989593575977862,0.39903215875656717,0.502145455254249,-0.3459319256367641,-0.6825029211671675,0.0,1.0,1.0,1.0,1.0,1.0,1.1777620022875537,1
0.28887299023489776,-2.2838298507537234,-1.3168541136291723,-1.2536827048327763,-0.564167297492234,-0.6135017578227205,1.0,1.0,1.0,1.0,1.0,1.0,1.0062799754391492,1
0.9854789831356755,1.665917066702269,-1.022901985295885,-0.7490266998325502,-1.447132724259196,-2.1166282593583943,0.0,0.0,0.0,0.0,1.0,0.0,0.18620138527934002,1
0.4103382072566242,-0.4433324126005689,-0.5113144110523654,0.08484834009963281,-0.038606769283708195,1.8784910080743586,1.0,1.0,1.0,1.0,1.0,0.0,1.5016262627738797,1
0.3660739506795561,0.4272787647166177,1.1663947799956553,0.1011411122533632,-0.005798018108290123,0.9629294361446519,0.0,1.0,1.0,0.0,0.0,0.0,0.7216706053533928,1
