-1.211888253375321,0.5967935342219022,-0.38243414909686785,0.5325919681566469,-0.09882926880508537,-1.4878678620852932,0.0,1.0,0.0,0.0,1.0,0.0,0.0534362999961483,1
-0.5076484336353643,0.08918482703297595,0.6501600121646315,0.6290194815682243,0.9860128551908978,1.4305028977991463,1.0,1.0,1.0,1.0,1.0,1.0,2.0701337225585874,0
-0.8327220151820826,-0.07132007214001201,0.16488187392389228,0.7755629429127057,1.1759086804843,0.015902101781497226,1.0,1.0,0.0,1.0,1.0,0.0,1.4399278503956192,1
-1.1290119072593194,-0.5302716019439904,-0.8786175074454474,-1.4087378754423572,-0.3981976125874505,0.2273646407987428,0.0,0.0,0.0,0.0,0.0,0.0,0.3737837513513684,0
-0.3063381028623928,-0.055056220182299456,0.35012348494344947,-0.24835983328978314,-0.33969970498263197,-1.5023128410240385,0.0,0.0,0.0,0.0,0.0,1.0,0.6044751538890266,1
-0.46544301132729565,-0.07954248235979598,-0.49718953364477086,-1.0249812197546317,-0.565493612837216,-1.402676723752329,1.0,1.0,1.0,1.0,0.0,1.0,0.32247058764205866,1
-1.1290606416066318,0.4096795884265279,-0.047855127966959385,-1.11495632141017,-0.6463229024034625,0.2136751469240171,0.0,0.0,1.0,1.0,1.0,0.0,1.0126181696048606,1
1.1712011099367499,1.9020360830896308,0.5535852451404526,-0.33701855590384355,-0.06252628653190709,-1.01626741309367,0.0,0.0,0.0,0.0,1.0,1.0,0.7262009284494784,1
0.6006688323217353,-1.2466787092282177,-0.22244693279812472,-0.22960599020296027,0.36246411999715966,1.635777261332441,1.0,1.0,1.0,0.0,0.0,0.0,1.1793875437930927,0
-0.9113696898134421,0.5986475105662467,0.8971336254784853,-0.43838393908022916,-0.6750101864275857,0.9719750809118756,1.0,1.0,1.0,0.0,1.0,1.0,0.7994271062387888,1
-0.12050928405050106,0.010721900345017831,0.03378270972102778,-0.31832566203051715,0.23373079237803304,-0.6319260356422107,0.0,1.0,0.0,0.0,1.0,1.0,0.5579711024954132,1
1.6927311796354079,-0.026515408540821402,1.145313256895644,1.9841020300740309,0.30544408139627144,0.7622306957340929,1.0,1.0,1.0,1.0,1.0,1.0,2.7262857171337367,0
-1.6092493399014207,-1.8842790265221763,-1.0180189264994692,-0.48645225211801374,2.1082325890595004,1.0144464961937179,1.0,0.0,0.0,0.0,0.0,1.0,0.57589012267437,1
-1.1454153821318742,0.26611320853822523,1.2347095997459794,0.6215950098017762,0.11192748400905618,-1.0236490745445537,0.0,0.0,1.0,0.0,0.0,0.0,0.6997739311851974,1
1.645042777599509,0.5489281931855153,1.656876931923745,2.0240402184854887,1.1986326841474066,-0.10360860525440296,1.0,1.0,1.0,0.0,0.0,0.0,3.646682376814643,0
-0.3378301371886814,-0.08707928423848126,-0.04894029579294818,0.3707350597872016,0.33864187316046546,1.0296435038296738,1.0,1.0,1.0,1.0,1.0,1.0,1.744575837360724,1
0.32227161697096396,-0.08702298977690669,-0.1339293895746046,0.02063951269474589,-0.7712323409110728,-0.4112417693161556,0.0,0.0,0.0,0.0,1.0,1.0,0.8063513341587081,1
-1.5580670399113838,-0.20117739777365,0.3212234804994657,-0.7639328656460735,-0.0542787439462036,-1.0594401514507021,0.0,1.0,0.0,0.0,0.0,1.0,0.5546083460579821,1
-1.0162801860180517,-1.3390117422018728,-0.5034973751926322,-0.941418406145476,-1.1353410779638338,0.03405258890294134,0.0,1.0,1.0,1.0,1.0,0.0,0.6155784286709733,1
-0.2820100698876672,1.7277151116158023,0.7177931420095491,0.03668921900691065,-0.29012219710931364,-0.989392674317817,0.0,0.0,0.0,0.0,1.0,1.0,0.6360836248838627,1
-0.7067476198046303,-1.2873194000590038,-1.0237894934507759,0.4030594013873995,-0.22013234125807443,0.3105441121513266,1.0,1.0,0.0,0.0,0.0,0.0,0.8164909557629177,1
-1.11037922421366,-0.9048858232405643,0.13289700066349844,-0.33282692455582524,-0.11312674074187004,0.10490269300116402,0.0,0.0,0.0,0.0,0.0,0.0,1.6017184636997241,1
-1.6611459035627063,0.22278747522858378,1.586537726700188,-0.10641639144966648,-0.9468095156392653,-0.43758185105605196,1.0,1.0,0.0,0.0,0.0,0.0,1.070765279826475,1
0.2396949080862918,-0.7111928226211315,0.44735482295740087,1.3307660227735858,0.7306268787710671,-0.700523463960648,0.0,0.0,0.0,0.0,1.0,1.0,2.220429987585003,1
-0.2200881420777524,-0.41875400014534014,0.8163876401651181,2.4945638379425166,2.819524552208195,1.9062160156586023,1.0,1.0,1.0,0.0,0.0,0.0,2.6926521851967404,1
-1.4790522221159617,-1.201742892599077,-0.7242286814887204,-1.5247427470632107,-0.9145903061109525,-0.3195707134479166,1.0,1.0,1.0,1.0,1.0,1.0,0.7385367312387434,1
-0.7878146961195471,0.8801578471695632,-0.4024871570707226,-0.5046458552978778,0.17061435655169702,0.5309773846746382,0.0,1.0,1.0,1.0,1.0,1.0,0.5775305342873521,1
1.1902650052445065,0.2521053629572357,-0.7512831482923964,-2.7852782428209886,-0.5667863081716634,-0.4855938306466687,0.0,1.0,1.0,1.0,1.0,1.0,1.6213282666287887,1
-0.7671938807550778,0.43671850724357714,-0.9621536613748637,0.04279235221666423,0.18463050684861992,0.11093252648146218,1.0,0.0,1.0,0.0,1.0,1.0,0.5790468739417932,1
1.1742616905003032,1.6383394650845688,0.5875398827889046,-0.158022038507841,-2.2224053990488994,-1.8361004449540343,0.0,1.0,1.0,1.0,1.0,1.0,0.3286214938668185,1
0.5552225825348277,-0.3804145699389501,-0.3859357461841146,-1.5727451066224927,-1.6738916862033062,-0.10734709571741698,1.0,1.0,1.0,1.0,0.0,0.0,1.4104675495456664,0
0.2754311616920178,-1.72702890837629,-1.2085238962336806,-1.2650995241819474,-0.8262353513736044,-1.075825142453386,0.0,0.0,0.0,0.0,0.0,0.0,2.0899110554584137,1
0.15436736950678348,0.7926882646076117,0.06555350425606776,-1.3993130791959545,-0.970462111090968,-1.4869000758849966,0.0,0.0,0.0,0.0,0.0,0.0,0.48400599431305147,1
1.0411959664025006,-0.08057626654012687,-0.12881778743918312,-1.0902969187787541,-0.5189443351034537,-0.30933992412423095,0.0,0.0,0.0,0.0,0.0,1.0,0.4016162130993232,1
0.7105738816551437,0.5238341710222515,0.8110058853916625,1.0557684930155449,1.9694559011542756,0.04702869966047075,1.0,0.0,0.0,0.0,0.0,0.0,2.5290916776950088,1
-0.9435733827684244,-0.7034355144138342,0.697822837745861,0.14450543945203165,0.4732582844137421,-0.37301886395976996,0.0,0.0,0.0,1.0,1.0,1.0,1.0180435991420602,1
-0.03181012524926091,-0.507188653930475,-1.2744427873276167,-0.8593260299036808,-0.7970725047799152,1.0147870378343535,1.0,0.0,0.0,1.0,1.0,1.0,0.6212550966329686,1
-0.39560029748119163,0.2535670376151489,0.09716080345053246,-0.17133719362396363,-1.3368677630867705,-0.6953663747690447,1.0,1.0,1.0,1.0,1.0,0.0,1.6175829398845931,1
-1.502735705587976,-0.4964141345915742,-1.0892196707203652,0.07893235321890003,-0.0036091272363263298,0.44327597412291364,0.0,1.0,1.0,0.0,1.0,1.0,0.4577145137920624,1
-2.6084529735260062,-1.4466088520908569,-2.532898859430757,-1.0907683909139712,-0.42389209222093055,-0.5451624928867311,1.0,0.0,0.0,1.0,1.0,1.0,0.24625513371530383,1
1.0811752428958088,0.8709681657575242,1.4547438132720178,0.8067688263686963,0.43038142661449463,1.3328307375859492,0.0,0.0,0.0,0.0,0.0,0.0,0.36986027863184173,0
0.3380310432421786,1.6497493403293249,1.1969783664735938,0.09871998671262673,1.9935313605781964,1.5744962452989868,1.0,0.0,1.0,0.0,0.0,0.0,1.781011741096576,1
1.6593855092210497,1.3907517307614892,1.7427627422256702,0.3451372206795075,-0.4396049197859605,-1.3261301464057293,0.0,0.0,0.0,0.0,1.0,1.0,3.96182324119275,1
-0.2055809919169956,-0.20314695331550733,-0.8972298219919128,0.6709069833682426,0.18395320428788187,0.9851218353662335,0.0,1.0,1.0,1.0,0.0,0.0,0.8097271499276395,1
0.0290299983962466,-1.719100419479032,-0.5258696310972963,0.9166369897763986,1.4022807089449438,1.1481322034626686,0.0,0.0,0.0,0.0,1.0,0.0,0.4941304593029925,1
0.23705522091053996,-1.0258044392766934,0.5759974862444902,0.52449720220616,-0.9029101332278023,-1.5320833041553927,0.0,1.0,0.0,0.0,0.0,0.0,2.1117613428061124,1
-0.043288344896962955,0.6519325133229918,-1.1995203839427606,0.48396681230492933,-1.5636749598553379,-1.7910857065354213,0.0,0.0,0.0,0.0,0.0,0.0,0.6067967070042176,1
0.2320236947752538,2.017723048645466,0.7774288725914318,0.9061589893363126,-0.07332094567356673,0.014874976628042423,0.0,1.0,1.0,1.0,1.0,1.0,0.28233937365885015,1
-0.48669938360282705,-0.15397498218563485,0.4963673583884997,0.6268074428443431,0.33544555108980717,0.4266681846722023,0.0,0.0,1.0,0.0,1.0,0.0,1.606071282077271,1
1.3440982324737114,0.561666650202511,-0.005459925773436303,1.1744219203164334,-0.0468284999939667,-0.7479703264522963,0.0,0.0,1.0,1.0,1.0,1.0,0.6721417436540665,0
-0.6533958148803504,0.3100687166393084,0.02699816484685812,0.8888345965406151,0.4014323290585281,-0.36222809730904015,1.0,0.0,0.0,1.0,1.0,0.0,0.7952850572142958,1
0.26582001030446106,1.540760852301584,0.2418353444531809,-0.2075374433928601,0.3351442777725303,0.4198969500684528,1.0,1.0,0.0,1.0,0.0,1.0,0.8845232820081582,1
-1.0338191793501563,-0.10586486821682287,-0.08142546976947716,0.18629633599664,-1.0039410067604317,-0.9713266041040237,0.0,0.0,1.0,1.0,0.0,0.0,0.868633455289053,1
-1.9797089429873418,-1.1018557704814995,-1.0100312018397153,-1.061621311328146,2.3124101572791282,-0.6986420921314995,0.0,0.0,1.0,1.0,1.0,1.0,0.44949889831849643,1
0.6774046843235001,-0.047381376389752365,-0.8354673387041115,0.09452973557301023,-0.5796686971431015,0.6558890362186542,1.0,1.0,1.0,1.0,1.0,0.0,3.383093947392142,1
1.3300498172887842,0.9229066215963129,0.16380517281610382,-1.3719271094818815,-1.0859977931546934,0.14881513228686077,1.0,1.0,0.0,0.0,0.0,0.0,0.9999530207912052,1
0.20380403355912402,0.3940645452257534,-0.47141055259350534,-0.6374024936048391,-0.8081257295469231,-0.441703393249837,0.0,1.0,0.0,0.0,1.0,1.0,0.9925614193608766,1
-0.2479129139501685,-0.6562146235943761,-1.049154063342296,-0.8414523927782431,1.4587172115320448,1.0702164814616795,1.0,1.0,1.0,0.0,0.0,0.0,1.1370196617717372,1
-0.03645443143943714,0.746946256985874,1.6982024594715723,-0.36151688823327194,-0.060154623997417105,-1.3188445586273654,1.0,1.0,0.0,0.0,0.0,0.0,2.8786195363287597,1
-0.5760881136896459,-0.5235425581660103,0.8068502011445121,1.7182759338634204,-0.22980351075145672,-0.7936473170074979,0.0,1.0,1.0,1.0,1.0,0.0,1.0458822458279884,1
0.5874488554856248,-1.1105070468878246,-0.9418269431237002,0.3370251042524483,0.3101661740281483,-0.9657985589563582,0.0,0.0,1.0,1.0,0.0,1.0,1.1662756698403456,1
1.3851974781397862,-0.18298874878517088,-0.04436060756258155,0.41878140449814333,-0.7837000860592711,-0.5857385211049018,1.0,1.0,0.0,0.0,0.0,1.0,0.9330924367656723,0
-0.5673822105343415,-0.6508704619551986,-0.24527481088681236,-0.17412022324569282,-0.28135091404514323,0.3531413382044233,0.0,0.0,0.0,1.0,1.0,1.0,1.3347098774421937,1
0.23054482973046983,0.3578927101422132,0.5077305362243878,1.0298296079226308,0.19053542826797257,-0.4208784168788573,1.0,0.0,1.0,0.0,1.0,1.0,1.141278783088621,1
-0.13878266339426962,-1.4592150027739184,-2.137010019719471,-2.2940917725170533,-0.737280044259977,-1.2101210201252028,0.0,0.0,0.0,0.0,0.0,0.0,1.1069833040269774,1
0.4060577037439681,-0.5134883894937522,0.8018758217492642,0.10874779134381779,0.28526153459721165,0.1800513932263746,1.0,1.0,1.0,1.0,1.0,1.0,3.10749604349678,1
0.2469204045908666,1.124995561368215,1.1744391310540145,0.35426268875392697,1.0480963854299004,0.43398238367758196,0.0,0.0,1.0,1.0,0.0,0.0,0.8077027938373457,1
0.2077857786165016,0.9336235145829247,0.0101200320053774,1.6586704739459257,1.5214170161874832,0.4895371263580296,1.0,1.0,1.0,0.0,0.0,0.0,1.0915729961909397,1
-1.9317504408222186,-0.2984748555498597,-0.8982758631828276,0.1648657611951265,1.3060710035804932,0.602197462912134,1.0,1.0,1.0,1.0,1.0,1.0,0.2165882722095755,1
1.909078671833689,2.089693664132162,1.002052645350321,0.427576645867896,1.1751369498561337,1.5264739504086426,1.0,1.0,0.0,0.0,0.0,0.0,0.6217562349512962,0
1.6280663632286037,-0.608049248645797,0.6500022456662767,0.7774034400504636,-1.0880983966397528,-1.6436729667418815,1.0,1.0,1.0,1.0,1.0,1.0,3.731643359156065,0
1.591312986821405,0.9203864205821547,0.042840603746676344,0.42378563788692697,0.9794593611602497,-0.29464113727195,0.0,0.0,0.0,1.0,1.0,0.0,1.1567289165893562,1
0.5904527042253719,-1.3168655065625097,-0.9749768828577426,-1.0174734046754892,1.528038079584941,-0.7459350108994034,0.0,0.0,0.0,0.0,0.0,0.0,3.0048616943316353,1
-0.12373505343098226,-1.5001849253641113,-1.7456228023089528,-1.0687943578365624,-0.0005998339673398584,0.08415841611640995,1.0,1.0,1.0,1.0,1.0,1.0,1.7732127063391419,0
0.08360684795577814,-0.40197654597443844,-0.2623950808008287,-0.056054888712599615,0.17559910653827254,-1.5534547426215985,0.0,0.0,0.0,1.0,1.0,1.0,0.950873235181961,1
-0.6564259103634401,-0.9019644137025273,-0.1067311584230587,0.6570646318512787,-0.024188292999231146,-0.07379406842186148,1.0,1.0,1.0,1.0,1.0,0.0,2.7870766982608486,1
1.022351695839241,0.5024035486409723,1.0881465305202036,0.9842299284005284,-0.007096019461107663,-0.17130571140737894,0.0,0.0,0.0,0.0,0.0,0.0,1.1043476053811228,1
-0.24227882142151344,-0.15883478984453672,0.106345077530122,0.2207353256395436,-0.5381153089315609,0.38117379679981445,1.0,1.0,1.0,1.0,1.0,0.0,1.3401198861005619,1
-0.39076167962216973,-0.28166795810598333,0.2604883717906536,-1.136708555329757,-0.6927745499315335,0.04181904849934938,1.0,1.0,1.0,1.0,1.0,1.0,1.513354996611788,1
-1.1172138567398273,-1.764690353654686,-1.829446334294609,-0.8919089627740497,-1.3745409674477413,-1.557507650503908,0.0,0.0,0.0,1.0,1.0,1.0,0.433536130264137,1
1.1257538162789409,0.6016512343667606,0.1887047496505718,-0.02294864649876789,-0.7652890312642628,-0.5486027857785072,0.0,1.0,1.0,1.0,0.0,1.0,0.27749049782914165,1
-0.3836259420643924,-1.1662619145488722,-0.7149394705236677,0.07252790557937128,-0.6234477689134279,-1.431181366046803,0.0,1.0,0.0,0.0,1.0,0.0,0.9901964696898026,1
-0.27296035027117144,-0.7489264163834369,-0.9555648330760803,0.20733842534618088,-0.319440197688219,0.1447413486528991,1.0,1.0,1.0,1.0,0.0,0.0,0.47278653172142476,1
0.8118863528895086,0.687909621981161,0.771776452057164,1.449624099437438,-0.5865207306168547,1.7479475147456833,1.0,0.0,0.0,0.0,0.0,1.0,2.085180806852059,0
-0.7135299700545799,-0.6048221120713647,-0.14214185054872466,0.5354153921455939,1.5316215020560777,2.3366351814959003,1.0,0.0,1.0,1.0,1.0,0.0,3.045048433185432,1
1.429908792553101,-0.21221366791868185,1.3216480074453987,0.7047862092025252,0.436922311180152,-1.0423372315284247,0.0,0.0,0.0,0.0,1.0,1.0,4.491275863575584,1
-0.08731032268468053,-1.289621600229585,-0.7384317488435052,-1.764860653304217,-2.604113642517795,-2.359360757778718,0.0,0.0,0.0,1.0,1.0,1.0,0.5412801411988345,1
-0.6824446736573387,-2.038829865090033,-2.453178209094801,-0.9798623281612181,-0.14910438248912586,1.7171505534301235,1.0,1.0,1.0,1.0,0.0,0.0,0.47806293878145745,1
1.24082740157317,-0.3832591335991293,0.6146046440730497,1.292474397032855,0.6298736659702129,1.3575079728050692,1.0,1.0,1.0,1.0,0.0,1.0,3.327895512370319,0
1.504007810612571,0.942002787181845,1.5188032520760415,-0.3007170964864576,0.8891621368217963,1.4783785275765,1.0,1.0,1.0,0.0,0.0,0.0,1.2583546783876005,0
-0.00993668752477183,0.8176056859281015,0.7839027376309934,1.4097207600900246,0.5430118664051029,1.8108750585850346,1.0,0.0,0.0,0.0,0.0,0.0,0.2803266232320172,1
0.43127610602934,-1.7547488771608344,-0.1148837889790042,1.5728990910602687,0.6350332485756819,0.6660214530257247,1.0,0.0,0.0,0.0,0.0,1.0,2.350465153596504,0
-0.09433277731135985,-0.27493964603484755,-1.268684823175703,-1.5015305478542034,-1.8694257512229573,-0.5990542500237763,0.0,0.0,0.0,0.0,1.0,0.0,0.15700828020572954,1
-0.9171769786327906,0.24263088783894857,-0.4685577483412402,0.6161542132057192,0.9159120743769731,-0.43815424969585626,0.0,1.0,1.0,1.0,1.0,1.0,0.349200463816343,1
-0.5340046397397592,0.684395919349385,-0.7201049938437666,-0.1370635856629791,0.04180908537084303,0.0029096144602446293,0.0,0.0,1.0,1.0,0.0,0.0,0.31494449520872,1
-0.625235799074067,-0.8184010227461256,0.7976676723469406,0.24416213855328633,-0.3389289822319762,-0.22535047311596343,0.0,1.0,0.0,0.0,1.0,0.0,0.6777242476278579,1
0.8139857131011158,0.24326134780475103,0.8473905048234783,0.18935721842813324,1.7288279957796482,1.2386027244001407,0.0,0.0,0.0,1.0,0.0,1.0,1.6447957729233382,1
-0.5099067057606076,-0.5409727918030037,-0.4231716046505951,0.04268331176987334,0.5254575881298247,-0.0998157306802316,0.0,0.0,1.0,1.0,0.0,1.0,0.6313067255146997,1
-0.9927112902049304,-0.48488704214942735,-0.9750543714774792,0.2080768226776457,0.25481799980762854,0.33335652996365367,0.0,1.0,0.0,1.0,1.0,0.0,0.3538392710307682,1
-1.0122785533988243,0.08917074792486768,0.13890064604172767,0.08605323612059532,-0.613224098619871,0.021822077983972368,0.0,1.0,1.0,1.0,1.0,1.0,0.8063203755295754,1
-0.23093551153715655,1.3382727347815704,1.7694160071565874,0.3136114674566769,0.24335674556859885,-0.8274400357525907,1.0,1.0,1.0,1.0,0.0,1.0,2.168782414630094,1
0.22639708523187113,0.051516042416197234,0.5570637559096995,0.6239755362129938,0.5688473131045051,0.039446757454173864,1.0,0.0,1.0,1.0,1.0,1.0,3.2970155507203036,0
0.8611331132701228,1.0122393676077475,0.505144857287754,-0.1453534466275166,-0.12055361580449173,-0.2551352462081742,0.0,0.0,0.0,1.0,1.0,1.0,2.1106842925931524,1
-0.20305186417131307,-1.3415188933546813,-0.9345999977966757,0.8650988546238985,0.5817803594003591,0.9229965181300718,1.0,1.0,1.0,1.0,1.0,1.0,2.1498727933207467,1
-1.297318636874371,-0.914123006392972,-0.5625144401501054,-0.12359960247378429,-0.8084161745989716,-0.4806188860501469,0.0,0.0,0.0,0.0,1.0,0.0,0.9661175723084265,0
0.0113840779838091,0.8710641104937824,1.9815971492438205,1.3938785612801623,0.9034403152685667,-0.40535859535958574,0.0,1.0,1.0,1.0,1.0,1.0,1.5930152325162312,1
-0.28780099042938145,-1.6333350582404882,-2.1607505131589075,-0.2118590737347928,-1.220307349651272,-0.07497093564634122,0.0,1.0,0.0,1.0,0.0,1.0,0.16570321320656603,1
-1.5015488337948728,-0.039179280142636164,-1.5015288350372464,0.06408030442056133,0.11133949263172092,0.6444902836438401,1.0,1.0,0.0,0.0,1.0,1.0,0.15023455806338076,1
-0.6156949198241252,-1.5018453079385468,-1.3772541364811193,-0.14961594488700042,1.1863290118733167,1.161264106370783,1.0,0.0,1.0,1.0,0.0,0.0,1.3644574300674952,0
0.3034352297328279,-0.26930799657890175,-1.188035955100258,-0.5493729709983765,-1.5836749434845208,-0.835638661125699,0.0,0.0,0.0,0.0,0.0,0.0,0.7227680919496151,1
0.7194170854140545,0.7090947516037638,0.0729930267883449,-1.0047271603325372,-0.2652910503926022,0.1601875770539332,0.0,0.0,0.0,0.0,1.0,0.0,0.7620526288811449,1
1.2632377708025124,1.5505511843904343,-0.6212499427321434,-0.2774263546260379,-0.08978303728718738,0.10645624280411776,0.0,1.0,1.0,1.0,0.0,0.0,0.10747001264519034,1
-1.0188499432372804,-1.3705301734992008,-1.7901304098807562,-1.0158634411355831,-0.5236905949848779,-1.55393240985331,0.0,1.0,1.0,0.0,0.0,0.0,0.6663590280855777,1
0.9099283534526478,0.7681015466572079,-0.6307438506423114,0.01366952305779856,0.0716208682106874,1.2985760184274835,1.0,0.0,0.0,0.0,1.0,1.0,1.6654189649532862,1
2.154910507810995,1.4377831643473526,0.3850675193251183,-1.1007369872026416,0.6739551067826551,0.6080767060535964,1.0,1.0,1.0,1.0,1.0,0.0,0.554733619151631,1
0.11917980083293951,-1.058861141407642,0.20091985981766375,1.8643499368346395,1.721547745599798,1.486053158397426,1.0,0.0,0.0,1.0,0.0,0.0,1.4334815078382328,1
-0.6427296746089044,-0.3697070853836536,0.7749758221706616,0.3074109219150045,0.8582163071459995,1.3455909839381168,1.0,1.0,0.0,0.0,0.0,1.0,1.5839471228800637,1
0.7681845842047516,0.27974323163191456,0.7006409742946716,1.2109761680372535,1.4866591376604348,0.03291617471477439,0.0,0.0,0.0,0.0,1.0,1.0,1.7588681519019325,0
1.0224048136072352,-1.172601865781486,-1.3136490627907595,-0.6929121014598403,-0.431095051898626,0.5272973303070408,0.0,0.0,0.0,1.0,0.0,0.0,2.851992874333444,1
0.9648923625624852,-0.22676989712762188,0.3202020885680679,-0.4055936724803136,-1.2098574076197288,-0.6483158960999306,0.0,0.0,0.0,0.0,0.0,0.0,1.3016791317302217,1
-0.44985426652270905,-1.0410009262242523,-0.2391269718887345,-0.3064615539394944,-0.8657105534766963,-0.7842690148814605,1.0,1.0,1.0,1.0,1.0,1.0,1.4184358457132902,1
-0.3190432868269467,0.06852191209700272,-1.2732805223790655,-0.03621074047488,0.031341677964544075,0.10142159482122318,1.0,1.0,1.0,1.0,1.0,1.0,1.0222312645410834,1
-0.657881168734008,-0.48496549439245296,-0.2745648930868091,-0.4889204549644097,0.16292592557935315,-1.7493635720723368,0.0,1.0,0.0,1.0,1.0,1.0,0.8233933114281882,1
0.2333106412143844,0.6719773319450055,-0.6591218166739786,-0.27811534104720836,1.4417144169569518,1.0968133295716083,1.0,0.0,0.0,0.0,0.0,0.0,0.43017927463729605,1
-1.6585003446841393,-0.7233207697607816,-1.4601220915868003,-1.5619539172459782,0.46672229565105966,0.5844771286408385,1.0,1.0,0.0,1.0,1.0,0.0,0.2671116853495493,1
0.19708719830989946,-0.5665458685696784,-0.830985611397235,-0.34781171548554063,0.8668217699028539,-0.13387137365685617,1.0,0.0,0.0,1.0,1.0,1.0,1.937991824797674,0
1.0793873362425748,-1.1180405103496904,-0.8452538234038547,-1.5387889282435279,-0.21176740004752617,1.460617035184936,1.0,1.0,1.0,1.0,0.0,0.0,2.548835657701475,1
-0.21930597268901345,-0.6863361096637749,-0.8192334597477936,-0.23324765883328594,-1.5004830111822078,-2.414957851406191,0.0,0.0,0.0,1.0,0.0,0.0,0.5269245645558175,1
-0.7737904063063236,0.9018581063999842,0.42859511888505314,1.4944870035585234,0.8291497450843907,0.014702409668977654,1.0,0.0,1.0,0.0,1.0,0.0,2.0093832195391137,1
1.3791710942821713,0.8180884694111249,0.7559181273585828,0.11916048964719059,0.3046646558743234,0.5465241761977212,1.0,0.0,0.0,0.0,0.0,1.0,0.5166869769158956,1
-0.1607661477697139,1.0224496997154375,0.12373063857929024,0.25554693998602923,-0.7609623124761142,1.1599410608778056,1.0,1.0,1.0,1.0,1.0,0.0,0.05610714893489901,0
0.6127685113263399,0.9664549044254,0.7066509059317952,1.5036694153136076,1.67233883230157,0.8115795771927765,1.0,1.0,1.0,0.0,0.0,0.0,3.1496135827914156,1
-0.10522637645638377,1.8508260672455603,0.8306741483651074,1.6296149982877564,0.27750725336705034,-1.8152071060558121,0.0,1.0,1.0,1.0,0.0,0.0,0.33206530773060156,1
-0.9500283590348593,0.543735369224908,-2.151656201948732,-1.84944715396139,-1.078800019985643,-1.2800737239672504,0.0,0.0,1.0,1.0,1.0,0.0,0.06049853775933071,1
0.20164092634197564,2.7084084526000662,0.9635244678016366,0.581926768479494,0.07424351445148264,0.38177953320691976,0.0,0.0,0.0,0.0,0.0,0.0,0.5753601677739555,1
0.37453434272585384,-0.23356684138506925,-0.6905817789215715,-2.1541478296368726,-1.4874550625635599,-0.22752219701956797,1.0,1.0,1.0,1.0,0.0,1.0,0.616862767456261,1
0.42477389254014647,2.146761220673301,1.6521361639194156,1.0033321903707746,1.464845772588389,-0.2593511712876467,0.0,0.0,0.0,1.0,1.0,1.0,0.6440919761754678,1
-0.8473513047668969,-0.23078604379140316,-0.1446144924993215,2.223638468438016,2.0341667550882474,1.58132943834424,1.0,1.0,0.0,1.0,1.0,1.0,0.4369288776460628,1
-1.5716478254068735,-0.9592804495312994,0.5700728511161378,1.1139237395624235,1.4638010472143366,1.3634370058685517,1.0,1.0,1.0,1.0,1.0,1.0,1.0302038985485646,1
1.4112717493984046,1.4309687442069914,1.2464638226181612,-0.3230337618033282,-0.721116616642438,1.153447343692386,1.0,1.0,1.0,0.0,1.0,1.0,3.7711364512419046,0
0.23279973646110078,0.019155568273199492,0.7354003084507416,1.1168474166064413,0.1879379542139074,-0.2018522793247891,1.0,0.0,0.0,1.0,0.0,1.0,3.8750442564857135,1
0.41678496660129183,0.7209427932657521,1.9299241074908817,0.39953979169215165,0.6119099810992159,0.1494751865310485,0.0,0.0,0.0,1.0,0.0,0.0,2.50589078644476,1
0.6043673038585047,0.8090838009583252,1.1721021788619372,-0.46535469364309257,1.0704422769259199,-0.1657426301244679,0.0,1.0,0.0,1.0,1.0,1.0,0.5623901722623816,1
-0.07996981910737068,0.34868148076750116,-0.7819701625508931,-0.39862621523756514,0.3454904647550964,1.5699326783409195,1.0,1.0,1.0,0.0,0.0,1.0,0.9076364444375968,1
-0.7937080612969151,-2.815230123318519,-0.024611673545069563,0.2806910424034582,1.8819774456393785,0.3349071991052933,0.0,0.0,0.0,1.0,1.0,1.0,2.1859280697394095,0
0.15131557053408914,-1.1094124929533467,-0.21599292002135156,1.2850146035951435,1.3368205542755411,-1.0291578767890068,0.0,0.0,0.0,0.0,0.0,1.0,0.35486327521498484,1
-0.7315535527733629,-0.24592776743275135,0.10004723271972768,1.2633940966691417,1.213609574517475,1.2149142432844775,1.0,1.0,0.0,0.0,0.0,0.0,0.7519986478646485,1
0.9712564701865302,0.5593959288865993,-0.18846178587580448,-0.26169241850807984,1.1104482445472763,0.06705757551936876,1.0,0.0,0.0,0.0,0.0,0.0,1.708500014081399,1
0.46184094185163127,0.6842462127485094,0.46467470315970827,0.16903593566372468,-1.3692598496061572,-0.09541344560629092,0.0,0.0,0.0,0.0,1.0,0.0,0.2707521834470967,1
-0.7015799019672823,-0.39270156321525923,-0.848926008718797,0.5569930616730854,0.12956579492984102,-0.34994091358812696,1.0,0.0,1.0,1.0,0.0,0.0,0.4035857094581282,1
0.29965032440831013,0.5890727372147413,-1.1864445868365556,-0.5496846616962394,-0.31877254721045784,0.2912350848456204,1.0,1.0,1.0,1.0,1.0,1.0,0.7700831937415067,1
1.0485011582664427,-0.15440051969660942,0.39660292773342415,-0.951247654716338,-0.34268987954136,0.9400698560574956,1.0,1.0,1.0,1.0,1.0,0.0,2.3080643624967374,1
-2.638896941785602,-1.3441232136001495,-1.4952847997805891,-0.4087859244798227,1.2855597780494548,-0.6187233620533265,0.0,0.0,0.0,1.0,0.0,1.0,0.40754164667840614,1
-1.0634289045136838,0.40259683932975704,0.3757532187640208,0.16686658336304647,0.8645738069012485,-0.33612359385764196,0.0,0.0,0.0,0.0,0.0,0.0,0.3266698262339408,1
0.1335186235911496,0.48296404960896017,0.24562029697414858,2.0211566656064113,-0.46997750602141236,-0.398553580987781,0.0,0.0,1.0,1.0,0.0,0.0,1.1446040735170808,1
1.1865747962063922,1.5638079640391096,0.1509752029648127,0.017141122959149796,-0.010672159371621909,-0.05947420652437821,1.0,1.0,1.0,1.0,0.0,0.0,0.5186530552821838,1
-1.173108308172492,0.7811050259030999,-0.828352982015829,-1.6819490224358804,-1.1313172676720566,1.0435727844153342,1.0,0.0,1.0,1.0,1.0,1.0,0.41438110975979314,1
-0.5516915867599065,-1.5198774393357803,-1.6647885891364456,-1.725093321030915,0.22725760899327146,0.10599594504912603,1.0,0.0,0.0,1.0,1.0,0.0,1.2419632339210722,0
-0.5611981696796519,-0.008337193633814455,-2.1510452579645074,-2.0953821038479474,-1.9206944558586456,0.07023851633510486,1.0,1.0,1.0,1.0,0.0,0.0,0.24478895193173672,1
0.7500630982437294,3.2817084058568553,0.22938972234713043,1.0247275172607315,1.702833281247939,0.17740222514844564,0.0,1.0,1.0,0.0,0.0,0.0,0.3438302107939564,1
-0.3174692837689654,0.20990051257518655,0.8860536959256011,0.12617065092025928,-0.8359377725502771,-0.3638862666213102,0.0,0.0,0.0,0.0,0.0,0.0,0.8737164934219138,1
-1.2467675225904584,1.056603072651953,0.4300164158573802,0.5653250816670973,0.601801292971144,-0.3278576322163256,1.0,1.0,0.0,0.0,0.0,0.0,0.5416474388506646,1
0.6515518676470267,0.33171270740995673,0.816849180014525,-0.5043525052952222,0.06259193566077907,-0.8357045245913303,0.0,1.0,0.0,0.0,0.0,1.0,0.5317476105892046,1
-0.65943488152721,-0.6524350776265013,0.49210514110352555,-1.2139753045931014,0.5431500323381562,-0.31255691867003943,1.0,0.0,0.0,0.0,0.0,1.0,1.7298555470754562,1
-1.1532841997495233,-0.49237788239280245,-2.310066006529922,-1.4401918781679275,-1.4285415980700222,-0.8497881166365034,0.0,1.0,1.0,1.0,1.0,1.0,0.15381695466381753,1
0.796795731641407,1.7898270163523577,2.685835972588092,0.583210201157565,0.12274395994308324,-0.41511225658419926,0.0,1.0,1.0,1.0,0.0,0.0,0.6929760478674444,1
0.7892797693372493,1.5346323677479572,0.9007527972495633,0.7909096837596551,0.6798460345454246,0.4958250632642567,0.0,1.0,1.0,1.0,1.0,1.0,1.4176515445902418,1
1.0669775315372727,0.6378583438753083,-0.88273841426072,-1.5802502936515312,0.18822933019403867,-0.267233459814675,0.0,0.0,1.0,0.0,1.0,0.0,1.2444034902014292,1
1.243390001825855,0.279534119367287,0.6750596325609455,0.27658675193112425,0.39338781944421325,0.030884357413044714,1.0,1.0,1.0,1.0,0.0,1.0,2.325152572664534,0
1.4478516858036259,0.0246480159918649,-2.096353455843144,-0.45969296456965125,-0.9687066476153339,-0.8290364470875907,0.0,0.0,1.0,1.0,0.0,0.0,0.5879806964117309,1
0.7812853161874771,0.20305876446765583,0.17050579046843958,1.5954181536639995,0.6950990941983645,0.5610812776699663,1.0,1.0,1.0,0.0,0.0,0.0,0.7067870424695293,1
0.4025947433906918,0.49580262924133384,-1.1601603997965264,0.09101232886317608,0.23601605962323052,0.4702364994199651,1.0,1.0,0.0,1.0,1.0,1.0,0.6828564456825185,1
0.3325880270605241,1.6000492327663267,2.117561063074571,0.5043795879176809,-0.4433391823380825,-1.0910484984342264,0.0,0.0,0.0,0.0,0.0,0.0,0.31314284357946265,1
0.28927051201326,1.0822009976491727,-0.8633316887187787,-1.8453440402822585,-0.5139948599917438,-2.0195559638220044,0.0,0.0,0.0,1.0,0.0,0.0,0.29360406935669275,1
-1.3961625937087105,-1.835353453563776,-0.8303461076577984,-1.9670738711069269,-1.5150242291527434,-1.171165580027941,0.0,1.0,1.0,0.0,1.0,1.0,0.4450506571468379,1
0.9283374239735068,-0.40940932170467653,0.6840393513008788,0.9013273116398941,1.3990271037898012,1.4816157063561102,1.0,0.0,1.0,1.0,1.0,0.0,4.900511953310997,0
-0.3568947079646705,-1.0271126934915478,-1.0295994696169581,-0.6501815531765887,0.050502346012083865,1.428404403022082,1.0,0.0,0.0,0.0,0.0,0.0,0.8389199932110104,1
-1.5687313733823136,0.009948179054678152,-0.5004535569740559,-1.0263984712008611,-0.9411621849230892,-0.9596942990953261,1.0,1.0,0.0,1.0,1.0,0.0,0.10301230420018379,1
1.244819355421636,0.6636782949441752,-0.4142141430059123,-0.7665292833334264,0.3838065190727245,0.7693642991777148,0.0,1.0,0.0,0.0,0.0,1.0,0.2980656907587998,1
-1.2455846550152265,-1.0318297634085187,0.6160698745094058,0.9876119778202584,1.257978522718894,-1.6512265003627062,0.0,0.0,0.0,0.0,1.0,0.0,0.5154417047578838,1
-0.16999392557134554,-0.07856422746097878,0.062418086073123644,-0.6967928419689408,-1.258084996314823,0.6807760702955936,1.0,1.0,1.0,1.0,1.0,1.0,0.6952640557172788,1
-0.25835704723934794,0.20752797480232354,0.38956782554075564,-0.14799746988109197,1.1396188567154901,1.0262668779063038,0.0,1.0,0.0,1.0,1.0,0.0,0.3555771373451392,1
-0.3008707180335082,-1.0017724389838376,1.055996759655594,0.961922415010606,-0.3873320335612025,0.595752536453727,1.0,0.0,1.0,1.0,1.0,1.0,6.488500566252643,1
1.0585828521569063,0.6629875988749862,-1.08565720513628,-0.4985127975680055,-1.5954129761292797,-0.28143742525906495,1.0,0.0,0.0,0.0,0.0,0.0,0.5786195228811409,1
0.4015492951524859,0.4935854999562247,0.6803245685341718,-0.7695869653192734,-0.1812366723587337,0.5989928454824842,0.0,1.0,1.0,0.0,0.0,0.0,1.3767735319714312,1
1.2197522312929625,0.3505904572722002,0.14840988690420623,-1.2631547002043164,-0.7641696869702576,1.209701974452239,1.0,1.0,1.0,0.0,0.0,0.0,2.389296041869326,0
0.7906339990995234,0.8562653566960612,-0.1055083700603611,1.511318335853122,1.0723998246795206,1.6637664725724484,1.0,1.0,1.0,1.0,1.0,0.0,1.6683795744424177,1
0.1235691050012038,0.5123912206813319,-0.010394908606182737,-0.8270094609353225,-0.6059877225282588,-1.347438076215432,1.0,0.0,0.0,0.0,0.0,1.0,0.9733929136962288,1
1.0593968620669787,0.009211888896512692,-0.37311683675045765,-1.1304929773506314,-2.0523339083249907,-1.0784991603818128,0.0,0.0,1.0,1.0,0.0,0.0,1.8929990584400755,0
-0.7599407712674334,1.005745391575742,0.5326100004640634,-0.8289903583162195,-2.3259382464437075,-1.442977073183011,0.0,0.0,0.0,0.0,1.0,1.0,0.605727973705449,1
-1.4061497586588283,-2.382055872953562,-0.5565736277751683,2.032222058755781,1.9865860229060226,0.7808048224672247,1.0,1.0,0.0,1.0,1.0,1.0,0.28740918809341065,1
-0.18153211448007053,0.9803238535188116,-0.8733804293401695,-0.5268276854681435,-1.8233308470677456,-0.04957135661864988,0.0,0.0,0.0,0.0,0.0,1.0,0.24340862519649076,1
-0.04028178106960943,-0.7775584576896993,-1.1222160109355774,-0.22303184399262108,-0.1326270592076422,-1.336698381429686,0.0,0.0,0.0,0.0,1.0,0.0,0.4835067577877812,1
1.1865154640685378,1.1282345486102727,0.442551791400873,0.506902069623631,-0.28876903617782784,0.8817440972564232,1.0,1.0,1.0,0.0,0.0,0.0,0.9130051723356654,1
-0.6804576260857061,0.16386121481477328,-0.10769658567037277,0.33259622092830776,-0.92219727032841,-2.1564517815864197,0.0,0.0,1.0,1.0,0.0,1.0,0.4785359394480482,0
0.6865187116210815,0.9503372716990397,0.8659368396622718,-1.1906346087217237,1.2742607319576276,-0.21219191652251448,1.0,1.0,1.0,0.0,0.0,0.0,1.5868565637066492,1
0.6998505791621946,0.7142753329019479,0.7997982427294515,0.49803211690660854,0.9859047392202331,1.5598411789506033,1.0,1.0,1.0,1.0,0.0,0.0,1.1916180937624665,1
-0.5499504875109948,-0.16673564637811059,-0.7101739035731648,-0.9347116735912516,-0.10834235616740151,0.2479049981085628,1.0,1.0,1.0,0.0,0.0,1.0,0.7095584967216739,1
0.0769015567876996,-0.817304519205045,-0.0402102518020985,0.08910076982653976,-0.6674140686245789,-0.5058015793596157,0.0,0.0,0.0,0.0,1.0,1.0,1.343362966955534,1
-1.2931386727457597,-2.0396550676102256,-1.1281983362580563,-0.2133954943976072,0.2546746576244585,0.27652401733315024,0.0,0.0,0.0,1.0,1.0,1.0,0.7707711180376975,1
0.4723036832232013,1.1041537329545679,1.8022986295192787,1.2326229852338664,0.40214807114308815,0.2273389205588552,1.0,1.0,1.0,1.0,0.0,0.0,0.7216795851920096,1
-0.21598080916292547,0.8158782270806261,-0.3296581945175888,0.279500228443434,-0.15071319284338036,-0.7588234215459343,0.0,0.0,0.0,1.0,0.0,1.0,0.3973167071643059,1
0.2565891726459738,-1.00040730997796,-0.1807840979567472,-0.5687517538723842,-0.039587851063817237,-1.1555640304114714,0.0,0.0,0.0,0.0,1.0,1.0,1.6026458924890654,1
1.0753708648172484,1.2835325954892414,2.2150045492134742,0.18286605189375293,0.20486458155026444,0.9030141872711179,1.0,0.0,0.0,1.0,1.0,1.0,1.9976228221527785,0
-0.35307078449456814,0.33880325224538416,0.878003843892577,0.4974574712926419,1.2711667426303925,-1.5216159936782736,0.0,0.0,0.0,1.0,1.0,0.0,0.18107709993629093,1
-1.5364526686904139,0.01886093502586939,-0.7021395150355052,-0.3042873367593548,-0.5654402416443156,-0.5390918182075908,0.0,0.0,1.0,0.0,1.0,1.0,0.41636350117510107,1
0.06417282318388343,0.2818319120403572,0.11495821304603028,-0.38251494212204346,-0.4520242681231361,-0.8502626917812566,0.0,0.0,0.0,0.0,1.0,1.0,1.0336913329881297,1
1.1642255764183032,0.2285233330072506,0.6373025278923923,-0.7524154991988803,-1.5140179356971666,0.18671983473334772,0.0,0.0,1.0,1.0,1.0,0.0,4.002101552756855,1
-0.476495686077917,-1.2533404476229686,-1.2904531504897951,-1.0222132627126934,-0.18544858631909586,-0.5317108613982315,0.0,0.0,1.0,1.0,1.0,1.0,0.8830629363644873,1
0.5068969788403324,1.2062986618179665,0.521234386345462,0.8277850094443641,-0.2563365358271385,1.7184444459319086,1.0,0.0,1.0,1.0,1.0,1.0,0.37522989796766293,1
-1.0879767300547598,0.7955360826014383,0.5673794327770193,1.5864620324335934,0.5354364152994103,0.06990827882891529,0.0,0.0,0.0,1.0,0.0,0.0,0.5738173898924676,1
0.09835474638907178,0.9905580492930971,-0.530642113351067,-0.3463376305451392,-0.2192832767049549,-0.23382340961346032,1.0,0.0,0.0,0.0,0.0,1.0,0.8483591587954761,1
-0.4705620447301597,0.28388244387942163,1.2534165113275768,0.7610328610238523,-0.14320858015534596,-0.5923562076207974,0.0,0.0,0.0,0.0,0.0,0.0,0.7145702611955779,0
-1.5078388992137397,-0.5814715991333401,-1.0763960729023307,-0.44108563772732107,2.178224450812538,1.4318128110159771,0.0,1.0,1.0,1.0,1.0,1.0,0.2837185089627813,1
-0.7313126661983084,-1.4428686935301864,-0.30882635040475864,-0.5134235782151988,0.5775153123772824,1.1281575913388748,1.0,1.0,1.0,1.0,0.0,0.0,1.2612445573001,1
1.6793137283023887,1.2596877430379916,2.834165444926064,1.2150166210296383,0.4197575605779741,0.8765686531208132,0.0,0.0,0.0,1.0,1.0,1.0,2.864796459173967,1
-1.6939263296486256,-1.1424092882182024,-0.5554462632244036,1.6655311450771946,1.0976782726721992,0.6639614716751067,0.0,1.0,0.0,0.0,0.0,1.0,0.14326769780991563,1
1.5178589184719595,1.6770475612514544,-0.2502140802727278,1.0798016305994267,0.5575947613809796,0.06535681546283012,0.0,1.0,1.0,1.0,0.0,0.0,1.2639015949731414,1
0.6166787293155546,0.3424492691793911,2.220927743219377,-1.0759892662794788,-1.9834752727027911,-0.7875996249660134,0.0,0.0,1.0,0.0,0.0,0.0,0.7924348994605661,0
1.384923124890653,-0.35440069970610233,0.29201690303303296,0.9517004741545658,-0.09941457895777873,0.22981765946159996,0.0,0.0,0.0,0.0,0.0,0.0,4.300332461028071,0
0.4831939184374847,-0.270430564861069,-1.1986264901936146,-1.2129229071654588,-0.4224914655477394,1.4460668798376695,0.0,1.0,0.0,1.0,0.0,1.0,0.5414151094951604,1
0.39409326770553077,-0.4312188918739339,-0.5154196527882375,-0.1417575424568355,-1.9995794454833913,-0.27831071075591507,1.0,1.0,0.0,0.0,0.0,0.0,0.8569864226526652,1
-1.930023457600443,-0.28523014946646463,0.003748574771502121,-0.40318806822063136,-0.8601013228374353,-0.4504931141776427,0.0,0.0,1.0,1.0,1.0,1.0,0.44366611495973013,1
0.1797236195634046,-0.14820120976001377,-0.6313141103672466,0.08935232980709802,-0.054618765178556704,0.8339451692849049,1.0,1.0,0.0,1.0,1.0,0.0,0.6135584292781171,1
0.615273795954485,-0.10918574109465519,-1.1693938016397531,0.1519067015135214,0.22209778688442736,-0.453998388128778,1.0,1.0,0.0,0.0,0.0,0.0,1.0479234682069576,1
0.8793815255021101,1.5197184371880803,0.837269641613133,1.2907849723972449,0.506260122959159,-0.2161329591976865,1.0,1.0,0.0,0.0,0.0,0.0,0.678199267673339,1
-0.5452987023139956,-0.03335886977205229,0.576263387295948,0.027160909871277936,-1.1095594465626624,-1.0413747838667518,1.0,1.0,1.0,1.0,0.0,0.0,1.3735791610527324,1
0.007614353326031712,0.536072527511097,-0.45644855405554063,-0.7058626369579306,-1.9797154846703104,-0.9060426751911106,0.0,0.0,0.0,1.0,1.0,0.0,0.8126374845524665,1
1.4348599437535474,1.2784340125670854,1.419233937597438,1.258585665269014,-0.057306979865060864,-0.6203220445028291,0.0,0.0,1.0,0.0,1.0,1.0,3.6095998215116913,1
1.423454039775438,-0.703214894722118,0.14831079213852602,0.8153507231311018,1.696305983137088,-0.012872506047958705,0.0,0.0,1.0,1.0,0.0,0.0,0.40260824124645844,0
0.03354117678974372,-1.2405519414401875,-0.5802657417085539,-0.16723359598615864,0.032591607569491116,-1.3997963824912636,0.0,0.0,1.0,0.0,1.0,1.0,1.197197727396317,1
1.8924496393529762,1.1270672735027683,1.2671535846353623,0.47698617619914574,0.15400012220899267,-1.0271559663264185,1.0,1.0,1.0,1.0,1.0,1.0,1.6754214547668682,0
0.4923044242629243,0.7034636431025114,-0.6574975016514653,1.2410720586040513,1.6512876877719103,1.4784481959207445,1.0,0.0,0.0,0.0,1.0,1.0,0.5980857353539104,1
-1.9192456992561495,-1.441881286559093,-0.2962817905480493,1.2291723296018608,-0.04504082992013575,-0.14483676646574023,0.0,0.0,1.0,0.0,1.0,1.0,0.37302055278851565,1
1.6314878084831186,0.8454760172938283,1.0433719745502457,-0.39615162544990157,-0.9282015000878745,-0.34663060728197237,0.0,1.0,0.0,0.0,0.0,0.0,0.7412464318434359,1
0.7027443795221089,-0.7057178459558142,0.5392017163266069,-0.1919975927787724,0.3418377771612613,0.013104071772977906,0.0,0.0,0.0,1.0,0.0,1.0,0.6101735530306195,1
1.963323137923917,2.9580895492114148,0.7439502331312817,0.8809049086016332,0.2454750956457673,-0.8407170137739345,0.0,1.0,1.0,0.0,1.0,1.0,1.6399280276085353,1
-2.535416770301166,-0.7413145126849422,-1.0027290980480055,-0.035823866412779244,0.259122242070185,-0.487829229940725,1.0,0.0,1.0,1.0,1.0,1.0,0.849432343576958,1
-1.04526245653272,-1.122098669722485,0.2078442888189639,0.0745247377299648,-0.8795976972259248,0.49737066244472744,0.0,0.0,0.0,1.0,1.0,1.0,1.3140002015060028,1
0.6641376112061437,-0.4862588189560867,1.4203348953199026,0.8130268307791634,-0.11094996648510504,1.0466285273456915,1.0,1.0,1.0,1.0,0.0,1.0,1.9011279851189087,1
0.1485774362658133,-0.22450159625401442,-0.8114966066774753,-1.3665934066453804,-1.1454445815215888,0.5261627818193714,1.0,1.0,1.0,1.0,0.0,0.0,2.5475867969611485,1
-0.6018086301694366,-1.9176613559067888,-1.4179279291996176,-1.6483017446482624,-0.7016374686493257,1.8332463750553436,0.0,0.0,1.0,1.0,1.0,1.0,2.446795928775917,1
1.3287867350096312,0.37169128912822674,0.6128617355868121,-0.7477195101759764,-0.4096248256396089,-1.2941755809981614,1.0,0.0,1.0,1.0,1.0,1.0,1.0167518898320564,0
-0.01343014467035463,-0.62115029282167,-0.035599690405966083,-0.4836531404193531,-0.98334483810228,-0.21689238507335096,1.0,0.0,1.0,1.0,0.0,0.0,0.9817676278332387,1
0.9946244786640541,1.2603770206863916,0.42033693687317886,1.721788362061752,2.0865896710824106,0.8269944178327943,1.0,0.0,0.0,0.0,1.0,0.0,2.1465521171034,1
1.9376348969034303,0.1808486443978613,1.3030128756790564,1.9396600837848719,1.5228171363873442,1.9722895159054747,0.0,0.0,1.0,1.0,1.0,0.0,3.194819110905793,0
0.9628686628041031,0.48200734641778675,-0.5536658465263742,0.5975229168466915,0.25616673403447315,1.3836413522499145,1.0,1.0,1.0,1.0,0.0,1.0,0.8010345596789588,0
0.9189202818123907,1.3029322508215218,0.5499035980748339,1.3735745890118227,0.7092729247502996,0.7212864198843528,1.0,1.0,0.0,0.0,0.0,0.0,1.4478354972083942,1
0.6299055798100326,1.2889170543453645,0.12491162222368933,-0.18335770022240336,0.7636556985554664,0.909109045832763,0.0,0.0,0.0,0.0,1.0,1.0,0.6186324776367459,1
-0.8151656579809027,-0.10943821770222922,0.47731877356105995,-1.1310952632714895,-1.9038472939741626,-0.6667281297583061,1.0,0.0,0.0,0.0,1.0,1.0,0.6021730155381432,1
0.8145330846166451,-0.007802046753063832,0.2963215928510084,-1.475734324083588,-0.16029492571192244,0.7883069496980645,1.0,1.0,0.0,0.0,1.0,1.0,2.166807000835675,1
-0.9570855307321153,0.714923967053035,-1.1891831855845971,-0.46474075574571044,-0.6098679145958781,-0.18712532988575534,1.0,0.0,0.0,1.0,1.0,1.0,0.19872680102043716,1
-0.09313669604344786,0.3176234912299737,-0.7366072359821725,0.6685486568461312,1.4631909245049082,-0.8443866212632558,0.0,1.0,1.0,1.0,1.0,1.0,0.5298655724981509,1
1.0204708365187753,-0.15484491555086424,-0.09396718893617584,0.1469763200223775,1.1814219889083164,0.8062806562175958,1.0,0.0,0.0,1.0,1.0,1.0,2.769083527394405,1
0.6361697062282968,1.185802579022351,1.87353203606268,0.3462132330888407,1.5903039287866623,-0.2999134784297873,0.0,0.0,0.0,1.0,1.0,1.0,1.3752048638552203,0
-1.101396519964143,-1.3417840600306188,0.9695865622950192,1.2803530862028796,-0.06744417849808998,0.2658026601250736,1.0,1.0,0.0,0.0,0.0,1.0,0.5735479628323886,1
0.15379799346252157,-0.8731264061955104,-0.05840185616267024,0.08675714560946003,-0.3455967064129749,1.542164456570853,1.0,0.0,1.0,0.0,0.0,0.0,4.853417107927832,1
-0.2198272360281682,-1.1809903551715308,-1.4116629473858582,-1.3281830396452823,-0.7292519847950529,0.12089954789400845,0.0,0.0,0.0,0.0,0.0,0.0,0.9858335453199275,1
-0.4072106739164245,-0.3912175010877267,-0.2645234139388943,-0.6336325192196832,1.192882782937669,0.15929786265205254,0.0,0.0,0.0,1.0,1.0,0.0,1.2086296568354808,1
-0.8050841425247606,0.495301448172381,1.7841622406819417,-0.30590725783793715,0.386418586292784,1.8806273209949567,1.0,0.0,1.0,0.0,0.0,0.0,2.3777940572590475,1
1.154873430487414,-1.4634927805690086,-1.380966940932309,-0.2535695672289602,-0.6649777051907222,-1.0895296317643635,1.0,1.0,1.0,0.0,1.0,1.0,2.1957361755370335,1
-0.023880199393101213,-0.49255727038416397,0.523467169432801,0.6883959922748085,-1.110572849905736,-1.9252600904163761,0.0,0.0,0.0,0.0,0.0,0.0,0.36925743721930354,1
0.256036297468684,-0.6503651095678398,0.6547765414786392,0.9496896970361584,-0.20341988179767342,0.1809387099660457,1.0,0.0,0.0,0.0,0.0,0.0,1.3307732506078345,1
-0.31656930809714373,-0.20843987471172876,0.6321144314267483,0.32754929690298107,2.4562886847496888,0.5552304096086481,1.0,1.0,1.0,1.0,1.0,0.0,0.8545088781410217,0
0.16915820000283754,-1.0861516758968086,-0.5605017496849544,-0.9699180879629636,-0.8728266255045647,1.411205623204372,0.0,1.0,0.0,0.0,0.0,1.0,0.584848913322834,1
0.06420060997667258,-0.7883869556256771,-0.9757552816844551,-0.7659308678510137,-1.0860090244235623,-0.5878122558590118,0.0,0.0,0.0,1.0,0.0,0.0,0.6449827401381653,1
-1.0250163523635907,-0.9461076537763301,-1.8392779211059922,0.7085370573655518,-0.09691030579240117,-0.44834051834356836,0.0,1.0,1.0,0.0,1.0,1.0,1.0707390249811102,1
0.7930992244069046,-0.2497596026003822,-1.906743148670917,0.19778524216778087,-1.1942858714542315,-1.1208997298471763,0.0,0.0,1.0,1.0,1.0,1.0,0.7323691045868705,1
0.6366381331001691,0.4022208000756741,-0.15799058039026362,-1.1030957110147295,-0.6677044896072991,0.38518020412746135,0.0,0.0,0.0,0.0,0.0,0.0,0.875374902617967,1
-0.3676202295969965,-0.9333014610874185,-2.069061596043536,-1.206592257298519,-1.0206613077811753,-0.7265160109488534,0.0,0.0,0.0,0.0,0.0,1.0,0.25303308228388655,1
-0.364983642066606,-0.2956921484278764,-0.01650829188425641,1.4516698502674714,1.3982438312147532,1.4489629733733589,1.0,1.0,1.0,1.0,1.0,1.0,0.7620190437878841,1
-0.7014366263015873,-2.197906459758326,-1.4808061965045634,-0.3846538823541403,-0.47898166476318194,-0.6741527393029916,1.0,1.0,0.0,1.0,1.0,1.0,0.7771620170018415,1
-0.6171855468851567,-0.8403863461664999,-0.6180603894933838,0.21724040718461984,0.2588234954811174,-0.46723764273551405,1.0,0.0,0.0,0.0,1.0,0.0,0.6445569467265406,1
-1.8970054342159963,-0.6364214571004703,-0.3540456999679704,-1.005312781872058,1.6694541168209656,0.3982582066542817,0.0,1.0,0.0,0.0,1.0,0.0,0.15127819928113162,1
0.4952668966345141,1.0895023461711295,0.6915875805098469,1.5896959529820767,1.3745351120217493,1.914033470931688,0.0,1.0,1.0,1.0,1.0,1.0,1.2497912510804965,1
0.0057930877607452755,1.8048581707258387,1.8402726335854875,0.7576004830926928,-0.46618751319225815,0.23436518789056038,1.0,0.0,1.0,1.0,1.0,1.0,1.6776896027565227,1
0.7593398873314261,0.3307032146011442,1.3005479463798941,0.806283293471755,0.7003514961418887,-0.8420837718322991,0.0,1.0,1.0,0.0,1.0,0.0,1.6381376445720521,0
1.1997490377251716,0.47057102048432214,0.1277471664125832,1.0007432176642233,1.1272551179493473,1.3477992753701609,1.0,1.0,1.0,1.0,1.0,1.0,0.3082400450737588,0
0.6288934521005102,-2.1028326392014547,-1.9972614850534525,-0.4363396994306525,-0.028262481417681656,-0.8186557825189383,0.0,1.0,0.0,1.0,0.0,0.0,0.6510224899552663,1
1.1700079304501554,0.2257106512658538,0.7797122284174768,-1.4458399047663997,-1.3357375480925484,-1.3740423917051772,1.0,1.0,1.0,1.0,0.0,0.0,1.3289521301538747,1
-1.0554271679962997,-1.276372363058792,1.8778582325867537,0.9217807370334804,-1.4500337007962698,-2.215509668835114,0.0,0.0,0.0,1.0,1.0,0.0,2.1568416952908414,0
-1.5649825264559363,-0.324927657307975,-1.0718687623872811,-1.3229335798900863,-0.9273237524544264,-1.601983978980786,0.0,0.0,0.0,0.0,0.0,1.0,0.477543585168898,1
-0.1893225618850667,-0.11657231105940273,0.4616892653412928,-0.1766317319246697,-1.3517835366326532,-0.8282986837813967,0.0,0.0,1.0,1.0,1.0,1.0,1.1978581938349786,1
1.5555821493471638,0.6940040931120757,1.1567732617420956,0.5880738242877319,-0.48651902864313334,-0.23590624037390112,1.0,1.0,0.0,1.0,0.0,0.0,3.4145948276968525,1
-1.029316478362221,-0.418111847182784,1.5364521125967432,0.29084721725162016,-0.7222380328702842,-1.8401598561331123,0.0,0.0,0.0,0.0,0.0,0.0,0.49285399576154576,1
1.6364543300852596,-0.07407361948238451,0.08117898890008941,1.3390526925428485,0.8047966683844653,0.6761693272610801,1.0,0.0,1.0,1.0,1.0,1.0,3.4354242159909165,0
-0.030050625451528916,-0.22797213647296938,-1.5440323762562618,-0.16351324331843037,0.25005028221049136,0.18728200015400243,1.0,0.0,0.0,1.0,0.0,0.0,0.8501975902002659,1
-0.1919292143299172,0.07003285370734738,-0.39495743808132733,-1.2941114767573023,0.7272223982109665,-0.23158379105782498,0.0,0.0,0.0,0.0,0.0,0.0,0.8022075670373554,1
0.6173336836081783,-0.11033887717360744,-1.2338606678021888,-2.0983610106401707,-0.33563316430916834,0.14943947350712905,1.0,1.0,1.0,1.0,1.0,0.0,0.42645136871613193,1
-0.21987952277193082,-0.18932378432728647,0.8104346924027456,1.3199766066637264,-0.2585815787098225,-0.20165970463079544,0.0,0.0,0.0,0.0,0.0,0.0,0.3131036265104036,1
-0.03544445749986044,0.33973970420110877,0.34800512787581445,1.1126962968779426,1.4720566526123662,0.4861643117553492,1.0,0.0,1.0,1.0,1.0,1.0,1.8887070965338961,1
-0.9399192611420699,0.10032759510010243,0.6366575038589104,1.2021937671606207,0.6413553549765785,0.08552228241098207,0.0,0.0,0.0,0.0,0.0,1.0,0.6748630825709727,1
-0.019224932420717385,-0.29630032247835797,-0.7409546372419723,-1.2733854872763115,0.36495148091797563,0.7989963259630938,0.0,0.0,0.0,1.0,1.0,1.0,1.5720252959998355,1
-0.7255919429455496,-0.7495013065884291,-0.7575847789765792,0.15843445037800058,-0.4347387539224379,-1.1168088153386921,0.0,1.0,1.0,1.0,0.0,1.0,0.3201559139116708,1
-0.4978605541714065,-0.5068912016122665,-1.0913536358346931,-1.1185432379030127,0.16821090575207542,-1.946618424740793,0.0,0.0,1.0,1.0,1.0,1.0,0.24516314393943253,1
-0.980209459025195,-0.5160977706149351,0.6317919169954197,1.4458013166302834,2.577812300269357,0.6788314543146012,1.0,1.0,1.0,1.0,1.0,0.0,1.5917788309227496,1
0.18400568288680555,0.11982553747701652,-0.2942526079498514,1.191282013650229,-0.2843805304081494,-0.21616969010458967,1.0,1.0,1.0,0.0,1.0,0.0,1.2987258395926382,1
1.3330044661872251,0.48179290193205004,0.4179505643772628,1.1589002787816136,0.6298101167202597,0.2415257138914114,1.0,1.0,1.0,1.0,1.0,1.0,2.5076046509745464,1
-0.7462090389985108,-1.1326839966948827,-0.7735801053968544,0.5380631305735913,0.5211654408246787,1.5740079760348662,1.0,1.0,1.0,0.0,0.0,0.0,0.9612205535625415,1
0.780009750783073,-0.38295779743724234,-1.782975475320881,-2.3161733410735468,-0.9610604538720371,-0.5223128452808994,1.0,0.0,0.0,1.0,0.0,0.0,0.7317721726124873,1
