-0.6201155871178726,-0.9873035177425142,0.49466609940196826,0.1668974977617008,-1.1195089305455739,-0.21045324067161925,0.0,0.0,1.0,0.0,0.0,0.0,0,0.4986429584975404,1
0.8744448267699286,0.8203628760918443,1.3774382482832903,0.4520286194422076,0.22629031682757553,0.21671328124014858,1.0,1.0,1.0,1.0,1.0,1.0,0,2.0701337225585874,0
0.38628045606448896,0.6319996817592854,1.0387502933658461,0.3493459980879865,-0.6789577525359283,0.5417887482512456,0.0,1.0,1.0,1.0,0.0,1.0,0,2.516819698480653,1
1.4532272434811226,0.14513421430390439,-0.5936865205550008,-1.0569599411173367,-2.0696378635519337,-2.3009988577821203,0.0,0.0,0.0,0.0,0.0,0.0,0,0.3737837513513684,0
-0.4618968839135454,-1.1391390794948109,-0.4949442728282923,0.21364218683677144,-0.5099019009264847,-1.1740440676485526,0.0,0.0,0.0,0.0,0.0,0.0,0,0.6461935446177403,1
-1.1511360169322724,-1.9805187485245987,0.7372408760647347,0.6280086513322997,0.10609079605111434,-0.18548840354768847,0.0,1.0,1.0,1.0,1.0,1.0,0,0.5437750910828114,1
-1.1523376793811648,-0.7808432876755764,-0.7998746457447085,0.10957913061886135,-0.8883278747154382,0.4515706483639402,1.0,0.0,1.0,1.0,1.0,0.0,0,2.0785380263268975,1
-0.14617180319499473,-1.3054535044937623,-0.6875989952342894,0.3531033655588899,0.20507744384997642,1.412845880011343,1.0,1.0,0.0,0.0,0.0,0.0,0,1.012068986889554,1
0.7211683616097373,1.3245185190626723,-0.8357205779466602,0.783818414261829,0.7598737547421538,-0.8752364445972128,0.0,1.0,0.0,1.0,1.0,1.0,0,0.7211756318881376,1
-0.6251737939554836,0.1936908245923377,0.5237208664910983,0.6378999376804991,-0.5694796230778247,-0.26228651752404913,1.0,1.0,0.0,1.0,1.0,1.0,0,0.6314227785366855,1
0.3922210296497278,-0.876346012937289,-0.4818432088836888,-0.08182204246246816,-0.5697671682479636,-0.4739706661737906,1.0,1.0,1.0,0.0,0.0,1.0,0,2.165235539190539,1
-0.4063134474699442,1.574441630115541,1.0939014502636049,-0.4398991558976953,2.1318500834773317,1.963010771185708,1.0,1.0,1.0,1.0,1.0,1.0,0,1.1438431001186757,1
2.5445253737681384,0.7733634344955648,-0.15063839902752926,-0.6458623796724056,-1.5027961626504902,-1.5535730988525547,0.0,1.0,0.0,1.0,1.0,0.0,0,0.7598293860631293,1
-0.4298262794989256,-0.12675449445268275,1.6124159207377782,1.636846968419968,-0.2675633563380303,-1.5260485193616533,0.0,0.0,0.0,0.0,0.0,0.0,0,0.9266232751344933,1
0.24368889338347802,1.4968424576429618,1.421038244964143,1.9735414839012555,1.8709042756068002,0.8922327441413658,0.0,1.0,1.0,0.0,0.0,1.0,0,1.1395196590961707,1
0.14787615371253965,0.23649407366410144,0.2667880418061405,0.27978003419814224,0.24775470625502946,0.07990639118333229,1.0,1.0,1.0,1.0,1.0,1.0,0,2.1863253394991644,1
-0.4906487220175169,-0.37416800622718466,-0.835410492561766,-0.598497888782151,0.050704544634061016,-0.40444313768000606,1.0,0.0,1.0,0.0,0.0,0.0,0,1.1393035741209134,1
-0.06768089039193291,-1.600831814337193,0.9729221347452816,-0.5625801308621013,-1.1179563251508189,-1.4559206117042478,1.0,1.0,0.0,0.0,0.0,1.0,0,4.703238814638733,0
-1.700144312723156,-0.7976100461323596,-0.2058324426121955,0.08299720677547029,0.06869482153062895,-1.249004791040654,0.0,0.0,1.0,1.0,1.0,1.0,0,0.6078708652235775,1
-0.03542625534442883,-0.37145164836460803,0.20653024703567985,0.04779942049350183,-1.2815716586411334,0.5411140552071815,1.0,0.0,0.0,0.0,0.0,0.0,0,1.9273560930471643,0
0.4450303641786056,1.3950132339867374,1.3868997678798696,-1.4900113372359982,-0.707184557711057,-0.8432070567921858,0.0,0.0,1.0,0.0,0.0,1.0,0,1.6623776283153398,1
-0.11921281138267996,0.579238869985342,0.2509472268632511,-0.06544412828617932,-0.9737240507996479,-1.2921764753978493,0.0,0.0,0.0,1.0,0.0,0.0,0,1.4099301958472203,1
-0.8828983468730603,0.36885661191076763,2.3123949344153205,0.3926167568215511,-1.1085414105785811,-1.424664241568985,0.0,0.0,0.0,0.0,0.0,1.0,0,1.8983260924530405,1
0.6710534956993355,1.3740846289050728,-0.5159359235341815,0.23354130510439186,-0.7080706151177251,-0.4923000325031304,0.0,1.0,1.0,0.0,0.0,0.0,0,0.6925120882198293,1
1.899837959186181,2.1990526974095674,2.341032171299295,2.0961871671421344,1.314922926997672,-0.1305272942336198,0.0,1.0,1.0,1.0,1.0,1.0,0,2.691992584096618,1
-1.3085787094859302,-1.7934612953211244,-1.0883853468033637,-1.5399270233428821,-1.1745306667377369,-0.20922415803672473,1.0,1.0,1.0,1.0,1.0,1.0,0,0.9055467818744783,1
0.2645575019031131,-1.5751221010808496,0.2857164106238662,-0.17914804540286922,-0.16190756560928649,0.23816613800873657,1.0,1.0,1.0,1.0,1.0,1.0,0,3.956007280460899,0
-1.6560850550398194,-2.9892369398809735,-2.996398383607761,-0.13998874651656018,0.8672997112457002,1.7201255629037056,1.0,1.0,1.0,1.0,1.0,1.0,0,1.1134264552719249,1
0.8848659473242904,-0.4662609106157743,-0.3834903025879144,-0.5310120085641115,-1.1058080565304997,0.31073319446422093,1.0,1.0,1.0,0.0,1.0,1.0,0,1.604238009344018,1
-3.2286262215885704,-1.8416698840847787,-1.0206253882763734,1.1575586095311157,0.8707512845778687,1.4688105727910565,1.0,0.0,1.0,0.0,0.0,1.0,0,0.23556232361884188,1
-1.3033154257675164,-0.5411982445987753,-1.0119096582674552,-0.51443586064804,0.24020274453670068,-0.1861692357919248,0.0,0.0,0.0,1.0,1.0,1.0,0,0.5104801330320651,1
-0.08430973704702471,-0.286880796713085,-0.7284831547073576,-2.203054245733969,-0.7275145296572931,-0.9062267357766788,0.0,0.0,0.0,0.0,0.0,1.0,0,1.1076195555435968,1
-0.892828435678345,-1.5509789727007994,-0.06713851540031641,0.10394191285229765,-0.273966887667792,-0.3111544572028995,0.0,0.0,0.0,0.0,0.0,0.0,0,0.7840703718007397,1
0.22003671157826163,0.29110592509361827,-1.5600419939214014,-0.27990838862785383,-0.434353400015794,0.1208804891731435,0.0,1.0,0.0,0.0,0.0,1.0,0,0.07971429970952927,1
1.3563646532155171,1.5651724367818247,1.0781639063832467,1.7438317741831402,0.20931580521676127,0.8645944466922523,0.0,1.0,0.0,0.0,0.0,1.0,0,0.9385503493721987,1
0.11757079195941511,-0.6367617161058894,0.5984027375607199,-1.8924655671605428,-0.5683244391895625,-0.34181345096587995,1.0,1.0,1.0,1.0,0.0,0.0,0,2.272431972357176,0
0.010527914089116257,0.185217435166851,-1.1406363647453304,-1.5994695415013056,-0.48675039233916667,0.24221107442977843,1.0,0.0,1.0,1.0,1.0,1.0,0,0.7378897513595822,1
-1.9686887109457767,-0.9261687476806231,0.07442083391845383,1.1054852894931066,0.23630121616835437,-0.3517634292715546,1.0,0.0,1.0,1.0,1.0,1.0,0,1.9566485960688291,1
0.26389499202373384,-0.29374945438128897,-1.366802319259832,1.2616029931794777,-1.0692910426893298,-1.908674610826754,1.0,0.0,1.0,1.0,1.0,1.0,0,2.337080306053168,1
-0.045031426350772334,-0.8081085211833758,-0.9723462627846762,-1.5117995397947188,-2.8997101119027158,-0.9615010563358057,0.0,0.0,1.0,1.0,1.0,1.0,0,1.1498778329013382,1
0.6234468699706238,1.7417983728479154,1.2526546384181763,0.6758552357109614,1.3501516047596636,0.18473553584200358,0.0,0.0,0.0,0.0,0.0,0.0,0,0.36986027863184173,0
1.7439645755115991,0.8928371046218814,1.0195108304135305,2.567267733068698,0.7849371695928109,0.5989686012878548,0.0,0.0,0.0,1.0,1.0,0.0,0,1.8975720073318028,1
-0.7828864810044535,-0.10614028060581458,0.05899515489454157,0.5378516004549853,0.7418077107520674,1.168469818263542,1.0,1.0,0.0,0.0,0.0,0.0,0,1.21057496998369,1
0.6685138248968819,0.2925303974623949,0.41318516323842625,0.2592072823345588,0.7024029919709378,-0.807366007857377,0.0,0.0,1.0,1.0,1.0,1.0,0,1.6750576925123453,0
1.447568764442674,1.6783410065235198,-0.6152210486177442,-0.42584782700573187,0.04493999982816103,-0.7748502536502959,0.0,0.0,1.0,1.0,0.0,0.0,0,0.3134973443139353,1
-1.294324982616353,0.026391929691808043,0.5351534151344934,0.5035877495313086,0.6079316526250459,-1.4881360551382241,0.0,0.0,0.0,0.0,0.0,1.0,0,0.9431758774739804,1
-1.0239515772165353,-0.2767886956192902,-0.8874945244374933,0.31436516767989725,-1.0424436200991354,-0.15422760979616776,0.0,0.0,0.0,0.0,0.0,0.0,0,0.6427562939577952,1
-1.0378038453536045,-1.1285223926308967,-0.25001418612358006,1.2370944689645973,0.8341359070301666,1.6466030164908627,1.0,1.0,1.0,1.0,1.0,0.0,0,0.6725098217409679,1
-0.4818084360981628,0.7508704013219125,-1.211241498428915,1.6574776305446843,-0.2792721657555908,-0.1259664910648749,1.0,1.0,1.0,1.0,1.0,0.0,0,0.5573359055523682,1
-0.4134333263918133,-0.3097907728224901,-0.715037698247672,0.4789899718513613,1.3740930829534972,0.7342600130815654,0.0,1.0,1.0,0.0,0.0,0.0,0,0.22674020172348167,1
0.09891452559156244,0.9254489894823676,0.5881243256358839,-0.7887769451152369,-1.1734784365896533,1.1286341482125395,0.0,0.0,1.0,0.0,0.0,0.0,0,1.0077921562735332,1
0.8638175353180443,-0.6267292622015735,1.3590999928965874,-0.5131543729073694,0.476426537592241,0.8270744962187411,1.0,0.0,0.0,0.0,1.0,0.0,0,1.4442298989781446,0
-1.3233027370269295,-0.5382178398208728,0.5161717125916644,0.7897188952368022,-0.16921069662386617,-1.2572959058504114,0.0,0.0,0.0,1.0,1.0,0.0,0,0.7751482095093462,1
1.8296462917254988,-1.8876851176151621,-0.44590578650135154,-0.5405373422637325,-1.7169122500405427,-0.8771791741077157,0.0,1.0,1.0,1.0,0.0,0.0,0,3.452485285003975,1
-0.8495349451756565,-0.06684269910842176,-1.316832553190726,-0.15279940699603348,0.8338386020632683,0.9875655216181352,1.0,0.0,1.0,1.0,1.0,1.0,0,2.053385651826964,1
-0.4976381032227067,-0.37304384159166765,-0.1140126471983632,0.2067420108714534,0.6375168102401448,0.4841957244574803,1.0,0.0,0.0,0.0,0.0,1.0,0,1.0111729639542766,1
-0.3177538257368931,-1.2848198277443612,-0.6118207610260843,-0.08286580733311151,0.1496864580141683,-0.5789910098990015,1.0,0.0,0.0,0.0,0.0,1.0,0,2.7975342836555828,0
1.4036062329958041,-0.05405738156994013,-0.08490287099119193,0.8420327635828072,0.18188305466357094,-0.5512538956228673,0.0,0.0,1.0,1.0,1.0,1.0,0,2.797965763641525,1
-0.7681005359147564,0.08810093612892697,1.7286700471547236,0.7823356009007062,-0.4850060593274808,0.609084705354482,0.0,1.0,0.0,0.0,0.0,1.0,0,1.6520783880080587,1
-1.4403112705025718,-0.5223121243038044,0.6125881687599685,-0.09291617430150127,0.740995029087096,-0.49804531375920535,1.0,1.0,1.0,1.0,0.0,0.0,0,1.0332078540396936,1
0.17346248805494033,-1.098417642943602,-2.0527583084185808,-0.0019872577538619664,0.6521276364255549,-0.7114280306490904,0.0,1.0,1.0,0.0,1.0,0.0,0,0.38066227342990167,1
-0.09162586879476917,0.29795806347710757,0.2142200768665253,-0.4414773244810472,0.9821781501232165,-0.10453679452334104,0.0,1.0,0.0,0.0,0.0,1.0,0,0.9330924367656723,0
-0.23106315916631417,0.14405610130385593,-0.37329401093461845,-1.0166186566860749,-0.48930441908011835,-0.11333717014611373,1.0,1.0,1.0,1.0,1.0,0.0,0,1.6516484728531113,1
-0.25690864638272176,0.2186098223324651,-0.3141117136975371,1.2586254780998758,0.25665906109360925,0.13510386388981646,1.0,1.0,1.0,0.0,0.0,0.0,0,0.43282765673854845,1
0.7114530378590654,-1.6212009177839504,-1.6926924094535254,-0.9249506622363152,-0.9322706134009215,-2.5647524228393386,0.0,0.0,0.0,0.0,0.0,1.0,0,2.1856868488203602,1
-0.8453745312846654,0.13158430100708335,-0.7083317319269127,0.18656851132007007,0.559266026268877,1.2009211967091704,1.0,1.0,1.0,1.0,1.0,1.0,0,0.669001829589508,1
0.7588692157976963,0.008580734319034306,0.8418825143909665,1.1964655148521148,0.7392331737546833,0.21310542349674033,1.0,1.0,0.0,1.0,0.0,0.0,0,1.050828596715741,1
1.2767963747466502,1.2295044187652908,1.6296595106456653,1.982308923283663,0.4896253029339922,0.36228917506573377,0.0,0.0,1.0,0.0,0.0,1.0,0,3.0151968269078893,1
1.232250667488199,-0.31151515995302836,0.40998500828126244,-0.3120746898910771,-1.4481746949393304,-0.19495895190087933,1.0,1.0,1.0,1.0,1.0,1.0,0,1.0194173460274736,0
1.693873576262677,1.0803297910392589,1.5387762332617185,0.6283688537549431,1.572419211731303,1.739824982326937,1.0,0.0,0.0,0.0,0.0,1.0,0,0.6217562349512962,0
-2.2421472685553967,-0.32598697981075114,-0.4544329655142632,0.9534613187529132,1.6703632376544286,0.6767662858631233,0.0,1.0,1.0,0.0,1.0,1.0,0,0.47694371148165104,1
0.989379285634562,0.46448166276180736,-0.2965794020153871,-0.36522634989665087,0.549312876227794,1.739522690290864,0.0,0.0,0.0,0.0,0.0,0.0,0,0.9157080527003634,1
1.593197889889021,-0.5868241754123138,-0.4632860240819146,-0.5960346129891139,0.11307756268856287,-0.7128651134836742,0.0,0.0,0.0,1.0,0.0,1.0,0,4.396410001258475,1
0.48636173037938873,-0.5205194254649493,-1.4535820143288027,-1.7079040998546733,-0.7461117877073914,-0.02187798438674985,1.0,1.0,1.0,1.0,1.0,1.0,0,1.7732127063391419,0
0.33212925819835576,-1.3885302384267486,-0.7080726495873063,-1.3383128118684469,-0.46328267363105113,-0.3809854789250613,1.0,1.0,1.0,0.0,0.0,0.0,0,2.213829304635864,1
-1.0184295782896504,-0.5386375786837586,0.18778459180555301,-0.15774695770045893,0.4907535819572854,-0.1671246643323279,1.0,1.0,1.0,1.0,1.0,1.0,0,2.225941845731409,1
0.03617306918548708,0.8352377283723281,1.0558142142968934,0.5252128639057638,1.1869200226287404,0.05180383414426162,0.0,0.0,0.0,0.0,0.0,0.0,0,0.5725525852541591,1
-1.0544723543118075,0.29861213819647375,0.42564834447726035,0.7025685849739003,0.3993893205570938,0.07598874820901126,1.0,0.0,1.0,1.0,1.0,1.0,0,1.3006123255784998,1
-1.4350778046458617,-0.40403017515216344,-0.8476479583529488,0.24872212504342026,-0.4372653076989783,0.7141407946610535,1.0,1.0,1.0,1.0,1.0,1.0,0,0.6028404481309586,1
-1.003152522452323,-1.1664415057069601,-1.5679535747589874,-2.41414609052252,-1.712501115626342,-0.9638305962152988,0.0,0.0,1.0,0.0,0.0,0.0,0,0.5868435692568508,1
-0.669828472060597,-1.086230549705913,-0.2517288337377975,-0.34141191164710805,1.3189614881581935,0.3922876198713853,1.0,1.0,0.0,0.0,0.0,0.0,0,0.22184106628710734,1
-0.868443644164217,-0.844011177151702,-0.8007315584468685,-0.36520058248046305,-0.3895049004885102,-1.538301667909213,0.0,0.0,1.0,0.0,0.0,1.0,0,1.5351233870108785,1
-0.4194424356563329,0.0352938546495632,0.049717030669168494,-0.4982484907058898,0.2954980593673595,-0.07794334014635863,0.0,0.0,1.0,1.0,1.0,1.0,0,0.4434359233713244,1
0.3975559978375076,1.5979197761574602,0.5599690179770968,0.11481705436448993,1.3051071302966302,0.11130572472162051,1.0,1.0,0.0,0.0,1.0,0.0,0,1.1037723250244111,1
1.4001025836385494,1.8643242494516565,0.30418102172158723,-0.34013335220379054,-0.3058133798918216,0.7281699037802901,1.0,1.0,1.0,1.0,1.0,0.0,0,2.189198502133584,1
-0.47415941066322126,0.1341226456480086,-0.7075170442736372,0.15207700426308277,0.8657818191276073,0.6432000844069264,1.0,1.0,1.0,0.0,0.0,0.0,0,1.0198855760637922,1
-2.8961421899589435,-1.2564412862733922,-2.5072997235983925,-2.013553520788509,-1.4846103033141003,0.11936745930300835,0.0,0.0,0.0,0.0,0.0,0.0,0,0.06345914626332279,1
0.8232841127236805,0.11080571220803045,-0.5041114587793505,-0.6831998061809784,0.3320845844443204,-1.6248957197536822,0.0,0.0,1.0,1.0,1.0,1.0,0,0.8127069492372603,1
0.5991203078669933,1.2913940836700044,0.21034815206298496,0.3849382062377396,1.8866220788848715,0.15327412928420883,1.0,1.0,1.0,1.0,1.0,1.0,0,1.730686235993509,1
0.9565115439451214,1.1260103618873878,0.4427736663387367,1.5428137541111466,1.3236023185644696,0.6859366463107074,1.0,1.0,0.0,1.0,1.0,1.0,0,1.2583546783876005,0
1.3055602056726094,2.3270559274096017,1.7915412353933262,0.36298255574364835,0.2011777682649857,0.23435462140588978,1.0,0.0,0.0,0.0,1.0,0.0,0,0.4129360196830511,1
1.009697573869347,2.1028313253012167,0.29101838416341996,-1.2533106058684644,0.26823903508552716,-0.40346864240172337,0.0,1.0,1.0,0.0,0.0,1.0,0,1.0749992050201505,1
-1.2567753164944775,-0.9146005399103488,-1.8017763406154197,-1.3380194403731143,-0.9623914901791971,-0.1902168397995297,1.0,0.0,0.0,0.0,0.0,0.0,0,0.15543732886593792,1
0.7473014130673968,-1.1711897273002456,0.22501223461326234,0.20480913930681643,-0.4274222985996982,-0.5306636481988141,1.0,1.0,1.0,0.0,0.0,1.0,0,2.5915087866607007,0
0.3127463792370326,-0.7043559952922406,0.0393483650955189,0.02934052390023356,-0.2104786398491159,0.04872349701981551,0.0,0.0,1.0,0.0,1.0,0.0,0,1.1318923013507958,0
-0.5119288926265696,0.7368323455043846,0.6056735583707857,-0.10659307838180188,-0.6194330405575788,-1.0947389435298547,0.0,0.0,0.0,0.0,0.0,1.0,0,0.5157386977927407,1
1.8927165945469624,0.3014731314880995,-0.05985431262640503,0.09188896247754613,1.0041480410546306,-0.005301109974095152,1.0,1.0,0.0,1.0,0.0,0.0,0,1.987409916890843,1
0.5916350946099201,-0.5658451236023729,-0.2136266105623943,-0.46558687159492634,-0.09779957286491046,-0.5830480886914603,0.0,1.0,1.0,1.0,1.0,0.0,0,0.7675297213293919,1
0.5653299558338702,-0.3713306731577858,0.47422193930453876,-1.0804252609062879,-0.4867801823143767,-0.6103062409423494,1.0,0.0,1.0,1.0,0.0,1.0,0,4.932693065200353,0
-0.9892241234765825,-0.4844287177201535,-0.34940092820530483,-0.11821609106434873,-0.638053270617185,0.01189989858303293,1.0,1.0,1.0,1.0,1.0,0.0,0,1.4274169178415432,1
-0.7383189592153001,-1.1099751952106585,1.8402358010800361,1.9478654897609406,0.6768263826720495,-0.010561349521861562,1.0,1.0,0.0,0.0,0.0,1.0,0,3.4824398341594947,1
-0.412825954503366,-0.27042620440726645,-0.029333709233797526,0.33250632285119974,0.9853080197860429,1.06523848022868,1.0,1.0,1.0,1.0,1.0,0.0,0,3.127457580899633,1
-0.08778159400196918,-0.2059328471178088,-0.3010034035603438,-0.33233016964658296,0.2472961450951217,1.1655904453306252,1.0,0.0,0.0,0.0,0.0,0.0,0,2.7011282739404345,1
0.15667968474790692,1.127829556073095,-0.6707088082478042,-0.26871138309012327,0.13796796687849341,0.40095151419575104,0.0,1.0,1.0,1.0,1.0,1.0,0,0.568998732483709,1
-0.8827749388932279,0.29547039156630645,-0.23325201618345762,-1.1305778420271495,-1.5495502922115207,-0.4231092133127717,0.0,0.0,1.0,1.0,0.0,0.0,0,0.9661175723084265,0
0.03135127646245495,-0.21270145538002816,1.4469267811014488,0.9981707392466116,0.6866921675235846,0.34376626366462537,1.0,1.0,1.0,0.0,0.0,0.0,0,3.480070227471013,1
-0.3497117680092639,-0.6321606208582153,-0.9791499048753578,-1.6358144210175722,0.050851723075751434,-1.3501990066083904,0.0,0.0,1.0,1.0,1.0,1.0,0,0.3922044830390955,1
0.948792112462407,0.017595500713984667,-0.012976684684820675,-0.5329898427346023,-1.5720401259907084,-0.3704588443609202,1.0,1.0,1.0,0.0,1.0,1.0,0,1.3807876570653954,1
1.2342938233601366,0.45724841552517,-0.9531842201807523,0.3914452103756322,0.047901762649847524,-0.9618190571551374,0.0,1.0,1.0,1.0,1.0,0.0,0,1.1270296556104766,1
-0.6382448668379033,-0.6178692133444366,-0.5931142589056798,-1.0189722846117029,0.04119285749514689,-1.0768341495652485,0.0,0.0,0.0,0.0,0.0,0.0,0,0.6741713615857824,1
0.2114974221219276,0.4569383998251576,-0.4557740018422211,-0.5295046447080506,-0.7449504845562517,0.9308386805500685,1.0,0.0,0.0,0.0,0.0,1.0,0,0.879784618485241,1
0.0797469067847059,-1.1461390703642247,-0.5198647549194603,1.74969046559497,1.6822421750526029,0.32042283228900964,0.0,0.0,0.0,0.0,1.0,0.0,0,0.21921576349604932,1
-0.40550563375843396,-1.5481341248826153,-0.7080842637196177,-0.5398859164546463,-1.0582808104137493,-1.4842398494903268,0.0,0.0,1.0,1.0,1.0,1.0,0,2.1532709107033923,0
1.210887953629345,1.2631295844544859,-0.3384262667887272,-0.5872040519563543,-0.11138708209565129,1.316194886711513,1.0,0.0,0.0,0.0,1.0,1.0,0,1.7441394365916636,1
-0.20960452681397285,-0.4818821954687156,-0.6409557726102546,1.412646908384668,1.8576790531868308,2.539108588628833,1.0,0.0,0.0,1.0,1.0,1.0,0,0.2780380460978408,1
1.4171713961989225,2.1581144282296028,0.922531615846134,0.5274435505011352,0.9889874350572122,-0.4985938580310639,0.0,0.0,1.0,1.0,0.0,0.0,0,0.7854097008290314,1
1.360109624635798,0.8648722256610889,2.124563757900957,-0.4545728581448828,0.09461694473408291,-0.5977116841690403,1.0,1.0,0.0,1.0,1.0,1.0,0,3.8111257453451306,0
1.5983488982037577,0.8621059128273021,0.07187343003506891,-0.039862687838595263,0.1522476622952827,0.14038573846931812,1.0,1.0,0.0,0.0,0.0,0.0,0,1.7588681519019325,0
0.45881964904561795,-0.22392486059447358,-0.44524206595558946,-1.0879566311874846,1.4777183245796166,-1.0207119349458664,0.0,0.0,0.0,1.0,1.0,0.0,0,1.998749935856726,1
-0.6507396579875584,0.18210060325868485,-0.699967728220822,-0.9190011642808437,0.08194054744394765,-0.2989739035509603,0.0,0.0,0.0,0.0,0.0,0.0,0,0.31766312769168936,1
-2.0471156922007405,-0.9124804346524985,-1.4129698728777274,0.5581741686096088,0.030097800986306,0.011708702827324573,1.0,1.0,1.0,1.0,1.0,1.0,0,0.37241305362858074,1
0.13571717811413925,-0.970377968947215,-0.10095782737166707,-0.4402869815758054,-0.09172527522741886,0.5731940265513127,1.0,1.0,1.0,1.0,1.0,1.0,0,3.3177739111421025,1
-0.46911831631354056,-1.9823613265197617,-0.5221146056580149,-0.8032648201738172,-0.879499516830594,-0.12419568965919695,1.0,1.0,1.0,1.0,0.0,1.0,0,3.99697217373483,1
2.0381152378509992,0.669885168087314,0.25467224004191896,0.3121593919725016,-0.33778193083697594,0.6347016457385111,1.0,0.0,0.0,0.0,1.0,1.0,0,1.5432201519588307,1
0.606009181056605,-0.5569010124100072,0.110294588301396,-0.8966188108531142,-1.7548913184082522,-0.22855221988738547,1.0,0.0,1.0,1.0,1.0,1.0,0,3.460915817838542,1
0.9697095622337296,-0.49452588241371487,-0.5999153336203837,-1.3033536565660853,-0.2797135139303598,0.5379855094893736,1.0,1.0,1.0,1.0,0.0,1.0,0,1.937991824797674,0
0.49403551664501205,0.43662383680912714,-0.9128898979153272,-0.6052948091858211,0.8493616412930941,-0.03900513415441584,0.0,0.0,0.0,1.0,1.0,1.0,0,0.5798226307537718,1
-1.6553761025151876,-1.4210407052233587,0.1433157588277864,-1.2572501724708962,-0.24299732037472038,-0.4783546074822983,0.0,0.0,0.0,0.0,0.0,0.0,0,0.5313658462812357,1
-0.22655409409479507,1.3917941549518529,-0.09237147749708587,2.039641016283714,-1.2112579158814887,1.2561655912230512,1.0,1.0,1.0,0.0,1.0,0.0,0,1.0877434757169175,1
1.2876659845647784,1.0270578556059888,0.5608535179506866,0.2464245469940046,0.5025411087720132,0.12854711203852032,1.0,0.0,0.0,0.0,0.0,1.0,0,0.414590098875577,1
-0.678055039839541,0.06243665455467756,1.184104479234214,0.32840390284278115,0.6822786913771267,0.812614693344801,1.0,0.0,1.0,1.0,1.0,1.0,0,0.05610714893489901,0
1.3907631567253558,0.648605148044943,1.997392168363595,1.9254084124469562,1.4604332699260578,0.27338762818607865,1.0,1.0,1.0,0.0,1.0,1.0,0,5.696229371764345,0
-0.7899453987314455,-1.390429583491547,1.2332918162115527,2.494556432324097,0.9795805350743896,0.02299898165666735,0.0,1.0,1.0,0.0,0.0,0.0,0,1.2049514790541407,1
-0.7160797281630334,-2.1514495431305387,-1.4445075142918222,-0.979334728967729,-1.7413056160575728,0.47548354008124916,0.0,0.0,1.0,1.0,1.0,0.0,0,0.30748545284847284,1
0.5538729285370136,-0.05332467906593687,1.1879121274635827,0.9552326670768035,0.14677782612927784,0.7303925333316108,1.0,0.0,0.0,0.0,0.0,0.0,0,1.6092647179850441,0
-1.1356522526895072,-1.9604196060460912,-1.1459056263795817,-0.11186318471902741,0.5178066130582777,-0.42297692159070754,1.0,1.0,0.0,1.0,1.0,1.0,0,0.3489939497445167,1
0.891802819757148,-1.0082260748762346,0.9714210964715371,0.9360431748024839,0.8724926575380771,1.1540685814337726,1.0,1.0,1.0,0.0,0.0,0.0,0,1.9957759206323475,0
1.696536936384248,1.5659427027504542,1.8660681575193208,-0.16660512314669132,0.2857672456160972,0.6249307097548588,1.0,1.0,1.0,1.0,1.0,0.0,0,2.2287670174903944,0
0.5140276762828982,1.4220338653737248,1.816623726288167,0.4425580781245079,-0.36868403983997755,0.054338239984540154,1.0,1.0,1.0,1.0,1.0,1.0,0,1.6578774067271662,1
-0.7261679086876776,1.0481403702998087,0.3803845265568646,1.6535850561777572,0.927779308068907,1.5948014330441425,1.0,1.0,0.0,0.0,1.0,1.0,0,0.8156972218183136,1
-0.05783668409194798,0.622437715487037,0.5323039188564022,-0.2391609423128799,0.3488816038770073,0.5360933032176648,0.0,1.0,1.0,0.0,0.0,0.0,0,1.3635734366700187,1
0.00795051326195585,0.17659521232775596,0.8786103367921896,0.28233764070135636,0.8254851594270577,0.3606305829512296,1.0,1.0,0.0,1.0,0.0,0.0,0,1.7819529240704386,1
0.7003697092042276,-1.3359999901910606,0.28793958768452727,0.6469520139906134,0.7115911977963438,0.10744033793425917,1.0,1.0,0.0,1.0,0.0,1.0,0,1.7877757990564986,1
1.4690545717665715,0.15449934464675513,0.1425955174821504,-0.25884624218503066,-0.019185486054818256,-0.004012739488865033,1.0,1.0,0.0,0.0,1.0,1.0,0,2.0845901304997643,1
1.2521541478359868,0.6403086871683638,-0.9203295468699968,-2.078744215287167,-0.6912219803107397,-0.902450396784804,0.0,1.0,1.0,1.0,0.0,0.0,0,0.8949837792564106,1
1.320652387285734,1.0299235549039623,-1.1356136441131992,0.5229588177267019,-0.8510648860987489,-0.8514915716656457,0.0,1.0,1.0,0.0,0.0,0.0,0,0.15901699988633347,1
1.7175454801281398,1.540973293950011,1.6061305626141005,0.1913968363391339,-0.18361645267498017,-0.9365562376759593,0.0,0.0,1.0,0.0,0.0,0.0,0,2.4580966646943314,0
1.5155699458642047,0.7427849392290353,0.04947157891755674,-0.07727155413448801,-0.06422652471860425,1.071895260580192,0.0,0.0,0.0,0.0,0.0,0.0,0,1.3801685105610673,1
-0.4890059136130505,1.3281941167727662,-0.2299540350540372,-0.9814614792854727,-0.8932347504992513,0.2793582660365545,1.0,0.0,0.0,0.0,0.0,0.0,0,0.15603642727580086,1
0.12113342495578867,0.05292897369571627,-0.1824100564959824,0.29589109689560544,-0.4112658673506387,-0.42764622755676546,0.0,1.0,1.0,0.0,1.0,0.0,0,0.2522861088721634,1
-0.31045920545216177,-0.8724883507190909,-0.42006881807031493,0.38974709170787813,0.302032735685684,0.9573834542940488,1.0,0.0,1.0,1.0,1.0,1.0,0,2.3656965517729223,1
-0.810567814555024,0.5156264118290542,-1.0399129918825578,-0.052866292867533096,0.6692704360517647,1.3470850929612848,1.0,0.0,0.0,1.0,1.0,1.0,0,0.39013419133917304,1
1.1073013047856026,-0.7326155649386309,-0.35736868546049,-0.8335076798501582,-2.4657223273416333,-1.308376687008658,0.0,1.0,1.0,1.0,0.0,0.0,0,1.6403955209281647,0
1.2457510381229906,0.40795029939889926,0.34294429864895587,0.1908363447950338,-1.6802641715055047,-0.9236787378345341,0.0,0.0,0.0,0.0,0.0,0.0,0,1.0201317707893642,1
-1.152375148293164,0.4872852892464822,0.11722266449960611,1.6053635501326444,0.9913228591413056,-0.06926474136460406,0.0,0.0,1.0,0.0,1.0,0.0,0,0.5698371556129677,1
-0.31451894769766586,-0.925980906013853,1.1169808736517226,0.9889122754440572,1.5529372137385773,1.3795536433165592,1.0,0.0,1.0,1.0,1.0,1.0,0,1.2695418047665223,0
-0.42293792983909556,-0.7384898873905478,-0.38871640795771534,-0.8220717958445861,-1.0825096212130683,0.4638112431683435,1.0,0.0,0.0,1.0,1.0,0.0,0,0.9533394951411773,1
0.3534784056643459,-0.6291832816101292,-1.0897291846184936,-1.7198083636655013,-0.8849079207125647,-0.07737673690069588,0.0,0.0,1.0,1.0,1.0,1.0,0,1.2419632339210722,0
-0.7701904353684018,-1.5616006916679614,-0.4476737967316196,-1.0149340207340174,-0.3908961751416739,-0.6997245292265556,0.0,0.0,0.0,1.0,1.0,1.0,0,0.5662186915542777,1
1.1560829375962534,-0.8332306197556948,1.516043825255444,2.8292102982660094,1.244844047850288,1.5622479202805808,1.0,0.0,1.0,0.0,0.0,0.0,0,6.8215707690500516,0
-0.49885127017326286,0.06192227227758033,1.2864455269728967,-0.1248573598858404,0.19110356129355527,-0.9509570312518331,0.0,0.0,0.0,0.0,0.0,0.0,0,1.0051777079711761,1
1.097169506427298,0.2879023264981544,2.831465870512858,0.4467492949200154,-0.9915264296666975,-0.8427225863235481,0.0,0.0,0.0,0.0,0.0,1.0,0,2.247957103624044,0
0.13990707264175728,-1.131881603262488,0.18685621310411296,0.30867686442016057,0.6518797829583561,-0.6336971489985241,1.0,1.0,0.0,0.0,0.0,1.0,0,1.016994210721676,1
1.112731256722,0.7001356943132847,0.24011935552107522,0.03445153249612627,-1.4999870965563578,-1.1433747009094883,0.0,1.0,0.0,0.0,0.0,0.0,0,0.7918523651646964,1
-0.9165670250619935,-2.5326284826980188,-2.2339909890271223,-0.6046435426539292,-0.9033392359603531,-1.0785197070140038,0.0,1.0,1.0,1.0,1.0,1.0,0,0.4495791385920792,1
-1.15281222612651,-1.015860412849374,1.9085779200467408,1.7480876877857938,2.0996404999856,0.44807533825010964,1.0,0.0,0.0,1.0,0.0,0.0,0,1.004317199583091,0
-0.1582370569841428,-0.33978602690556564,0.45237378320179267,0.684297278039079,1.2265835477480371,1.7216740197370568,1.0,1.0,1.0,1.0,0.0,0.0,0,2.828408974842456,1
0.22461315134600335,-0.8233088660431676,-1.7367325554429147,0.21361540335533896,-0.07869044436580347,1.1908623634872633,0.0,0.0,0.0,1.0,0.0,0.0,0,0.7405015691263206,1
-0.5545198184163179,-0.84268290711042,0.9374273857681139,0.7099553128514082,2.2307262196696938,1.2021812801964349,1.0,1.0,1.0,1.0,1.0,1.0,0,2.283426022795766,1
-0.34422699960960196,-0.7662410336503962,-1.4360774010604738,-0.6151767952008572,0.738940489183249,0.5532202739849572,0.0,0.0,1.0,0.0,1.0,1.0,0,0.44978151112499887,1
0.46893649425894807,0.9456542964303419,0.7946367900634786,1.4016076361906311,1.3397817195350552,-0.016680413074683435,0.0,0.0,1.0,0.0,1.0,1.0,0,0.5319275072174815,1
0.30451288962815387,0.17806790946130913,-0.41475330850528436,-1.2278763323188866,-0.29923994644715124,2.2737608837411956,1.0,1.0,1.0,1.0,1.0,1.0,0,1.533797693356647,1
-0.7770021545195408,-0.2630814581316,2.246969966873739,1.132677623716562,0.9065657180014487,-0.018096763989936294,0.0,0.0,0.0,0.0,0.0,0.0,0,0.440431563101344,1
-0.6151909857191604,-2.577028782695922,-1.5697597981643154,-0.06903013029611296,-0.563855392287783,0.3581600724718472,0.0,0.0,0.0,0.0,0.0,0.0,0,0.7323937009384459,1
-1.5527377006088305,-1.4899781049314214,-1.5147981627210334,-0.38413335046742164,-1.5446478681661548,-1.8223713747979455,0.0,1.0,0.0,1.0,1.0,1.0,0,0.1766357918310347,1
0.2855292440638738,1.5676068563600143,-0.19320366681476264,0.8223690081482217,1.3729127146310078,1.478548468525427,1.0,1.0,1.0,1.0,1.0,0.0,0,1.0707650421971047,1
1.2119009752581857,1.669471445590168,-0.11067540559292548,-0.3912786193782673,-0.6286328637612265,-1.1838398297258277,0.0,0.0,0.0,1.0,1.0,0.0,0,0.4794807580633294,1
-1.0324497295822634,-1.0996144866583937,0.1365560032665804,-0.9542029788568623,-1.7639029894782168,-0.07991292149109165,1.0,0.0,1.0,1.0,1.0,1.0,0,0.6837073082244701,1
1.3354772845805936,-0.6604636142951861,-0.2964552211918738,0.29610171741947955,1.0641518508158399,-0.280120429893636,1.0,0.0,0.0,0.0,0.0,1.0,0,1.5443132206122558,1
0.20622732888072232,-0.07982018334117176,0.5134371874701465,-0.8147547324866959,-1.3727210640869731,-0.6418777075192028,0.0,1.0,1.0,0.0,0.0,0.0,0,0.6359727127355259,1
-1.3784626305993632,-0.4811106163285283,-0.5985605909011111,-1.4146200862957377,-0.14797315213125437,1.6010455412110842,1.0,1.0,1.0,1.0,1.0,1.0,0,0.34778869245611566,1
1.0736702241043579,-0.11346413293658716,0.9371762366872667,-0.6572720686909689,0.24947510758191804,0.27930501566448945,1.0,0.0,1.0,1.0,0.0,0.0,0,2.328727030914949,0
-0.8953654309323256,1.7193782427749962,-0.19098729338726483,-0.8330913195889599,-0.40735700458490326,0.5442403227294247,1.0,1.0,1.0,1.0,1.0,0.0,0,0.5372959742134715,1
-0.8465716769587704,0.014681787852976497,-0.7504665161138907,-0.2509595866804198,0.30745164878259706,0.672086960401036,0.0,0.0,0.0,0.0,1.0,1.0,0,0.20821870834224127,1
-0.24526641093649143,0.30048338807011676,-0.06967019865460031,1.6353809098938803,0.3880603180176078,-0.4615781451823658,1.0,0.0,0.0,1.0,0.0,1.0,0,1.376755079653985,1
-0.27879105386939695,1.0396919876124604,0.27758566881159646,0.18082076426763585,0.6859156189252112,1.0745397237847452,0.0,0.0,0.0,1.0,1.0,1.0,0,0.9358351351400572,1
0.8629845563795946,1.7346609746137571,0.42116712287391866,0.7902975830281257,0.8066582424249589,1.9387494284015456,1.0,1.0,1.0,1.0,1.0,1.0,0,1.442284362249478,1
-0.556825673440899,-0.9648106427045758,0.07498787275185885,-0.5618254900413071,-0.5703862303437366,0.5766327352044995,0.0,1.0,0.0,0.0,0.0,1.0,0,0.5399293154177415,1
-1.7740765086388648,-1.1335858078630752,-0.8856614819154949,-0.29346350584236086,0.874504366197394,-0.15341148593443607,0.0,0.0,0.0,0.0,1.0,1.0,0,0.6146332849953049,1
-1.7061599835075476,-1.2776339367852712,-0.4632356178859556,-0.3086415656372594,-1.3268220011183656,-0.8385471983086059,1.0,0.0,0.0,0.0,0.0,0.0,0,1.162932605847058,1
1.332783831814918,2.0117332957950507,0.1951964187226657,-0.685959089230589,-1.0160063729120055,-0.5653069984984221,0.0,1.0,1.0,1.0,0.0,1.0,0,0.1924151580839358,1
-0.5906063436044349,-0.6720781961192386,-0.676622326894363,-0.676194665721682,-0.5434910740811568,-0.27894057151298296,1.0,0.0,0.0,0.0,1.0,0.0,0,0.7486922803452519,1
-0.3233519261801501,-0.6739329157492356,-0.6031947896556737,-0.5848771390541555,-0.41406264293869555,-0.35374334994852785,0.0,0.0,1.0,0.0,0.0,1.0,0,0.7458188776450759,1
-0.28849495108838186,0.7385890598604865,0.1695412267786839,1.6894985226161165,1.4265432419547768,0.5659224945576253,1.0,0.0,0.0,0.0,1.0,1.0,0,0.48629308957423656,1
-1.53619386027946,-1.6972941690484082,-0.3668664154970487,-0.15143316771869478,-0.3093434917981385,-0.39564556592192845,0.0,1.0,1.0,0.0,0.0,0.0,0,0.4785359394480482,0
0.9150469986046158,-0.12075638866760643,0.9773051458696906,1.1941722087801652,0.06149219503312037,1.1502208244683467,0.0,1.0,0.0,1.0,1.0,1.0,0,1.2175333429917614,1
0.5070624421640304,0.2872696746964873,0.4551711147474411,1.6786845135803474,1.780867644174763,0.3528282525003671,1.0,1.0,1.0,1.0,1.0,1.0,0,1.1399962720685832,1
0.7727596790605823,-0.5929049038780388,0.6126611091046115,0.038671553335683194,-0.282478389254138,-1.0363259373054483,0.0,1.0,0.0,0.0,1.0,1.0,0,1.1539688413312346,1
-0.19643715454257152,0.3692888376117134,-1.144381136727213,-1.6014286433584861,-0.7427746112790428,-0.554863673814072,1.0,0.0,0.0,0.0,0.0,0.0,0,0.7186796473992045,1
0.5486372353042962,0.04395384416378468,-1.0985284761472158,-1.539796666459726,-1.238640708829832,-1.3136957459610386,0.0,1.0,1.0,1.0,1.0,1.0,0,0.7312155210731497,1
-0.6364730065722387,0.3596609192585443,2.8775763574046187,1.1531435821346925,1.8046654649487255,1.3124201651941145,0.0,1.0,1.0,1.0,1.0,1.0,0,0.5468622033637827,1
0.39488833988728267,-1.4031350847119786,0.6437381633361465,-0.18271184783029137,0.3927563915893377,-0.5388445919124083,0.0,1.0,0.0,0.0,1.0,0.0,0,1.3942995919889734,1
0.3590028109667961,-0.1412417007912574,-2.176827524560055,-1.0983924130505331,-1.48105391584406,-0.6810456752742666,1.0,1.0,0.0,0.0,0.0,0.0,0,0.5297396559583681,1
-0.07278853049767572,1.3111852905312893,1.3819410108834655,0.10460712129181926,0.7640052754464354,1.7993435287699044,1.0,1.0,0.0,0.0,0.0,0.0,0,0.5908625460136705,1
-0.18614659608915007,-0.4099764148656051,0.11977949997017448,0.4799303540975352,-0.6114245394999767,0.8402212936514841,0.0,1.0,1.0,1.0,0.0,0.0,0,0.19396986366680957,1
-0.734885537838008,-0.8925252546343905,-1.1053011727963364,0.3486074346496454,-1.4769267614638721,-0.6143422866012253,1.0,1.0,1.0,1.0,1.0,0.0,0,0.4754152000245963,0
-0.16909249805594226,-0.6090766963682994,-0.7400603441206997,-0.3097953223483707,-0.5271835549898339,-0.2734782936057075,1.0,1.0,0.0,0.0,0.0,0.0,0,1.017281194887731,1
-1.7652038541489243,-0.6833973155877182,-0.780286271100866,-0.36830535544454357,1.5857953241867475,0.6384158481647183,1.0,0.0,0.0,1.0,1.0,0.0,0,0.8564132159570685,1
-0.6610966339821959,-0.8496221398493018,-2.148559725073383,-1.8248039677545904,-1.1781945122670088,0.7151517321231208,1.0,1.0,1.0,1.0,0.0,0.0,0,0.4950944012985486,1
0.3685349593315317,0.5810608853065303,-0.011395164464217088,0.10040634091972518,0.91616954273899,0.8324650766921954,1.0,1.0,1.0,0.0,1.0,0.0,0,0.23764271580533639,1
0.5335126136051249,0.7765242227080198,1.6827628146887443,-0.16361236159466527,-0.471151894426464,-0.16231509296855284,0.0,0.0,1.0,0.0,0.0,0.0,0,3.095243685468875,1
0.7142145128930683,-0.2267622110910773,-0.15224738669408353,-0.3787581090285206,-0.6807492403346491,0.37284049589582424,1.0,0.0,0.0,0.0,1.0,0.0,0,2.337586173416098,1
-0.3337163722479562,0.722545323182695,0.6660503848910347,0.5765274771922793,-0.22596846135225523,-0.805001493819897,0.0,0.0,0.0,0.0,0.0,0.0,0,0.7145702611955779,0
2.3569584967441726,-0.28096534063567075,0.0975612119931388,-0.16505326124625608,-0.8321468346804125,-0.8548804048903595,1.0,0.0,1.0,1.0,1.0,0.0,0,2.75712576796305,0
0.4810452113173612,0.17839011021122406,0.39695113201422366,-0.3015025025064165,0.30174996610204496,-1.1297497544708517,0.0,0.0,1.0,1.0,1.0,1.0,0,1.413585910686895,1
-0.4539818967959702,0.7847233882496606,0.4685738800863611,0.13931095312183858,1.8115026710243038,1.7953961222718673,1.0,1.0,1.0,1.0,0.0,0.0,0,0.7329246619807558,1
1.5151660548014243,1.2759869683850524,0.3443906033615319,0.5986180938528789,-1.186836024292773,-2.058815667137708,0.0,1.0,1.0,0.0,0.0,1.0,0,0.5194968811997732,1
0.17001487498807502,-0.447097709503538,0.3465241712375509,1.2422265459561626,2.003352527685,1.4363267565066098,0.0,0.0,1.0,1.0,1.0,0.0,0,2.3509299525983605,0
-2.0719881389293837,0.05463551758825078,0.3707338779442929,1.391113851710134,0.5245818499737231,-1.266313546528158,0.0,0.0,0.0,0.0,0.0,1.0,0,0.39954261565499966,1
-0.025281558591668793,1.325470052874003,-0.1395735398190373,0.3844975556735603,1.204070477277907,-0.08634684256380028,0.0,0.0,0.0,0.0,0.0,0.0,0,1.0277214176597322,1
0.8564796865043399,-0.2586626134341126,-0.982878117157502,-0.9648198709578363,0.43804962960325905,-0.48793038336211747,1.0,0.0,0.0,1.0,1.0,1.0,0,1.8376516358751902,1
-0.9595404469351915,0.15186127594902848,0.6335769308684533,-0.9763251183314671,0.5292673484810995,-0.739965508626912,0.0,0.0,0.0,0.0,1.0,1.0,0,0.5106002373339109,1
-1.6527959828425658,-1.2925275453440201,-1.1856264893170825,0.06579341487056141,-1.3298905037767286,-0.5355013893161376,1.0,1.0,1.0,1.0,1.0,0.0,0,0.5180638675324574,1
0.008891006122326343,0.8049682571184326,-0.03540014267623746,-0.8201568091598639,-0.06013060678516534,0.7735910188985381,1.0,0.0,1.0,1.0,0.0,1.0,0,1.1058373654849027,1
0.3797653923124039,0.698766361249457,0.4924904529770891,-0.02820119928986334,-0.11285943323405274,0.769415067374482,0.0,0.0,1.0,0.0,1.0,1.0,0,1.832398321489832,1
0.6786445993914734,0.9181046095199357,2.4005619797171,-0.013117303719552343,0.6260123883808155,1.161860519909442,0.0,0.0,0.0,0.0,0.0,0.0,0,1.4562654165262423,1
-1.8821914298059461,-0.9698345288972133,0.35792546645928813,0.7689924136257636,0.20749358824255254,-0.47689564672233337,0.0,1.0,1.0,1.0,1.0,1.0,0,0.5964693745026762,1
-1.3551227502301073,-1.277130104638345,-0.27147553752057957,-1.153197897023115,-0.15102968529852798,-0.34981287860807364,1.0,0.0,0.0,0.0,0.0,0.0,0,1.6606508826072555,1
-0.6759027965348399,0.1850648752447353,-0.2807569630185167,1.4345060245503796,1.1293284789695903,1.1663623824968758,1.0,1.0,1.0,0.0,0.0,0.0,0,1.077388516540317,1
0.8972950706422668,0.6727929671014103,-0.5652657559847433,0.9019909903907445,1.5380411193345653,0.3486776936124089,0.0,1.0,1.0,1.0,0.0,0.0,0,0.40260824124645844,0
-0.1955382669055387,-0.8241245010707926,-1.4306715890762574,-0.5521127731649439,-0.42145233214617794,-0.8659663537317015,0.0,1.0,1.0,0.0,0.0,0.0,0,0.39712622289491867,1
-1.1924231677276929,-0.8874446526733946,-0.6193392700395391,2.196091864550635,2.047700539405283,1.4250773754813413,1.0,1.0,1.0,1.0,1.0,1.0,0,0.5670441928087702,1
2.327965484822981,0.9387573102950105,-0.5626669383605735,-0.11086116644433436,0.01808315506342656,1.0873371560036054,1.0,1.0,1.0,0.0,1.0,0.0,0,1.3406105234912005,1
-0.31998557484616996,0.6860124056993543,-1.0348108077171234,-0.22503445513389567,-1.8293089797742306,-1.1850133052807477,1.0,1.0,1.0,0.0,0.0,0.0,0,0.24562788945652958,1
-0.6102844856659077,-0.0011451055043275097,0.4634588120144306,0.8893357762382346,1.3743326231186739,-0.014170060229923068,0.0,0.0,0.0,0.0,0.0,1.0,0,0.43943796749354685,1
0.38378398970057487,0.7223917042222437,-0.8571177897090791,-0.8254762518723683,0.08517172204472875,0.16925763503820426,0.0,1.0,0.0,0.0,0.0,0.0,0,0.09791856722433304,1
-0.16170980544167948,-1.5253499011667175,-0.350305293875384,2.308758725223503,1.747640211415329,1.8425967393809497,1.0,1.0,1.0,0.0,0.0,1.0,0,4.538413246759957,1
0.08483810784330323,-1.025731233409232,-0.17344207073468987,-0.9135072407879359,-1.937742543017965,-0.6666186798799092,0.0,1.0,1.0,1.0,1.0,0.0,0,1.9399817933891814,1
-0.4940717932268165,0.5161021575785751,-0.09396629382372783,-1.3937774705883923,-0.7123134520829487,-1.0751233432359262,1.0,1.0,1.0,1.0,1.0,0.0,0,1.1513262818140622,1
-0.406054293909677,1.1220635312604939,1.3296534821189454,0.4532220838490775,1.629101153883585,-0.13471017994238405,1.0,1.0,0.0,1.0,1.0,1.0,0,0.34411791818246823,1
-0.6411290884075929,-0.08594082681539313,-0.831773510449079,-0.35783844754305866,-0.11708188219120669,0.20830435747338796,0.0,0.0,0.0,1.0,1.0,1.0,0,1.0124351619081533,1
-0.14536375616027264,0.08077869311892616,-2.939455300388328,-1.5040469087181203,-0.595194930407206,-0.6405000634455327,1.0,1.0,1.0,1.0,1.0,0.0,0,0.7001860596361313,1
-0.7914653052334766,-0.48845814310968166,-0.8908857708545304,-0.1523381221423148,0.24354232749981455,1.2561436868652105,0.0,1.0,0.0,0.0,0.0,0.0,0,0.35251368223088575,1
-1.1509233423226157,-0.1116956740227853,-0.848092565724258,0.23857248078164006,0.1964321376371717,-0.3258400770023908,0.0,1.0,0.0,1.0,1.0,0.0,0,0.08110387266075124,1
2.41329505781902,2.1403984650976566,1.2006307431711196,0.9489860470915744,0.11435636775512574,0.9485566790487596,1.0,0.0,0.0,0.0,0.0,0.0,0,4.032898225102536,1
1.0187044285034272,2.1718110565705895,0.04400079102861127,0.8306902941343095,2.4239767808090806,0.9849566647026519,1.0,0.0,1.0,1.0,0.0,0.0,0,1.0152881921462846,1
0.5414889146134672,-0.30750361887269884,0.6707695784535889,0.33052959038523066,2.176858509317578,0.38574712101030323,1.0,0.0,1.0,1.0,1.0,1.0,0,0.8010345596789588,0
1.0853838135633083,1.0651190599539624,1.7076727399434104,1.7208552729448605,1.382144663420473,-0.04848284216341184,0.0,0.0,0.0,0.0,0.0,1.0,0,2.683875663626281,1
1.3477980653896147,-0.1743238950506051,-0.8114317093117719,-0.34146047624201464,-0.02786251393153482,0.7691263023679442,1.0,0.0,0.0,0.0,0.0,0.0,0,0.6530749640230362,0
-1.47082568757709,0.2786376082647349,-1.077723163132835,-0.9246800313662069,-1.9654502014554596,-0.05385183408537593,1.0,1.0,0.0,0.0,1.0,0.0,0,0.12250391507786702,1
0.6574817510550488,0.04034641197425688,-0.029851126810384647,-1.27197605574697,0.010458599156846172,0.610185866213074,1.0,1.0,0.0,0.0,1.0,1.0,0,1.7150151377102152,1
-0.17004267832919145,-0.9787708973645193,-0.3387542224679878,-0.7884865728536193,-1.1347675814662381,0.4930384354399257,1.0,0.0,1.0,0.0,1.0,0.0,0,1.3518282868547935,1
0.475601060298912,-0.7196940644798845,-0.5997382108689486,0.6948137083496841,-0.32184024287065954,1.082055370758126,1.0,1.0,1.0,1.0,0.0,1.0,0,1.963185180234984,1
1.6641579788254486,0.837151326602947,-0.43318603095292,-1.1683309431555915,0.20754540734117288,1.0461899911790646,1.0,1.0,0.0,0.0,0.0,0.0,0,1.3502356905923025,1
0.9311800513433924,0.12325141800728823,1.2857527155971118,0.1883337384110223,0.2896051216035698,1.3553039513825926,1.0,1.0,0.0,0.0,0.0,0.0,0,1.3752048638552203,0
-0.03689785533883336,1.4672270606358875,1.3024050048114812,-0.4592349638034868,-0.6230487021625929,-1.381812900433233,1.0,1.0,1.0,0.0,0.0,1.0,0,0.47288462451012325,1
0.09199325027084577,1.8144081284156552,-0.3393671055825619,0.2570037286703219,0.1736607703025801,-0.38970957735235073,0.0,0.0,0.0,1.0,1.0,1.0,0,0.5008277333434085,1
0.565259942166148,-0.06505464151153302,-0.9382822104066038,-1.7544243301727775,-1.0063799455147733,-1.1787253246192495,0.0,0.0,0.0,0.0,0.0,1.0,0,1.0695000764807003,1
0.817144842425135,-0.11333559428728794,0.17550953099345118,-0.456973543041355,-0.3922409936184847,0.2127435476826197,0.0,0.0,0.0,1.0,0.0,0.0,0,2.3539158008262726,1
0.8049647670038852,1.0428241827808116,1.5803444693224293,1.0810081445211546,0.15903198656125914,-1.1589727104265546,1.0,0.0,0.0,1.0,1.0,0.0,0,2.53625048132689,1
-0.6316242504297817,-0.09446840674833347,-1.4480787090749654,-1.0393389435471687,0.11013929167284082,0.33657651569506697,0.0,1.0,1.0,0.0,0.0,1.0,0,0.2854818179859299,1
-1.4769397956255879,-0.0403240041868777,-0.113259119908322,0.005421604764931777,-0.31641595686105095,-0.8930254207214491,0.0,0.0,0.0,0.0,0.0,0.0,0,0.11213592783996945,1
-0.19783673814490613,1.2191774792587275,0.8404060285359126,0.22259277163072064,0.725786991579675,-0.7950507523774362,0.0,0.0,0.0,0.0,0.0,0.0,0,0.2978986018264925,1
0.7389100081322398,0.3945047211281389,1.368285309456916,0.7420656888756811,0.20092364807650107,1.7738464147297712,1.0,1.0,1.0,1.0,1.0,1.0,0,0.8545088781410217,0
0.6815112930447067,0.40934007421043705,-0.19737722842266095,-1.3642556003437027,0.2983555045497152,-1.627926662189773,1.0,0.0,0.0,0.0,1.0,1.0,0,1.1551794294185007,1
-0.4659125594919049,-0.9319326866791818,-0.25002208467520154,-1.96211177320399,0.24498989966803755,-0.4510136825444297,0.0,0.0,0.0,0.0,1.0,0.0,0,0.7106640325137085,1
0.362528042903543,-0.6095668696697211,-0.899840090929257,-0.6801174679584119,-0.8808455638723502,-1.0694733583868055,0.0,1.0,1.0,0.0,1.0,1.0,0,2.7032027108832257,1
-0.8245393947818631,-1.3565710463700624,-2.4980452541504357,-0.271140028624715,0.649316773233261,-0.22941675517871843,0.0,0.0,1.0,0.0,1.0,0.0,0,0.42248287523077194,1
-0.1613916913997463,-0.29020535281623233,-0.48265022156615034,-0.10820810154084652,0.5396422954773176,-0.3589736807006373,0.0,0.0,0.0,1.0,0.0,0.0,0,0.7034518793262229,1
0.5453520863858874,-0.46816198710578066,-2.167579079499313,-1.4734617187303354,-1.6896627137917608,-1.3753539594163264,0.0,0.0,0.0,0.0,0.0,0.0,0,0.31082776582775645,1
1.009348043310965,0.9254038586894494,1.066533665905902,0.4296405380845614,0.6130772769323098,0.5620767635610724,1.0,1.0,1.0,1.0,1.0,1.0,0,1.3583833924185023,1
-0.7017548907994461,0.7632126241407704,-0.9199019096586047,-1.96208473813997,-1.7177246841522504,0.4507637257186559,0.0,1.0,1.0,1.0,1.0,1.0,0,0.23387907549864287,1
-0.21487591536700953,0.9691967772661956,0.26775143586946865,-0.34322024949428787,-1.085586255754138,0.12168891130118964,0.0,0.0,1.0,1.0,0.0,1.0,0,0.4562380896299303,1
1.4352881106754294,-0.6028268144515987,0.5208060955793415,0.019500092788663013,-1.5217808868995057,-1.1055866904442866,0.0,0.0,1.0,1.0,0.0,1.0,0,2.6704080539360344,1
1.443640791459393,0.2638966086537606,-0.29571285749670423,0.3770821617539051,1.1541536378583739,0.9376074654998998,1.0,1.0,1.0,1.0,1.0,0.0,0,3.21078787839764,1
-0.9878276690560985,-0.16624938874669062,1.4533318708130056,0.5178714478721307,0.7977584340073022,1.4112925854376248,1.0,1.0,0.0,0.0,1.0,0.0,0,0.8977972037753692,1
-0.19963731992374859,0.3444279902162642,0.44505942560383027,1.5102371192194044,0.5501990678373081,0.2111573915793351,0.0,1.0,0.0,0.0,0.0,1.0,0,0.5396393825675714,1
0.5630633405803259,1.0227644786146088,0.039612930449766465,0.9487960841582831,1.3308365324386389,1.8083187592837269,1.0,1.0,1.0,1.0,1.0,1.0,0,0.3082400450737588,0
0.47560217390091064,-1.2299931108889843,-1.1709359721175054,-1.571236433591396,0.8806953238971456,-1.5121128925232505,0.0,0.0,1.0,1.0,0.0,1.0,0,1.3489243243172029,1
-2.3183553039186315,-0.9626267614511775,0.09237130168263198,-0.17385618783495224,0.9210491857515848,1.2650067527749564,0.0,0.0,0.0,1.0,0.0,1.0,0,0.1900467804532802,1
-3.194134312895219,0.7062991915722416,0.6274169735241869,0.05852880553689215,-0.9169268551766804,-0.5164524200374172,0.0,1.0,1.0,1.0,0.0,0.0,0,0.18634789335091978,1
0.11535265788441158,-0.6575245469686032,-0.193393052867455,0.08356685061852367,-2.677287171338158,-1.9255440377521928,0.0,0.0,0.0,0.0,0.0,1.0,0,1.8425644826478023,1
-2.073952918681337,-1.2698896546982912,-1.0135625653417557,-0.3227032307296533,0.2605620215801876,0.1091670388709414,1.0,1.0,1.0,1.0,1.0,0.0,0,0.450979479156958,1
-0.5548746993467416,0.35558000200483797,1.1122352110402156,0.20896367371832267,1.6571424379573403,0.6913366485288224,0.0,0.0,0.0,0.0,0.0,1.0,0,1.2970937439756411,1
-0.6241761613061663,0.24702464464053422,1.1516505730487583,-0.49703836614813074,-1.2958049742176971,-1.9977995773587605,0.0,0.0,0.0,0.0,0.0,0.0,0,0.38158686342133585,1
0.21747270242485572,0.7606768008124722,-0.9976633905595832,-0.2256732684237072,1.6179293421434262,2.0295036210023754,1.0,1.0,1.0,1.0,1.0,0.0,0,1.1881957823367986,1
0.339189660412764,-0.21774132298058035,0.14005703620566187,-0.8567616993280996,0.17433583816586998,0.44665130379006907,0.0,0.0,1.0,1.0,1.0,0.0,0,1.8523929820458334,1
0.7305664632508412,-0.08691442781540669,0.24331348027062613,-0.17709642740886555,-0.7871905329542466,0.07153144649950535,0.0,0.0,0.0,1.0,0.0,0.0,0,1.7738491514573054,1
-0.062054060028496845,-0.7449277888369193,-1.4459523878684457,-0.6608282638573069,-0.28513134738541207,0.8316058889642489,0.0,0.0,0.0,1.0,1.0,1.0,0,0.23489407933558898,1
-0.24834160212796308,0.968723777979426,1.4268583240886417,-0.2543729385346705,0.3609336463170167,-0.7589500704808851,0.0,0.0,0.0,0.0,0.0,0.0,0,0.23526752717520638,1
0.7147018726052753,0.4563126810742556,0.13989229462730798,0.6275600942227357,0.2395559258346201,0.9433093921425101,1.0,1.0,1.0,1.0,0.0,0.0,0,1.522894790453175,1
1.003393267907767,0.8014831593753841,1.4521612466632499,-0.5005309899341991,-0.6823381279443348,-0.7476685990843829,0.0,1.0,0.0,0.0,0.0,0.0,0,1.1532859407461709,1
0.8888160225076016,-0.3522276375947833,-0.9166454608519197,-1.2682342503876591,-0.5849266743544183,0.17350917747266026,1.0,0.0,0.0,1.0,0.0,1.0,0,2.4119639808218487,0
-0.7289578915791424,-1.208965544951206,0.049711300862309196,0.24574477193647687,0.1309315282498761,-1.1145923088873355,0.0,1.0,1.0,1.0,1.0,1.0,0,0.547561297897725,1
-0.3431122444731538,-2.066506453157696,-1.344999279055275,-0.6752614549426167,-1.0313029939320886,-0.00347132407275604,0.0,1.0,1.0,1.0,0.0,0.0,0,0.30755216121296125,1
1.0287156126801065,0.6764181454005839,0.8876956681402575,2.117925463085101,0.2888383615411767,-0.26008516799386494,0.0,1.0,1.0,1.0,1.0,0.0,0,1.7066908369562244,1
-0.4135082796754084,0.4388565491069054,0.6824368441047453,0.7179758613708067,0.3697883777755178,0.06565684649136802,1.0,0.0,1.0,0.0,1.0,1.0,0,1.955278493211782,1
0.3069358064714404,0.7543975578726175,0.7141310481474381,0.14850206704731705,1.28699727349825,1.7269463835016112,1.0,1.0,1.0,0.0,1.0,1.0,0,1.4981158732287025,1
1.147094560570795,1.2287715658403109,0.2705917038719227,0.08985307285040575,-0.1959087417168087,-1.3862162043092952,1.0,0.0,1.0,1.0,1.0,1.0,0,2.0515594792903515,1
-0.3634373569399028,-0.8821242883495273,-1.149044828448245,-0.8862342981638885,-0.10775712445645759,0.38844569998115036,0.0,0.0,0.0,1.0,1.0,1.0,0,0.40711153489636726,1
