,XP_num,D_control,D_treated,H0_coef_univ,H0_coef,log_pvalue_init,est_cox_coef_init,est_cox_coef_se_init,log_pvalue_HI-VAE_weibull,est_cox_coef_HI-VAE_weibull,est_cox_coef_se_HI-VAE_weibull,J-S distance_HI-VAE_weibull,KS test_HI-VAE_weibull,Survival curves distance_HI-VAE_weibull,Detection XGB_HI-VAE_weibull,NNDR_HI-VAE_weibull,K-map score_HI-VAE_weibull,log_pvalue_HI-VAE_piecewise,est_cox_coef_HI-VAE_piecewise,est_cox_coef_se_HI-VAE_piecewise,J-S distance_HI-VAE_piecewise,KS test_HI-VAE_piecewise,Survival curves distance_HI-VAE_piecewise,Detection XGB_HI-VAE_piecewise,NNDR_HI-VAE_piecewise,K-map score_HI-VAE_piecewise
0,2,256,255,0.11274706999547256,0.2,2.5606133620308063,0.15644677782813068,0.08863667423814854,12.868089151861987,0.42315566836918495,0.09061545469330053,0.005999121790473556,0.9520086862106407,0.0728915230413874,0.5734348501758721,0.4178074339959221,10.0,14.35185385665436,0.4532644797035908,0.09142953101760094,0.006304737648264406,0.9494028230184581,0.08618528348170179,0.6295136050485935,0.41102422218306595,13.0
1,2,256,255,0.11274706999547256,0.2,2.5606133620308063,0.15644677782813068,0.08863667423814854,17.39671062836513,0.5038794538732886,0.09158989313388836,0.006188869238414086,0.9520086862106406,0.09066452756660646,0.6142714589484503,0.4244494694850935,12.0,17.560034871715366,0.5007303881638245,0.09054349287520981,0.006567389077121418,0.9513572204125951,0.08263093720124719,0.6393657405852119,0.45266706366654297,10.0
2,2,256,255,0.11274706999547256,0.2,2.5606133620308063,0.15644677782813068,0.08863667423814854,8.916059363665187,0.33925461884922403,0.08924824028842959,0.006580098193102702,0.9511400651465799,0.05190820032785242,0.6398743201830513,0.5338618661194429,9.0,18.30059970567269,0.5144389043684873,0.09099222765352859,0.006045144160053826,0.9474484256243213,0.08905865283385046,0.6425553278612034,0.5047649839731007,11.0
3,2,256,255,0.11274706999547256,0.2,2.5606133620308063,0.15644677782813068,0.08863667423814854,11.967267465469368,0.4041500753150243,0.0900955625272788,0.006042959960909806,0.9487513572204125,0.06476040039073272,0.6068088698770326,0.4258480937422341,13.0,13.160047500021703,0.42580036117953346,0.09005769305958682,0.005586422173530551,0.9559174809989143,0.06740589702241466,0.5968270232136258,0.4702532848552438,12.0
4,2,256,255,0.11274706999547256,0.2,2.5606133620308063,0.15644677782813068,0.08863667423814854,15.625690619630555,0.47206988622752405,0.09089657446027748,0.00536807641028209,0.9541802388707926,0.08534517290085764,0.6164619283845273,0.3965159406111309,13.0,14.307408593506274,0.45104633264755517,0.09113863662717162,0.004996794734698113,0.9561346362649296,0.07912155879875322,0.6073193158220203,0.4148050016606968,11.0
5,2,256,255,0.11274706999547256,0.2,2.5606133620308063,0.15644677782813068,0.08863667423814854,17.056935950691017,0.49808595064156563,0.0915018346776371,0.0055371694423037516,0.9541802388707927,0.09317671623657685,0.5943964171111683,0.5244927220146081,10.0,15.834123451787523,0.4780311729690487,0.0914209225004889,0.007358229266071144,0.9470141150922908,0.08244109388478627,0.5790049632391824,0.37061646266401627,5.0
6,2,256,255,0.11274706999547256,0.2,2.5606133620308063,0.15644677782813068,0.08863667423814854,12.254679214209276,0.4105889287099065,0.09033345877051278,0.006474952936375815,0.945928338762215,0.06321187470135575,0.6125597075558441,0.3709839657939566,8.0,16.16501852036115,0.4790836579329287,0.0905949226664551,0.005461378379200451,0.956786102062975,0.07611390003786857,0.5913262760526509,0.35060917202828346,10.0
7,2,256,255,0.11274706999547256,0.2,2.5606133620308063,0.15644677782813068,0.08863667423814854,16.856242218044887,0.4873006323196239,0.09006110598681275,0.00637816101212436,0.951357220412595,0.07737936924441237,0.5895121866247609,0.5249819296972438,12.0,24.993691738513544,0.6107992227645052,0.09163543128204645,0.007023828826535606,0.9441910966340934,0.10965827865526316,0.5972565941155319,0.4626889158495579,14.0
8,2,256,255,0.11274706999547256,0.2,2.5606133620308063,0.15644677782813068,0.08863667423814854,12.015868826679704,0.4021659384936237,0.0894425784098047,0.006621132565983857,0.950054288816504,0.05807759829718624,0.5830253860539076,0.458848561449682,7.0,21.006622072326728,0.5501778989475872,0.09041303079435101,0.00547349598704383,0.9487513572204125,0.09082129392672793,0.6484106809803052,0.5129230284577625,13.0
9,2,256,255,0.11274706999547256,0.2,2.5606133620308063,0.15644677782813068,0.08863667423814854,13.92088977313457,0.443547169684414,0.09097303614592706,0.0068273246634548085,0.947014115092291,0.0749094474613925,0.6436378092070637,0.3828369732193397,9.0,10.498517207692334,0.37556589524541434,0.0900721430656539,0.00621420908569962,0.950488599348534,0.06101656683380807,0.5815879876920628,0.5046449637929941,10.0
10,2,256,255,0.11274706999547256,0.2,2.5606133620308063,0.15644677782813068,0.08863667423814854,21.06564359959976,0.5550170140313843,0.09107281636278071,0.006408551315910264,0.9507057546145496,0.09836332921111776,0.6436443414220819,0.4629713690956551,11.0,18.107498832281323,0.5079510700901136,0.09034474631220844,0.0050048542335666725,0.9563517915309446,0.08373622025081676,0.6053580960272935,0.547280054858965,11.0
11,2,256,255,0.11274706999547256,0.2,2.5606133620308063,0.15644677782813068,0.08863667423814854,13.35251497515165,0.4313793532058132,0.09051374440254016,0.005745960829008927,0.9507057546145494,0.07703238860379225,0.6320698785256852,0.47913142683941223,7.0,17.68899456141877,0.508547330547782,0.09162961199429279,0.007760495293717613,0.9441910966340935,0.09383745331487096,0.6118725807475094,0.4275536887163835,11.0
12,2,256,255,0.11274706999547256,0.2,2.5606133620308063,0.15644677782813068,0.08863667423814854,14.691939475995385,0.4521829738695455,0.09004017524459552,0.006412411978832872,0.9459283387622148,0.07055889693812166,0.6161776215023099,0.40297277215935035,13.0,18.01780893738212,0.5058035119053523,0.09020600085980092,0.005357566110551863,0.9554831704668838,0.08111182240497844,0.6077100044916754,0.4525586116727181,11.0
13,2,256,255,0.11274706999547256,0.2,2.5606133620308063,0.15644677782813068,0.08863667423814854,15.77066104783021,0.47512419803620143,0.09106085027538878,0.006498921230771915,0.9494028230184581,0.07784075305392991,0.59245261655649,0.4187452114506113,13.0,21.300349326712148,0.566858275742981,0.09252848469736988,0.006920114220421678,0.9489685124864277,0.11212909862606153,0.6757694638233489,0.4440137147477749,9.0
14,2,256,255,0.11274706999547256,0.2,2.5606133620308063,0.15644677782813068,0.08863667423814854,15.094760481155433,0.46611508800718265,0.0914609244797333,0.006630645674057064,0.9472312703583062,0.09226827245216701,0.5920454418203603,0.46304183377212516,11.0,15.415556087252826,0.46627778220931065,0.09046637003031024,0.005742136623856199,0.9565689467969598,0.07019471114906911,0.5800202560877133,0.41211397622721185,8.0
15,2,256,255,0.11274706999547256,0.2,2.5606133620308063,0.15644677782813068,0.08863667423814854,10.530503061581381,0.3709784018439904,0.08879707905713766,0.006000301474251439,0.9539630836047774,0.05466472690034817,0.6188866243876826,0.4883371756522914,10.0,17.491595196511355,0.49946966874930093,0.09049742636372311,0.007492244947536234,0.9444082519001086,0.08225863216219684,0.5887049914832359,0.4419261030166589,10.0
16,2,256,255,0.11274706999547256,0.2,2.5606133620308063,0.15644677782813068,0.08863667423814854,17.20608889615502,0.5003562510860354,0.09145831400276137,0.006424698358798016,0.9489685124864278,0.09006914299740754,0.6261022335198437,0.4083307838280782,12.0,14.51350114040919,0.44839637776710894,0.08988476984770138,0.005288879541606909,0.9561346362649293,0.06896032407890701,0.5605545663915671,0.3779314635925896,12.0
17,2,256,255,0.11274706999547256,0.2,2.5606133620308063,0.15644677782813068,0.08863667423814854,14.35355735197274,0.45074886888776505,0.09089997413655718,0.006693817731071173,0.9480998914223672,0.08200279918968652,0.6174383390008075,0.41535906632979547,11.0,18.104535842112487,0.512808907233479,0.09122418236280688,0.006500758680561112,0.9496199782844734,0.08771758649752212,0.6282118279128391,0.43666947236173165,10.0
18,2,256,255,0.11274706999547256,0.2,2.5606133620308063,0.15644677782813068,0.08863667423814854,12.88138173612389,0.4186138410267539,0.08958062462254224,0.006436061533527239,0.9511400651465797,0.06398056569935573,0.5872386647405964,0.5056405579099109,10.0,20.755953790076724,0.5485662760055985,0.09073774799069355,0.005396734382048913,0.9507057546145492,0.08532844709996362,0.5878306078443815,0.4505909056157651,10.0
19,2,256,255,0.11274706999547256,0.2,2.5606133620308063,0.15644677782813068,0.08863667423814854,17.100572520475538,0.49477638708891236,0.09074827216223948,0.006147842799430653,0.950488599348534,0.08324727000157242,0.6460998321531798,0.4384635549970315,12.0,20.287987920468062,0.5484571275483455,0.09183152765046305,0.0058890255403041105,0.9554831704668838,0.10504680667746909,0.6338074477205058,0.35361255763215954,8.0
20,2,256,255,0.11274706999547256,0.2,2.5606133620308063,0.15644677782813068,0.08863667423814854,14.665920892605739,0.4540295560509009,0.09049839762036305,0.00568872668976064,0.9515743756786101,0.08288339674698673,0.6526706183456948,0.4243017384615104,10.0,20.436071108888946,0.5488105349336903,0.09155051644530697,0.006440423988290472,0.9474484256243213,0.08851487579701457,0.6012431116237343,0.42045410368620867,10.0
21,2,256,255,0.11274706999547256,0.2,2.5606133620308063,0.15644677782813068,0.08863667423814854,20.837964690507288,0.5544391252546421,0.09151362467779564,0.005697355926875086,0.9511400651465799,0.10337199705740216,0.5903626188085489,0.43937583340494857,8.0,21.538081384682435,0.5633857412182314,0.0913808577568425,0.0059500305590175885,0.9480998914223668,0.09796743707297097,0.5870725598444212,0.47063248510657874,11.0
22,2,256,255,0.11274706999547256,0.2,2.5606133620308063,0.15644677782813068,0.08863667423814854,11.930552321587502,0.4046926879120055,0.09036188167510206,0.006401673294626677,0.9522258414766557,0.0662028916615743,0.634835182883357,0.45642578457228206,8.0,16.793841613537776,0.4925437322004923,0.09124804129641913,0.00656583411943533,0.9504885993485342,0.08459861380151773,0.5871711651854091,0.42916158083241385,10.0
23,2,256,255,0.11274706999547256,0.2,2.5606133620308063,0.15644677782813068,0.08863667423814854,19.181611832693264,0.5304986079572204,0.09150001951594618,0.005696810022719513,0.9539630836047776,0.0971600641413074,0.579252254236297,0.40731730573706965,13.0,21.290741003856752,0.5602861596099805,0.09144928168609853,0.006905685227793442,0.940499457111835,0.10152469515807433,0.6451464398183919,0.44033872119224965,10.0
24,2,256,255,0.11274706999547256,0.2,2.5606133620308063,0.15644677782813068,0.08863667423814854,13.330280881925122,0.4308679049792091,0.09048809703428104,0.00662604969241601,0.9507057546145494,0.07498555442794567,0.6201569846797784,0.49723165058752156,13.0,14.655409076786713,0.4526383125984252,0.09026175513169929,0.004517792525894244,0.9539630836047773,0.07460761594620463,0.5741789005722221,0.4152344951160727,11.0
25,2,256,255,0.11274706999547256,0.2,2.5606133620308063,0.15644677782813068,0.08863667423814854,14.495910494610271,0.4510953671605892,0.09048242556694189,0.005887161699671025,0.9548317046688382,0.07843576453644047,0.5930392716766889,0.4825554930036599,9.0,18.448240608530337,0.5169543521088712,0.09103189392519664,0.005909369566145987,0.9494028230184582,0.09002399369633067,0.583319957845439,0.3881123132103872,10.0
26,2,256,255,0.11274706999547256,0.2,2.5606133620308063,0.15644677782813068,0.08863667423814854,12.437676695005015,0.41056776559446123,0.08959156505394508,0.0056766193761195165,0.9543973941368077,0.06043975924730831,0.594106200129649,0.41024093346343793,10.0,16.83929748136653,0.4937894848173536,0.0913187710782265,0.004783790829305392,0.9567861020629748,0.09111855999275742,0.6421270011907295,0.4799038356590665,12.0
27,2,256,255,0.11274706999547256,0.2,2.5606133620308063,0.15644677782813068,0.08863667423814854,18.512666523118963,0.5178443081337024,0.09103687990599418,0.0064604775282235535,0.9515743756786101,0.08958392597898794,0.6187460262358638,0.5116698081202845,10.0,16.238497932057307,0.4763287134349449,0.08983992356028661,0.0050345484590740746,0.9576547231270356,0.06967091176640941,0.56969002462334,0.47274804546984994,11.0
28,2,256,255,0.11274706999547256,0.2,2.5606133620308063,0.15644677782813068,0.08863667423814854,15.170919658267701,0.46388670157974327,0.09077727443031548,0.006258583071613691,0.9548317046688383,0.08184253307759631,0.6024860988243257,0.5112359750885311,9.0,14.992654888284452,0.45930502450129534,0.0904412877268182,0.007097239292117716,0.9452768729641695,0.07542842380205068,0.637023474914428,0.4564317434410539,11.0
29,2,256,255,0.11274706999547256,0.2,2.5606133620308063,0.15644677782813068,0.08863667423814854,12.8908829077997,0.4218955961273045,0.09025909553607481,0.0060943102733545355,0.9520086862106407,0.07463365595876169,0.61436819794229,0.5025923173682416,14.0,15.434587992718605,0.4666189095674438,0.09047254425978489,0.006106233298484526,0.9515743756786103,0.07620771482752796,0.6195868156260538,0.48523473993976474,10.0
30,2,256,255,0.11274706999547256,0.2,2.5606133620308063,0.15644677782813068,0.08863667423814854,15.24230369484949,0.4623347725640476,0.0902385904521307,0.00530684855175785,0.954831704668838,0.07711067265209486,0.5830580471289982,0.4355694037470075,14.0,19.5211544673209,0.5301189780915595,0.090586398424701,0.007200910682990559,0.9478827361563518,0.08411357171289793,0.6396708883439156,0.41970900601914385,11.0
31,2,256,255,0.11274706999547256,0.2,2.5606133620308063,0.15644677782813068,0.08863667423814854,19.548184862788826,0.5366870975400447,0.09164596572094805,0.005557294859919609,0.9550488599348533,0.0942715472435459,0.6059136453616918,0.3855436937673209,13.0,18.326377121366374,0.515779121344926,0.09116739357078135,0.005956273863761138,0.950271444082519,0.09055613559742401,0.5956282062288714,0.41396831951753216,13.0
32,2,256,255,0.11274706999547256,0.2,2.5606133620308063,0.15644677782813068,0.08863667423814854,17.687434008551595,0.5050385524219875,0.09095982767966637,0.0063875940366558675,0.950271444082519,0.08690545876479278,0.629331014085944,0.4128976906072783,7.0,19.969836165426386,0.5395072662234612,0.09111221950413095,0.005968214261459061,0.9502714440825188,0.0857332546715844,0.5986827943944886,0.48055146864911064,10.0
33,2,256,255,0.11274706999547256,0.2,2.5606133620308063,0.15644677782813068,0.08863667423814854,13.721066201021753,0.43917710742393146,0.09079132029747886,0.0056914015418618276,0.9557003257328991,0.07878318297713371,0.5977962794991719,0.43508649208719796,11.0,17.13532296292096,0.4933692313839446,0.09039301798105563,0.005700643414466149,0.9535287730727469,0.08202803968938069,0.5657041292308534,0.46702259376518784,11.0
34,2,256,255,0.11274706999547256,0.2,2.5606133620308063,0.15644677782813068,0.08863667423814854,13.022238205466927,0.4262086299922083,0.09067596767417463,0.006839733333460105,0.950271444082519,0.07594151198742927,0.6305634253193632,0.48397163107954067,10.0,15.470074014450029,0.4704941151780894,0.09110225571551206,0.005477137317207078,0.9507057546145495,0.08391980059650071,0.6172299302359435,0.4312224913096948,12.0
35,2,256,255,0.11274706999547256,0.2,2.5606133620308063,0.15644677782813068,0.08863667423814854,10.961127918247165,0.3834508873403078,0.08974684218222678,0.005367420668910883,0.9565689467969599,0.0652785103653214,0.5968018275271273,0.45686443685051914,10.0,21.203070997495846,0.5565116780587702,0.09101497149107415,0.0068986244428679315,0.9478827361563518,0.09998735102984373,0.6134471556247347,0.43620702174857934,12.0
36,2,256,255,0.11274706999547256,0.2,2.5606133620308063,0.15644677782813068,0.08863667423814854,19.219824494557344,0.5279193868621591,0.09095840821175973,0.0060129841837227175,0.9530944625407165,0.08950691323349161,0.6063603244457881,0.48903813977946875,8.0,16.369939704463974,0.48152520146201644,0.09043638146227162,0.0068324536800455525,0.9496199782844734,0.07827530545905327,0.6133245988286806,0.3996737570816782,11.0
37,2,256,255,0.11274706999547256,0.2,2.5606133620308063,0.15644677782813068,0.08863667423814854,16.078113427979286,0.4787224934320147,0.09078137328880337,0.005846617926987564,0.9541802388707926,0.0817473827518071,0.6079983551260468,0.4946064024422704,12.0,16.08136307282389,0.477146836898888,0.0904730574364536,0.004916888622037422,0.9504885993485341,0.07340181684096797,0.591862850857711,0.38313541933499023,7.0
38,2,256,255,0.11274706999547256,0.2,2.5606133620308063,0.15644677782813068,0.08863667423814854,15.842932937870966,0.47329748116084536,0.09047610953619922,0.00547444671415742,0.9554831704668838,0.07522824991036016,0.5868856140717599,0.47394923258816296,11.0,15.156497850810865,0.4604066868104975,0.09014859247360278,0.00565354332670549,0.958957654723127,0.07231673562160118,0.6042550848628049,0.4199154653954895,10.0
39,2,256,255,0.11274706999547256,0.2,2.5606133620308063,0.15644677782813068,0.08863667423814854,11.97399836828716,0.4036078487328445,0.08993449806139242,0.00594344469299939,0.9515743756786103,0.06609128536871912,0.6570257394156344,0.4771962019889175,12.0,18.23145451627379,0.5135627394282138,0.09101686261096702,0.00580104278577497,0.9559174809989143,0.09191944898669567,0.5956863740483185,0.4200083775170774,12.0
40,2,256,255,0.11274706999547256,0.2,2.5606133620308063,0.15644677782813068,0.08863667423814854,15.885631504954063,0.4803083688093146,0.09168053457421096,0.006309921783283869,0.9509229098805645,0.08766712007937465,0.6097066848822149,0.4361444269930391,10.0,22.983845615363855,0.5830633296476871,0.09140086650902128,0.006059769887377509,0.9520086862106406,0.10106779098228906,0.6457582906250895,0.39069193596149704,10.0
41,2,256,255,0.11274706999547256,0.2,2.5606133620308063,0.15644677782813068,0.08863667423814854,17.312804288545905,0.4990805628258163,0.09093377293100215,0.006172799560954193,0.9515743756786103,0.08700962861537051,0.6052700666534778,0.43647516547200943,9.0,15.912756239320931,0.4753245250249296,0.0906416530093141,0.006325146426659426,0.9513572204125951,0.07889546297166573,0.5957233899334212,0.5048254943333469,9.0
42,2,256,255,0.11274706999547256,0.2,2.5606133620308063,0.15644677782813068,0.08863667423814854,8.834465349501617,0.34013707269525983,0.08995505255034707,0.005514745872207288,0.9559174809989142,0.050773538794564664,0.5565095700060594,0.4300309278501512,13.0,19.182677429389418,0.5249127908186733,0.09053696559113134,0.007085261713466095,0.9485342019543974,0.08390072586046711,0.5966556303338647,0.44011053419831836,10.0
43,2,256,255,0.11274706999547256,0.2,2.5606133620308063,0.15644677782813068,0.08863667423814854,13.225890498353529,0.4240493495788483,0.08943083306660138,0.005977952413548776,0.9530944625407167,0.06354760729240268,0.5708036117550008,0.42725934981458025,12.0,15.345817145654568,0.46488058825939316,0.09040870492604576,0.005051475603487728,0.9528773072747012,0.07853850029937878,0.6234100277588033,0.4198439070787392,13.0
44,2,256,255,0.11274706999547256,0.2,2.5606133620308063,0.15644677782813068,0.08863667423814854,20.082787087440433,0.5415829204142342,0.09117278599813212,0.0063661865762243775,0.9515743756786103,0.09562940317833057,0.5148592338769381,0.47416475807098984,14.0,19.340646866620382,0.5304062402970239,0.09108280944580578,0.0059998938810024065,0.9533116178067317,0.09927925716918444,0.6162423215367752,0.4138942761751897,7.0
45,2,256,255,0.11274706999547256,0.2,2.5606133620308063,0.15644677782813068,0.08863667423814854,9.55107641145781,0.352694378045156,0.08921748460667685,0.0060106640209831854,0.9539630836047776,0.05098645358576653,0.5651803077979717,0.5091313590739814,10.0,21.52767494226009,0.5700435159781382,0.0925244075038359,0.007139875035533879,0.9459283387622148,0.09998901995358894,0.6266450294820638,0.4264241393468812,13.0
46,2,256,255,0.11274706999547256,0.2,2.5606133620308063,0.15644677782813068,0.08863667423814854,16.15012765287365,0.4824718068490036,0.09129290111700403,0.006921082911345355,0.9472312703583062,0.08494414731030588,0.6091144307205717,0.41934038551983677,9.0,16.22480237051389,0.4812725525602524,0.09083459907722409,0.0064915916713598025,0.9485342019543973,0.08052035613500846,0.6107580604422745,0.393543566159896,11.0
47,2,256,255,0.11274706999547256,0.2,2.5606133620308063,0.15644677782813068,0.08863667423814854,8.832254946180377,0.33760349003579815,0.08929166868249182,0.005752079598485008,0.9611292073832789,0.05244151807948042,0.5879030843252968,0.4686472398249074,13.0,11.295912546516016,0.3886831884031442,0.08945525903176771,0.0068524057725113646,0.9494028230184582,0.05673460945513228,0.6233876315930268,0.46190055564962085,9.0
48,2,256,255,0.11274706999547256,0.2,2.5606133620308063,0.15644677782813068,0.08863667423814854,17.58050047177055,0.5081184198437101,0.09184338686279067,0.00612421951383549,0.9530944625407166,0.09594420846463934,0.5845088209787374,0.4853684416896647,7.0,14.049871610233838,0.44207116008240177,0.09019349750167384,0.005918139126760106,0.9500542888165039,0.07808221763981638,0.642527332653983,0.47080740883807626,10.0
49,2,256,255,0.11274706999547256,0.2,2.5606133620308063,0.15644677782813068,0.08863667423814854,17.84738732098544,0.5068404512263752,0.09085283616333749,0.00627464725987951,0.9483170466883821,0.08460026852597856,0.6380260143907808,0.5160233628583688,7.0,14.609527034280708,0.4553649272222998,0.09094258265505353,0.00503271385281549,0.9596091205211724,0.08083096366665794,0.6127289230305993,0.41533810899144935,9.0
50,3,295,235,0.11274706999547256,0.2,0.170135291759827,0.017289800281908848,0.08760922988295762,6.232502373784261,0.27520572747991506,0.08916697627753792,0.0048715848153883835,0.9609406952965236,0.05643558887469237,0.6141580446422912,0.49324423251614424,3.0,22.156171956515408,0.569652860529831,0.09099698948166147,0.006354638395390323,0.9470347648261759,0.11538276321460815,0.6499239890228302,0.44651380232589066,8.0
51,3,295,235,0.11274706999547256,0.2,0.170135291759827,0.017289800281908848,0.08760922988295762,7.4456916108666364,0.30599742695680493,0.08930593432456978,0.006984741590283228,0.9529652351738243,0.06577503240458159,0.6029792873983879,0.4803356978733775,6.0,19.029789667067643,0.5262135670246736,0.09113416815854103,0.005135142561955741,0.9550102249488753,0.1107861978435694,0.6425587695261964,0.37926786563219955,7.0
52,3,295,235,0.11274706999547256,0.2,0.170135291759827,0.017289800281908848,0.08760922988295762,12.567927049638529,0.4165845905078858,0.0903665254929072,0.006087281637588488,0.9546012269938651,0.0865619707297512,0.6380505860067064,0.3926356528554909,4.0,17.398575061213418,0.5014213900807243,0.0911011638220845,0.006755771400533678,0.9468302658486708,0.10379944953381456,0.6142471484193561,0.4767040165765204,5.0
53,3,295,235,0.11274706999547256,0.2,0.170135291759827,0.017289800281908848,0.08760922988295762,15.56152880894982,0.4721378814936787,0.09110797443785698,0.006611938407424897,0.951124744376278,0.10125143449052097,0.6176097119480112,0.517341683817184,10.0,15.048250595690787,0.4592687615186363,0.09024916226173779,0.006854224449638655,0.9490797546012271,0.09189227259202536,0.6303996109568031,0.5193512602958082,7.0
54,3,295,235,0.11274706999547256,0.2,0.170135291759827,0.017289800281908848,0.08760922988295762,13.944538578556767,0.44281487761063315,0.0907282662509674,0.006452938106696168,0.9488752556237218,0.09573723646974283,0.6583885880662246,0.5359618606707184,12.0,15.137110314083273,0.4641000018113299,0.09090936716976097,0.006013708332453178,0.9531697341513292,0.10112699904950735,0.6248736181121222,0.4602443647350608,7.0
55,3,295,235,0.11274706999547256,0.2,0.170135291759827,0.017289800281908848,0.08760922988295762,12.537387662099212,0.4130480502431856,0.08971629745546124,0.0057089571850091145,0.9537832310838446,0.0831820381297107,0.6747125039356332,0.43150834372233526,7.0,22.644125974395347,0.5831983010930755,0.0920997194197612,0.0064562469513905355,0.9451942740286299,0.12237959667811046,0.6637083173570001,0.3635018705846535,2.0
56,3,295,235,0.11274706999547256,0.2,0.170135291759827,0.017289800281908848,0.08760922988295762,14.575063026203614,0.4522687423807564,0.09044594574630203,0.00660155702079803,0.9501022494887527,0.09365020296132491,0.6067686658125173,0.4264724914971839,7.0,13.528189837852683,0.43194358084898815,0.08996054335878802,0.006288089946542462,0.9464212678936605,0.08853701972481542,0.6272378556487638,0.4965746226672296,7.0
57,3,295,235,0.11274706999547256,0.2,0.170135291759827,0.017289800281908848,0.08760922988295762,11.367172862339695,0.3906449992460098,0.08958873150748174,0.006059876157989834,0.9552147239263803,0.07902848475928238,0.6632001920277318,0.3946242172438846,6.0,15.852800592227398,0.4743941528759527,0.0906302084962993,0.006208330392205094,0.9525562372188138,0.10111406980209858,0.660855178046492,0.5682243011633077,12.0
58,3,295,235,0.11274706999547256,0.2,0.170135291759827,0.017289800281908848,0.08760922988295762,12.595012245020547,0.41371488277300805,0.0896295710689385,0.006696103448852066,0.9482617586912064,0.08380310151146031,0.6660722951158661,0.5390671599974952,11.0,13.065373635604503,0.42748609253323583,0.0907636812976898,0.00493778805871894,0.9550102249488754,0.09388950604377146,0.6350210575864982,0.4323535772302481,8.0
59,3,295,235,0.11274706999547256,0.2,0.170135291759827,0.017289800281908848,0.08760922988295762,8.894090268202326,0.33731958515351235,0.08885666374094951,0.006772271345748329,0.952965235173824,0.06321946543180423,0.6257480301051269,0.37011442071024064,14.0,16.959350648682683,0.48847582838293324,0.0899924150970148,0.006448195021877656,0.9509202453987731,0.09781017049060244,0.6282107234187587,0.46319580555970125,7.0
60,3,295,235,0.11274706999547256,0.2,0.170135291759827,0.017289800281908848,0.08760922988295762,8.453225388529365,0.32941551379895345,0.08933882826087927,0.005121875346605821,0.9572597137014315,0.06627484113852852,0.562258861279707,0.39846988167436054,5.0,20.056684382456808,0.5413939860801341,0.0911842830380424,0.005450421348936596,0.9519427402862984,0.11045927963802231,0.668987001759215,0.35707433713580916,6.0
61,3,295,235,0.11274706999547256,0.2,0.170135291759827,0.017289800281908848,0.08760922988295762,13.982587485132422,0.4411690232216291,0.09025360496235556,0.007178279460322044,0.9447852760736197,0.0968704514321959,0.6355000878048882,0.4841113230705037,2.0,10.480419349985342,0.37080590848429473,0.08899852070987994,0.005210852088965948,0.9556237218813907,0.06923855347500661,0.5894568150621233,0.5226286968128527,3.0
62,3,295,235,0.11274706999547256,0.2,0.170135291759827,0.017289800281908848,0.08760922988295762,11.282866190486137,0.3893947376801969,0.0896844949136191,0.007355918368836438,0.9468302658486708,0.07656968432125014,0.6228878767946747,0.3585403196627558,6.0,20.62179706896548,0.5468007768676441,0.09071090691566182,0.006751204067535155,0.947648261758691,0.10818351153734389,0.6583041602891223,0.46256948912667634,8.0
63,3,295,235,0.11274706999547256,0.2,0.170135291759827,0.017289800281908848,0.08760922988295762,11.756398105282427,0.3978513264794193,0.08956913460478767,0.005575702257767086,0.9570552147239264,0.08214435347961158,0.6165586510675307,0.4651781845044209,9.0,17.403082915568483,0.5021098385692969,0.09121102817171622,0.006276505400409697,0.9492842535787321,0.1099806966147892,0.6399173491028834,0.47156890253496575,4.0
64,3,295,235,0.11274706999547256,0.2,0.170135291759827,0.017289800281908848,0.08760922988295762,10.10680194393225,0.3672918729325504,0.08998240840028955,0.005061454582383198,0.959918200408998,0.07778874367679535,0.5507138173720673,0.4182960395844562,9.0,20.543699216035797,0.5464396994207369,0.09085796569013317,0.0061670863923322826,0.9507157464212679,0.11336559476129258,0.6796116530075512,0.4549259789510719,8.0
65,3,295,235,0.11274706999547256,0.2,0.170135291759827,0.017289800281908848,0.08760922988295762,12.420371049057533,0.41403262481448333,0.09039635530969545,0.00667990048133035,0.9447852760736196,0.08355907823075727,0.6307191376209135,0.44045830328717545,4.0,12.638615305949708,0.41548095378990807,0.08983968253385548,0.00576008325091985,0.9554192229038855,0.0818251837683355,0.5786944815926663,0.5311515951771303,11.0
66,3,295,235,0.11274706999547256,0.2,0.170135291759827,0.017289800281908848,0.08760922988295762,14.729254739329486,0.45403468913804146,0.09026926864251607,0.006284439830777731,0.9521472392638037,0.09267116269612746,0.60160792052047,0.3985550273240171,6.0,14.395175998830979,0.4506169441961338,0.09071825909640253,0.007148571932705505,0.9458077709611452,0.09412265724071367,0.6770944063610225,0.4725820604297863,8.0
67,3,295,235,0.11274706999547256,0.2,0.170135291759827,0.017289800281908848,0.08760922988295762,16.506440315599754,0.48388261098018565,0.09044245078612972,0.005218929761943151,0.9572597137014314,0.10343483482342475,0.6390907362206075,0.4080636542057097,10.0,16.36463077889674,0.485129093715199,0.09109798333578731,0.005965830372083832,0.9474437627811859,0.0983496022948239,0.6585215942873828,0.5855448388179743,6.0
68,3,295,235,0.11274706999547256,0.2,0.170135291759827,0.017289800281908848,0.08760922988295762,14.726918642077052,0.45248071805366746,0.08997246971430609,0.00608412433239876,0.9533742331288342,0.09220481242710599,0.6062106631503147,0.39683966529223536,9.0,14.459162821791192,0.4494933610527351,0.09028005205480238,0.005305827269417427,0.9558282208588957,0.09691067642148954,0.646775222603576,0.5072153447551243,5.0
69,3,295,235,0.11274706999547256,0.2,0.170135291759827,0.017289800281908848,0.08760922988295762,10.509810719941541,0.3763794603004512,0.09019495972588149,0.006300418914905448,0.9543967280163598,0.08050835468754206,0.6313171460605739,0.4561243766974003,6.0,20.827838123271114,0.549104954123064,0.09062806607545923,0.005358602195453053,0.9517382413087936,0.10974727278509734,0.6764174254775495,0.48030184479504046,9.0
70,3,295,235,0.11274706999547256,0.2,0.170135291759827,0.017289800281908848,0.08760922988295762,14.130508534670694,0.4460713523013423,0.09072455978209852,0.006921484539967737,0.949079754601227,0.09519429520086412,0.6903539835882793,0.5117536472599632,6.0,14.573196722963493,0.4486686912867604,0.08971912385592992,0.006187983404380508,0.9501022494887525,0.09047116578000758,0.6432315939652583,0.4778222570095329,7.0
71,3,295,235,0.11274706999547256,0.2,0.170135291759827,0.017289800281908848,0.08760922988295762,15.178378775311838,0.4595495716519296,0.08988544359948668,0.005548835079556704,0.9543967280163599,0.09007458821221156,0.6500946630214649,0.4639737385935871,6.0,17.721524324029023,0.5041341692445419,0.09070694637462018,0.0072481803599825124,0.94560327198364,0.10014096740563565,0.660281069162196,0.5064416439180429,6.0
72,3,295,235,0.11274706999547256,0.2,0.170135291759827,0.017289800281908848,0.08760922988295762,10.853793511551137,0.3850292006750768,0.0906223949370038,0.006107268274354673,0.9539877300613496,0.09025576286449048,0.6356460829148313,0.5556316310652591,4.0,23.21180802200499,0.586603733178537,0.09144427317597015,0.005431538997253399,0.950920245398773,0.11970825560964649,0.6787395790145277,0.5219091657667231,7.0
73,3,295,235,0.11274706999547256,0.2,0.170135291759827,0.017289800281908848,0.08760922988295762,13.47302256301415,0.43269646380607335,0.09034093062201544,0.005814599748644009,0.9560327198364008,0.09105555474420493,0.6676294031034092,0.4388160361700744,7.0,11.052424351302202,0.38232099733558883,0.08907210450903137,0.006665963046647602,0.9521472392638035,0.07606009986106792,0.6238919178977537,0.4781411823581138,9.0
74,3,295,235,0.11274706999547256,0.2,0.170135291759827,0.017289800281908848,0.08760922988295762,12.742406010771433,0.421922155927482,0.090831463142845,0.00623845671160578,0.9523517382413087,0.09106982309308262,0.63350291626531,0.49482564736351525,11.0,19.953185171569533,0.5405108186381344,0.09128140218835833,0.00574752181644008,0.9539877300613498,0.1159033508558518,0.6458049526113382,0.4766047949709268,3.0
75,3,295,235,0.11274706999547256,0.2,0.170135291759827,0.017289800281908848,0.08760922988295762,9.315359979773339,0.34935434968379486,0.08962723921382461,0.006345149965296652,0.9564417177914109,0.07462178994821345,0.6376526064543347,0.4721267971722243,5.0,14.428850788326848,0.44915290444532674,0.09031944556517549,0.006735842887208459,0.9484662576687116,0.09305433118188049,0.6053042984908988,0.4987666969386526,8.0
76,3,295,235,0.11274706999547256,0.2,0.170135291759827,0.017289800281908848,0.08760922988295762,15.450145152666467,0.4714118558463076,0.09133475731100538,0.0067229347100793094,0.9486707566462169,0.10460396940937791,0.6751452937099488,0.32954448586803886,7.0,10.035922342834574,0.36255541821377957,0.08916419416935484,0.006810417530021955,0.9511247443762781,0.07641692128166068,0.6175032030599743,0.43612475121272304,8.0
77,3,295,235,0.11274706999547256,0.2,0.170135291759827,0.017289800281908848,0.08760922988295762,9.209293123693891,0.3474335014414833,0.08971308939725071,0.00579549063667953,0.9560327198364007,0.07489887772896779,0.6086686804639839,0.5529681297284263,5.0,22.095562672574886,0.5725038588780466,0.09158523752552146,0.007426227020543403,0.9423312883435583,0.11966466723435068,0.6981080904151352,0.45875728534667465,10.0
78,3,295,235,0.11274706999547256,0.2,0.170135291759827,0.017289800281908848,0.08760922988295762,7.47003365666035,0.30567026439399475,0.08904073898222235,0.006066889433020875,0.9554192229038854,0.062078676675649314,0.634831939365789,0.43225975596399074,11.0,13.075051709965212,0.4239969317662063,0.08998426681216481,0.0056641953204358475,0.9539877300613497,0.09077805525265331,0.6459948501653745,0.5704299213006476,7.0
79,3,295,235,0.11274706999547256,0.2,0.170135291759827,0.017289800281908848,0.08760922988295762,12.46752469726079,0.41494807428130437,0.09041445324764175,0.0067744624679651755,0.9496932515337424,0.08943849784109043,0.6120509871035922,0.3539669686043644,8.0,16.54285408800003,0.48827930177435236,0.09116609289435126,0.00616291365437417,0.9468302658486707,0.10427383644277513,0.6201056568169326,0.47070498021400203,6.0
80,3,295,235,0.11274706999547256,0.2,0.170135291759827,0.017289800281908848,0.08760922988295762,15.768224857083663,0.47279458418446413,0.09058145787400107,0.0077205759608851565,0.9456032719836401,0.09687611262895078,0.6357905193581203,0.4102171710385427,5.0,21.29345073137479,0.5578152357377674,0.09099673467718253,0.007011932476361387,0.9445807770961144,0.11089054675607822,0.6818683425450534,0.5028590600193353,5.0
81,3,295,235,0.11274706999547256,0.2,0.170135291759827,0.017289800281908848,0.08760922988295762,10.655379696998743,0.3793783716699785,0.09021708851831273,0.005396725832486873,0.9546012269938651,0.0814190561816859,0.5959322956769862,0.5012320057227034,9.0,17.118563469739044,0.4979410738947372,0.09126581662462178,0.006494441694879937,0.9480572597137014,0.10463319859967267,0.6536307581042872,0.48503454105648336,8.0
82,3,295,235,0.11274706999547256,0.2,0.170135291759827,0.017289800281908848,0.08760922988295762,7.232994863448658,0.29927731813236,0.08882423212050919,0.007898929531833642,0.9449897750511248,0.06567305240931659,0.6265297014322068,0.49344379797279203,6.0,15.600351205149224,0.46884213492527566,0.09033949462732067,0.007064752547218513,0.938445807770961,0.09511067598074642,0.6506440930170695,0.4913608101623047,7.0
83,3,295,235,0.11274706999547256,0.2,0.170135291759827,0.017289800281908848,0.08760922988295762,7.715964770478782,0.31378583978950947,0.08970326498003545,0.006145546262967207,0.9576687116564419,0.06683518318043002,0.5884205615148578,0.49501178540098817,9.0,17.238384493509486,0.4989862829582019,0.09111501873744719,0.007028137992435759,0.9482617586912065,0.10618180589442433,0.6029891589538644,0.3958831565841531,8.0
84,3,295,235,0.11274706999547256,0.2,0.170135291759827,0.017289800281908848,0.08760922988295762,11.053980058918114,0.38610932587273594,0.08994762969427289,0.0046260104160295275,0.9609406952965236,0.07741452813546502,0.5978156845508079,0.5347191392861871,10.0,16.612689398116373,0.48960372417863307,0.09119926550501062,0.006529521468843851,0.9486707566462168,0.10455174799847172,0.6708880555217843,0.4749257764829683,5.0
85,3,295,235,0.11274706999547256,0.2,0.170135291759827,0.017289800281908848,0.08760922988295762,10.968651477432338,0.386787508813176,0.09050189837133149,0.006285447284888,0.9521472392638036,0.08743805340583918,0.6509467341257594,0.5451397114746023,4.0,20.218961263383353,0.5428684817751793,0.09100862251279491,0.005849298492226486,0.9546012269938652,0.110478820290841,0.6271014723165215,0.4705696382912139,7.0
86,3,295,235,0.11274706999547256,0.2,0.170135291759827,0.017289800281908848,0.08760922988295762,14.312242499273639,0.44651873217645366,0.09019063339347956,0.006774947604159241,0.9498977505112475,0.09030068918812705,0.6503370356861926,0.4865923789688437,8.0,18.351950970859424,0.5158617265115701,0.0910829706773742,0.007060406680329386,0.9464212678936605,0.10984724186858266,0.6637904071341212,0.42897269525391485,6.0
87,3,295,235,0.11274706999547256,0.2,0.170135291759827,0.017289800281908848,0.08760922988295762,12.385788488927346,0.40888479501170044,0.08941330210736434,0.007137046882032,0.9470347648261758,0.08153373246897551,0.6484562445901277,0.37508968990074504,8.0,9.436402447503632,0.34877312508465314,0.08881656670397339,0.005246446491789487,0.9603271983640081,0.06775721598865171,0.6105525888933571,0.44685118318190525,8.0
88,3,295,235,0.11274706999547256,0.2,0.170135291759827,0.017289800281908848,0.08760922988295762,10.853963354733494,0.3795922724542694,0.0893328968934838,0.006055203061422499,0.9498977505112476,0.0763908092288437,0.6168376523986322,0.38077811308984105,6.0,10.650465324340164,0.3780761294186977,0.08992841584595233,0.004539181888711868,0.9588957055214724,0.0797636304388223,0.5914173579353278,0.4441401130764713,7.0
89,3,295,235,0.11274706999547256,0.2,0.170135291759827,0.017289800281908848,0.08760922988295762,13.784453332079098,0.43340107533904837,0.08934999028083605,0.005282924590154782,0.9525562372188138,0.08352202355582652,0.6544155467646756,0.48951015578980267,5.0,22.8631840094007,0.5839929567445781,0.09175475044460328,0.006476797184010427,0.9441717791411043,0.12464687091974473,0.6356855691367377,0.5899285720099482,8.0
90,3,295,235,0.11274706999547256,0.2,0.170135291759827,0.017289800281908848,0.08760922988295762,17.668442582901832,0.5074332634201361,0.09145614040044735,0.007271320125684762,0.9449897750511248,0.10940523912723628,0.6162562697366165,0.46785751818090954,7.0,12.231491842522496,0.4048038256899654,0.08912919954566915,0.005813642186884559,0.9539877300613497,0.08046189179667786,0.683897986306594,0.4350702072123927,6.0
91,3,295,235,0.11274706999547256,0.2,0.170135291759827,0.017289800281908848,0.08760922988295762,9.780933272232339,0.36264857826419955,0.09050994712020334,0.0063122206602323145,0.956237218813906,0.08318555395498432,0.6294176509646588,0.43101964919099567,11.0,12.791976088564752,0.4205452646864122,0.09032671212080012,0.006063447159604667,0.9466257668711658,0.08811740423500455,0.6761217983688034,0.4681470085029151,8.0
92,3,295,235,0.11274706999547256,0.2,0.170135291759827,0.017289800281908848,0.08760922988295762,6.132013485549295,0.2697841120896303,0.08825651873504861,0.004983300462960046,0.9631901840490797,0.049205424054052024,0.5705631774354946,0.46469079331187707,13.0,11.934625244412482,0.39929874209468896,0.08912486760488433,0.007272598246184913,0.9468302658486708,0.07771302631120669,0.6096483024561469,0.5067189520437204,7.0
93,3,295,235,0.11274706999547256,0.2,0.170135291759827,0.017289800281908848,0.08760922988295762,8.889711584074297,0.34014903742635344,0.08962413662467508,0.007371363272194133,0.9484662576687116,0.07269588382022704,0.6119229166601722,0.4350619051956536,10.0,15.208906474595633,0.4596796964857366,0.08981349152820116,0.007419619238440373,0.9441717791411043,0.09344688863496164,0.6162570490699436,0.5178411870312866,7.0
94,3,295,235,0.11274706999547256,0.2,0.170135291759827,0.017289800281908848,0.08760922988295762,12.118520623845372,0.41076274428562026,0.09091146644616246,0.006555383020377298,0.948875255623722,0.09249537881992106,0.6653781688991969,0.48087777124572123,7.0,18.814936277551638,0.5263107661513154,0.09169441302735121,0.006511039802800348,0.9464212678936605,0.11339904829940328,0.6726670137297749,0.5067176368664655,5.0
95,3,295,235,0.11274706999547256,0.2,0.170135291759827,0.017289800281908848,0.08760922988295762,10.80495083975293,0.38064305158172196,0.089812890296007,0.005762399873466426,0.9552147239263802,0.07842188095194325,0.6244018616714517,0.47708800136550533,7.0,18.448936098781836,0.5176223842695395,0.09115376470268698,0.006168293007599451,0.9521472392638035,0.1077333957385329,0.6365350424632752,0.4942674146704705,12.0
96,3,295,235,0.11274706999547256,0.2,0.170135291759827,0.017289800281908848,0.08760922988295762,14.379657763816924,0.4511045620404428,0.0908811345633141,0.007464399953042305,0.9488752556237219,0.09599778481106161,0.6355143755825517,0.3903500758593271,8.0,18.579158783972943,0.5215202608082138,0.09149090307691651,0.005262496069744495,0.9535787321063395,0.11487466745693832,0.6013832127444898,0.5342629842081092,9.0
97,3,295,235,0.11274706999547256,0.2,0.170135291759827,0.017289800281908848,0.08760922988295762,10.98515601020914,0.38473910684743073,0.08994326480993356,0.006363927230701261,0.9541922290388549,0.08284223171617697,0.6404015748767874,0.47980508154173246,9.0,18.66253479610711,0.5180564131569901,0.09064487698091528,0.005582569950909307,0.9523517382413088,0.10716415920144384,0.6722607212885809,0.46863962847679375,2.0
98,3,295,235,0.11274706999547256,0.2,0.170135291759827,0.017289800281908848,0.08760922988295762,14.008587532871102,0.4425308890687418,0.09043310452027212,0.0062832775014859486,0.9537832310838446,0.09686600530490468,0.6568707065228122,0.3853750071639807,5.0,20.830016158031928,0.5487352698159075,0.09055358744538973,0.006467187357964035,0.9482617586912065,0.1118380762057403,0.6414726386459967,0.5388507967916379,6.0
99,3,295,235,0.11274706999547256,0.2,0.170135291759827,0.017289800281908848,0.08760922988295762,10.405115097513185,0.37278902030034944,0.08984282839167872,0.006520975872601652,0.9468302658486709,0.07991440855099015,0.6213866210289071,0.4850890366115766,7.0,16.574345989481245,0.4827128917179572,0.0900020824656679,0.007306490857752649,0.9447852760736196,0.09625779039730722,0.6800847083371001,0.49600967456986567,11.0
