-2.914985993564046,-1.0932724289353528,-1.9986542209534135,-0.6885064883310085,-0.902409607852869,-0.6506141316895444,0.0,0.0,1.0,1.0,1.0,1.0,0.07075244269046423,1
-2.122570700064972,-0.8833394323984259,1.0556960016104322,-0.9433117224772409,-0.793226275934956,0.14388593235174843,0.0,1.0,1.0,1.0,1.0,1.0,0.3669204231102082,1
-0.5159808697851935,-0.9705473346584556,0.14221524773730831,1.3710358302909005,-0.28559606199622584,-0.43222575839224747,1.0,1.0,0.0,1.0,1.0,0.0,1.0912915953370474,1
-0.40403033360131924,0.88957912955658,-0.09484400365191928,-0.6638192817249984,0.4168471340956887,-0.36575705085805876,1.0,1.0,1.0,1.0,1.0,0.0,0.1599427912184644,1
-0.477953166457941,-0.5232930373620388,-0.5803987188777545,0.32409533140739943,1.113525064583079,-0.2667271774435105,1.0,1.0,1.0,1.0,0.0,0.0,0.65573067127428,1
0.642808357053296,1.301209858556612,-0.31290058347410565,1.3761123771371322,0.270802134839776,0.5619829478584717,0.0,0.0,0.0,0.0,0.0,0.0,0.09204633025707865,1
-1.8784790025029912,-0.4120414293352347,1.3955484744935565,0.05238803025976555,0.7215342448806835,-0.7195774285332107,1.0,1.0,1.0,1.0,1.0,0.0,1.632364710676117,1
-1.2478936330755688,-0.7647686178334178,-1.2666093131667062,0.6841664549854952,-0.7356466782381722,-0.5819021312118057,0.0,1.0,1.0,1.0,1.0,1.0,0.3401735949855853,1
0.05708675542733254,-0.12770746823591164,-1.7593041790754291,-1.4130576119128115,-0.5918649589380117,-0.832710838746877,1.0,0.0,0.0,1.0,0.0,0.0,0.27789302016631995,1
0.2943765042434026,0.060928535323184284,-0.22247228659568816,-0.2650423080436645,0.036991590660602924,1.1578169096923057,1.0,1.0,1.0,1.0,1.0,1.0,0.8105026011962537,0
-0.24217655989591041,-0.12472689062040394,1.3140692285922242,2.9232200210693002,0.8225105649086791,0.9661656362648976,1.0,0.0,0.0,0.0,1.0,1.0,1.1559916652870723,1
-1.8246091031859126,-1.114559296036099,-0.599272940556081,-0.30960650255341593,0.23028403895899197,0.16584318638678572,0.0,0.0,0.0,0.0,1.0,0.0,0.17929706338249288,1
1.2489415152773269,-1.644406970105489,-2.829746721796196,-1.837369164930931,-1.2305617093300274,0.518057493660982,1.0,0.0,1.0,1.0,1.0,1.0,2.368932018176081,0
0.6843466328983493,0.08687658970291813,0.6911165276385253,-0.2922806532675766,1.0590253315668159,1.4137982142027286,1.0,1.0,1.0,0.0,0.0,0.0,0.5405672071308952,1
0.3438247162207509,0.8359034079017589,-0.6773075012802422,2.741468181467621,0.6915731959958041,-0.11360332597477425,1.0,1.0,1.0,1.0,1.0,0.0,0.6153269694610326,0
-0.5076546074929902,-3.095917183481577,-1.1726602623858449,-0.14184016780159614,-0.8320225855220815,-1.8282506844509983,1.0,0.0,0.0,0.0,0.0,1.0,2.6652594210792806,0
1.049722470795435,0.08208176944069501,0.624578509593597,0.43525048570275715,1.426161868651763,1.2019423834958685,1.0,1.0,1.0,1.0,1.0,1.0,0.3848246039898616,1
-0.14516327784140415,0.20272714558057445,0.34666581611347996,-0.9043504656592983,-0.6535903514320418,-0.28188971022399256,0.0,0.0,0.0,1.0,0.0,0.0,0.6762186546754545,1
1.5055086767285066,0.2779680701299044,-0.3226649490509185,-0.6844558537844055,-0.20845001481523712,-0.3611198505857612,0.0,0.0,0.0,0.0,0.0,0.0,2.2987751623000596,1
0.7469533320343488,-0.13333753671499168,0.37744631050205657,0.6336158769520334,0.12189028651111382,0.9322077268876993,0.0,0.0,0.0,1.0,1.0,1.0,0.28754873451173746,1
0.2176206718779838,1.351909371725573,1.3313037448123355,0.36690582611336386,-0.05418676497849747,-0.6785268644035619,0.0,0.0,0.0,0.0,0.0,0.0,0.18251150093186025,1
0.5464482264128533,0.05445437240640261,0.25978285263431716,0.8358630312601176,0.4515204858034874,-0.8229872249681016,0.0,1.0,0.0,0.0,0.0,0.0,0.6095560246010133,1
-0.5242995391500698,-0.35592709266901323,-0.8219664960141198,-1.0589788947276022,-1.025921707850112,-0.3383455782928847,0.0,1.0,1.0,1.0,0.0,0.0,0.41792919156756575,1
-0.5660492210056666,-0.2908129172390739,-0.40458578486702296,0.7971822018602946,-0.4126804521502873,0.6168203406091428,0.0,1.0,0.0,0.0,0.0,0.0,0.6204870150080498,1
-0.3362175087925993,-1.7631332357777354,-1.4372450558740153,0.7763537887629455,-0.36349783846073025,-1.0663119483227002,0.0,0.0,1.0,1.0,0.0,0.0,1.8536722264797558,1
-0.007557599613190908,0.05694172991388149,0.8676111267676343,1.6414468585708677,-0.27427485386725925,0.6128282847717534,1.0,1.0,1.0,1.0,1.0,0.0,1.1581325525385677,1
0.5394920491202965,0.24765911307869806,-0.26521815631784834,0.40314268522769825,0.28469135154709474,0.32523034944529017,1.0,0.0,0.0,0.0,0.0,0.0,1.2283434882616469,1
-1.2493671086101323,-0.11318806917142175,1.7718281980508719,2.1953048021388524,0.010185162491281883,-0.0552677749517758,1.0,0.0,0.0,0.0,0.0,0.0,0.9718756279566279,1
-0.24315543227610067,0.5754624766460871,-0.050842872899722565,-0.43703752223897463,0.3326683993931916,-0.29528115498369023,1.0,1.0,1.0,1.0,0.0,0.0,0.6608903032780814,1
0.013870048129109986,0.6944095647664889,-0.18330019044575172,-1.6387938625333527,0.37276473653552156,1.2309163423482974,1.0,1.0,1.0,0.0,0.0,0.0,0.7378175658826794,1
-0.0400548934363681,-0.6357707388706223,0.2784823062707051,-0.5306171539127484,0.232409273895998,-0.762775521379897,0.0,0.0,1.0,1.0,0.0,0.0,1.2426538153008944,1
-1.549706252002344,-0.8065708634470719,-0.2779169166228081,0.5990155756197891,0.4718116022896814,0.5021657989158056,1.0,0.0,0.0,1.0,1.0,1.0,0.6770186332367918,1
1.2861077896981528,0.5773226883009157,1.3029534171241166,0.18943499626683935,-0.07329842519822352,1.6548472281779305,0.0,0.0,1.0,0.0,0.0,1.0,1.2430735202788883,1
-0.8905645096945016,-1.8572203067991078,-1.7110391047756257,-0.1757333400257744,-1.1403077190084145,-1.214688179164321,0.0,0.0,0.0,0.0,0.0,0.0,0.6195000792714368,1
0.36470091776792,1.130590095122169,2.0734590425296666,1.6984439296247527,-0.3745577460789344,0.010481261789016079,1.0,1.0,0.0,0.0,0.0,0.0,1.2875211881576993,1
-1.174741409582367,0.06708132930302037,0.7181606716527318,-0.38025390459752373,-0.9209088514840212,-2.1336612683771703,0.0,0.0,0.0,1.0,1.0,0.0,0.377954117189517,1
-0.1944901880166263,1.2584044773717156,0.6243433305681142,-0.5246298565861864,-0.028184954615525698,0.04220451468291719,1.0,0.0,1.0,0.0,1.0,0.0,0.926453633996649,1
-2.497341149474298,-2.259820034895203,-0.051225294077526774,-1.2397355863068935,-0.3204136185356276,-0.2511600629827081,0.0,0.0,0.0,1.0,0.0,0.0,0.09863850801157177,1
-2.095449545663233,-0.4306039560241894,-2.735649627564551,-2.134525887507128,0.1420508696191691,0.016287445181241013,1.0,0.0,1.0,1.0,1.0,0.0,0.09346462467957478,1
0.6911311825745824,-0.42642830036002194,1.1768541398797832,-0.06836782175510836,-0.7992501900764593,0.8409558334378371,0.0,1.0,1.0,1.0,1.0,0.0,1.6622547444991471,1
0.7209664043213472,1.0956950036855606,0.4635151288749632,0.03445373812127058,-0.20511321697946563,-0.14509418103601235,0.0,1.0,0.0,1.0,1.0,1.0,0.5741395665842446,1
-0.4804764352677045,-0.7006131732511247,-0.32301876796658097,-1.0558332695333383,-0.7629067108309001,-1.2872165833142546,0.0,1.0,0.0,0.0,1.0,1.0,0.40799699119150573,1
-1.6016919236244904,-1.0660723048753833,-1.1061091997433383,-0.559753183014176,-0.8443608537952717,-0.07033425971990619,0.0,1.0,1.0,1.0,1.0,1.0,0.5286364870158433,1
0.8930520877195949,-0.27789161543896734,-0.37913446002329515,1.3773459593692514,1.2056843849203882,-0.8140521102785646,0.0,0.0,0.0,0.0,1.0,1.0,0.8337798664958662,1
1.361739327635458,1.3510567871805577,-0.6990852208433603,-1.3098551303003796,-0.7086948681364409,1.0155870369819282,1.0,0.0,0.0,0.0,1.0,0.0,0.763659761909101,1
0.5452587853222255,1.0701379965590512,1.2744224069493446,0.5248016438465464,-1.1023782510409081,-0.8991786571099432,0.0,0.0,0.0,1.0,0.0,1.0,1.2238738962355995,1
-0.2790813580909663,-1.1007093966506656,-0.7398653971810972,0.536713317550672,0.6037530799820154,0.0503411958393511,1.0,0.0,0.0,1.0,1.0,1.0,0.9033750572805163,0
-0.008919913325746754,-0.02996969994517478,1.2413797497479315,2.5165899055785643,1.760458711961027,0.6597057459452814,1.0,0.0,0.0,1.0,1.0,1.0,1.081778834498029,0
0.5327239227772788,-0.46755923867731364,-0.39073045300059656,-2.0033503576343863,-1.6618382540507295,-1.9491170918597094,0.0,0.0,1.0,0.0,0.0,0.0,0.8674469826470315,1
0.14565527537708903,-0.9541719467886578,-0.320416741242134,-0.5075825173907731,-0.3967384891495687,-1.638624340897991,0.0,0.0,0.0,1.0,0.0,0.0,0.03683771389438228,1
0.3514245175683466,0.326615030624203,0.08177736516758455,0.6494274527112638,0.8778218587082793,-0.09628893053132118,0.0,0.0,0.0,1.0,0.0,0.0,0.35531628759302064,1
-1.3834462590894028,-1.8459216469963156,-0.8136437506091599,-0.21709610209090052,-0.5159755900034356,0.8572462659887132,1.0,0.0,0.0,0.0,0.0,0.0,0.7607053800140834,1
0.6416139279105715,-0.3589846945112603,-1.3529620592887752,-2.3376833508749324,-1.701750239158019,-1.3893443044668212,0.0,0.0,0.0,1.0,1.0,1.0,0.2712078004814629,1
-0.6044279598537767,0.8592698138889779,-0.2089649964570787,0.011142135398980582,-0.20220417027777998,-0.7220344818910344,1.0,0.0,0.0,1.0,0.0,0.0,0.5549299340233359,1
1.0202302179442329,-0.7746374810323012,0.18531237348305044,-0.6247978932524999,-1.3666479132973475,-1.4686742095263443,0.0,0.0,1.0,1.0,1.0,0.0,0.9952218875182329,1
-0.981915663467166,-0.897098209782818,0.7714236716788949,-0.009491296240438506,-0.22973459346852987,-1.0251657951291733,0.0,0.0,0.0,0.0,1.0,1.0,0.6617055745728366,1
0.9612357929778835,-0.13496532553411617,-0.5922952454162131,-0.8555716246183668,0.7095747391562093,-0.10585661798678507,0.0,1.0,0.0,1.0,1.0,1.0,0.3674299129035265,1
-0.9969403894937428,-1.9257364147479006,-2.6724807777880675,-1.210246137905887,1.0892442479842812,-0.7554463594323783,0.0,0.0,0.0,1.0,0.0,0.0,0.45165716349286306,1
0.1583618561144252,-0.4040002272732765,-0.866555878021832,-0.08201090393019153,-0.18341750257318168,1.0427739290495566,1.0,1.0,1.0,1.0,1.0,0.0,0.3433656774189834,1
-0.9233139570659813,-1.081247610668987,0.1907554150136925,-0.8823845948721109,1.5553750147266816,0.19859238312122837,0.0,0.0,0.0,1.0,1.0,1.0,0.3715500424488317,1
0.47928623292593564,0.07804610923011708,0.04870251398897709,-0.11863819252919348,-0.15344232338190128,0.5811068428409869,0.0,0.0,0.0,0.0,0.0,1.0,1.2943499727052876,1
1.2294736129508577,0.6747536484647829,-0.5319675869162794,-0.2680561802408426,0.23622216653830544,1.462585393939036,1.0,1.0,1.0,1.0,1.0,1.0,1.2139245133376684,1
1.099703387144612,1.5128454787998717,0.20172312009335963,0.9090193694503481,0.05484722199529487,-0.31909900287165255,0.0,0.0,0.0,1.0,0.0,0.0,0.27891060918756755,1
-0.7196818593488117,-0.11902423227699178,0.085273535866265,1.0685211805653305,0.5779015321562919,1.2191640358921347,1.0,1.0,1.0,1.0,0.0,0.0,0.7324742837003231,1
-0.9942429896667698,0.26456898116226996,0.4791087850784672,1.199604070442406,1.048034819375776,-0.06616545040024023,1.0,1.0,1.0,0.0,0.0,0.0,0.42873398980914584,1
-0.16408455264311853,1.142692175918376,1.5738399027271908,-0.5954350077287829,-0.6994298687775728,0.7219738609622628,1.0,0.0,0.0,0.0,1.0,0.0,0.525143796543224,1
-1.3952884645251893,-1.609097489126474,-2.133348514737333,-1.5788532760640115,0.08497700845306864,-0.6254386660359516,0.0,1.0,1.0,1.0,1.0,1.0,0.19848233700958234,1
-0.08997020449980726,-0.9513892855016354,1.3768437951875752,0.3971492161423255,-0.7379589175219325,-0.43538787842322646,0.0,0.0,1.0,1.0,1.0,1.0,1.6631937926815787,1
0.9692739256728805,0.2282702765172903,-1.402313321379276,-1.2891857216557694,-0.05980708196124059,-0.009939900796994715,0.0,0.0,0.0,1.0,0.0,0.0,0.4730934154679352,1
0.5914051818748178,0.02624110939679402,0.5955710275493313,0.5579267889505776,0.2785621084554932,0.027575141135147578,0.0,1.0,1.0,1.0,1.0,0.0,0.5176553568807044,1
0.26409983772347567,0.6865534964527965,1.1135662364534336,1.1915461292276956,0.6884480509578335,0.5577517417207909,1.0,1.0,0.0,1.0,0.0,1.0,1.1966020524675076,1
0.9000343130560347,0.6609780962801876,0.450725375898065,0.11756026812943145,1.2310125409950818,0.7377769769536336,1.0,1.0,1.0,1.0,0.0,0.0,1.724580083499054,1
0.9762895562071383,0.2561147616352394,0.6220606059296445,-0.30697763039849374,0.544066308852808,0.2110770665240816,0.0,0.0,0.0,0.0,0.0,0.0,1.4757941004155615,1
0.45195448651133,0.38936322361453934,0.2959896660169649,-0.2728416625651178,-0.6537942397236199,0.2983732038617011,0.0,0.0,1.0,1.0,1.0,1.0,1.6376520567790303,1
1.438087606447094,1.248079600342491,-0.9797149061939459,-1.4976611732691856,-0.9124432149707121,-0.9804103151675085,0.0,0.0,0.0,0.0,1.0,0.0,0.3267938668093584,1
-1.0770297519368146,-1.207543109377087,-0.4225344480820576,-0.18360106565310422,-0.1295359332169714,-0.1621548246479041,0.0,0.0,0.0,0.0,0.0,0.0,0.6163121000295773,1
0.41797670718758345,-0.5290567845398315,0.16873216656563386,0.5035944795277958,-0.43848689663957885,-0.6744406329494679,0.0,1.0,0.0,0.0,1.0,1.0,1.060400472987519,1
-0.7467612713554814,-0.5876990558918465,1.1892960422447623,1.4886454437730938,0.5855954185809656,0.1504387657518564,1.0,1.0,0.0,0.0,1.0,1.0,0.5963165386369862,1
0.016856899501410675,0.8783087006370884,-0.5405832449167013,0.4444883380636616,-0.3269138816920824,0.09846466367097018,1.0,1.0,1.0,1.0,0.0,0.0,0.4239116625066503,1
1.2113789121667142,-0.5355438172333088,0.025781931427438846,-0.7701190455109235,-1.496307682323101,-1.644274800707745,1.0,0.0,0.0,1.0,0.0,0.0,2.8221607284583445,1
-0.7983171359333511,0.14230565960226646,0.16765082448745153,0.21896084754476455,-1.240442096885249,-1.7489998453761435,0.0,0.0,0.0,1.0,1.0,1.0,0.2379131644587483,1
0.362857918877159,0.6612772772383013,0.08829355772779218,-0.600443314055049,-1.2524653433549615,0.02011369034588447,0.0,1.0,1.0,1.0,1.0,0.0,0.5550570163566491,1
0.9478394948131241,0.2372782838666563,-0.25157760494735476,-0.045195338034669075,-1.9286351760517584,-0.8180045111057839,0.0,0.0,0.0,1.0,0.0,0.0,0.8103135317748538,1
-0.2824690823919232,-0.4345130651924316,-0.629099618493843,0.3162093514097657,0.3506368452545874,-0.4279121603097898,0.0,0.0,0.0,1.0,0.0,0.0,0.39058056625653725,1
-3.2656496692600396,-0.42196317795825705,0.19483702865433716,0.5801155124670371,0.7947687804682847,-1.5206797337854105,1.0,1.0,1.0,1.0,1.0,1.0,0.17591436282315254,1
1.3466802854337028,-0.39891200234092644,0.3428360072589951,0.27697414008472115,-1.206865265093635,-0.9334880102961164,0.0,0.0,1.0,1.0,1.0,1.0,1.0417520050561995,0
1.2614255702176052,2.170839009800561,1.454488755167045,1.1490178760153806,0.6533190668707427,0.579733818222379,1.0,1.0,1.0,1.0,1.0,1.0,1.1617594551636685,1
0.09618426634988808,1.0189872792813792,1.583438683591052,1.4663622931469962,0.43381507623060445,1.3799832080022791,1.0,0.0,1.0,0.0,0.0,0.0,0.9131667341338824,1
0.04212966854976036,-0.13637966978421437,-0.3185639207630592,-0.3698253515785475,-1.476560320539688,-0.5336331194481357,0.0,0.0,0.0,1.0,1.0,1.0,1.331293822611323,1
-1.2356470717839476,-1.409053588706534,-0.8449446081329733,-0.6725654657706853,0.9773201856473895,-0.8564021014957549,0.0,1.0,0.0,0.0,0.0,0.0,0.1744540450488125,1
-0.5166680992061424,0.6752304187131286,0.4953224219689953,0.4457196650330353,-1.1146236173096966,-0.9187286399377519,0.0,0.0,1.0,1.0,1.0,1.0,0.5913938879782349,1
-0.13867919098779552,-1.3375349624172448,-0.4270484413617998,0.37428462725144446,0.16471348066015,1.0043644084973373,1.0,1.0,0.0,0.0,0.0,0.0,0.09420674230371902,1
-0.33393135093652243,-0.31586310071762796,-0.5059509162635893,1.4894094298940705,2.739331432319271,1.337299648393419,1.0,0.0,1.0,1.0,1.0,0.0,0.6358101489430924,1
-1.065795385630771,-1.230335432209271,-0.49111520999182745,-0.13302148768176322,-1.4481321079042395,-1.4994905171255914,0.0,0.0,0.0,0.0,0.0,0.0,0.48629898467056953,1
1.345403012975237,0.9944794814030916,0.7971465847372736,1.8005910119891362,1.1733689126546012,0.46591525820795215,1.0,0.0,0.0,0.0,1.0,1.0,2.065517558090863,1
-0.21087307968335653,-0.6349632633602754,-1.199302955682659,-1.548971237518158,-1.0966381586049239,-1.3040068907431253,1.0,1.0,0.0,1.0,1.0,1.0,0.23839769675576772,1
0.177113116721354,-0.3887151441760487,-0.34074819410904983,0.6410380934032045,0.6977451052228956,-0.10417526413812665,1.0,0.0,0.0,1.0,0.0,0.0,1.8619363100058128,1
-0.5905701710509893,-0.2505050997696939,-0.002836597848151989,-0.500568251382906,0.00913822575041866,1.0661579903841136,0.0,1.0,0.0,0.0,0.0,1.0,0.1889922830168909,1
-0.279971117885325,-0.42455293684239914,1.7073927762925332,2.0409979885208505,0.2631117352692582,-0.4213932629043385,1.0,1.0,1.0,1.0,0.0,0.0,0.3181180350627793,0
-0.3909224124705899,-0.43516660173167476,-0.4621268972822202,-0.4979462721207237,-0.4292093972695776,-0.8633080310772671,0.0,1.0,0.0,0.0,1.0,1.0,0.10925636630875199,1
-0.5561489854415078,2.2027208712363042,1.4100826014706402,1.2715296412014827,1.2019357548219736,1.4298291968222874,1.0,1.0,0.0,0.0,1.0,0.0,0.22401987853167415,1
1.5132069042493104,0.03746817211021118,0.392126886362698,1.2350464506274517,0.7875919446796854,1.7684539145864766,1.0,0.0,0.0,1.0,1.0,1.0,1.77280796090797,0
0.04055931190105171,-1.323041546678763,-0.19564367982236694,-0.4206200322014506,-0.32265179848253783,1.7939716364057996,1.0,1.0,0.0,1.0,0.0,0.0,0.27029717133539727,1
-1.1392287577722746,1.2588668398608354,-0.09427164875314314,-0.8625914212533327,0.039184703552336476,-0.7198362201146083,0.0,0.0,0.0,0.0,0.0,0.0,0.13596722346148854,1
-0.7128785042044656,1.0238329430211552,1.2608638059721429,0.9982482074973276,-0.811357747381174,-0.9245447809419599,0.0,1.0,1.0,1.0,1.0,1.0,0.17969916496816013,1
-0.8550937706236569,-0.2102182323949339,0.4380765770685194,0.7785037567659205,1.0809234367251628,0.016349029686936387,0.0,0.0,0.0,0.0,1.0,1.0,0.14572140407548353,1
1.8578201737042224,0.6181327235436124,0.3331593669240825,0.08459006225580107,-0.4182422915683624,-0.3849039003576998,0.0,1.0,0.0,0.0,0.0,0.0,1.0131562812126536,1
-2.9835212530314608,-1.1794609685249262,-1.0056141989253553,-0.6389650397584636,-1.0156477128928905,-1.3118495704334974,0.0,0.0,0.0,0.0,0.0,1.0,0.09575958325495626,1
-0.1485456793533767,1.623697637476423,1.5411065297843982,-0.7291892706760119,-0.4851534015412031,-1.5928525159213607,0.0,0.0,0.0,0.0,0.0,1.0,0.42383472571818015,1
-1.1051287368676155,-1.5861910167010356,-0.9955268550742746,0.9399407362031866,0.20010238100765657,0.24546440262335137,1.0,0.0,0.0,0.0,0.0,0.0,0.5741027245117156,1
0.21847149865895005,-0.5398226766564845,0.37371624988260604,0.5036408153344107,0.9663922963940721,0.12720638177905624,0.0,0.0,0.0,0.0,0.0,0.0,0.6046125011786997,1
-0.788905572929451,-1.3323776317013212,0.3085002941045204,-1.864683988640029,-0.9357449779546443,-1.7561507549632582,0.0,0.0,0.0,0.0,1.0,0.0,0.3997142262362695,1
-0.37113834368988763,0.1723811441856782,-0.07603038720893655,-0.47951489558586835,0.10561358316016392,-0.768591188570676,0.0,0.0,1.0,0.0,1.0,1.0,0.3023254918427263,1
0.4423128104497219,1.298298017772331,0.5373881021785767,-0.12274839258967542,-1.4923899744584845,-0.510123192227992,1.0,1.0,1.0,0.0,0.0,0.0,1.3791060195433948,0
-2.268533595001491,-0.5374184470294534,-1.9391539411373842,-0.9977108146382482,-0.06179420031468829,0.3976943274931498,1.0,1.0,1.0,1.0,1.0,0.0,0.1160568478338594,1
0.05613214222921662,-1.439386680749363,-0.5691600125247299,-1.286121007224649,-1.3619998981632473,-0.4719559317941554,0.0,0.0,0.0,0.0,1.0,0.0,1.386997108620273,1
0.10948861102795522,-0.8199529642533592,-1.2054506383424253,-0.408168618054364,-1.02435811669724,-0.3118624984553146,1.0,1.0,0.0,0.0,0.0,0.0,0.3291920396417458,1
-1.688860259342192,-1.0199538865533773,-0.9760648767951997,0.7865440571991701,-0.6305037233450917,-0.31859444878948995,1.0,0.0,1.0,0.0,0.0,0.0,0.6615583763690777,1
-1.7300747382892427,-1.8097553608793067,-0.4038404839767328,0.14153586202400517,0.5575843745708232,-0.8337215866558009,1.0,0.0,0.0,0.0,1.0,0.0,0.4732114045167705,1
-1.4830891150136092,-1.7048259232546983,-1.662943405006789,-1.3830262111062337,-0.24483645300533205,-1.3718736663068931,0.0,1.0,0.0,0.0,0.0,0.0,0.32319859430370645,1
-0.5550366428672935,-0.8767118463118061,-0.14703124610864574,-0.07500141500333712,0.1402310929968617,-0.5618114421312936,1.0,0.0,0.0,0.0,0.0,0.0,0.8131458735038107,1
2.6871121282224797,0.44782031597838734,1.3179453427941208,1.0791275917351288,1.8032908451918463,1.2087800334396395,1.0,0.0,0.0,1.0,1.0,0.0,1.1441884727219818,1
0.2828958377175373,0.1568780305386829,0.8847457506318677,-0.4158519822426338,0.37099885881377304,0.8249509691751207,1.0,1.0,1.0,1.0,1.0,0.0,2.852803799635229,1
-0.03827318248221554,-0.07620123665868264,0.9995681255740985,0.44656817559609163,0.5762447067209124,-0.42117006417690106,0.0,1.0,1.0,1.0,1.0,0.0,0.892571935137792,1
-0.567710447078028,-0.47473572332365116,0.6957888767991639,1.6083864121938796,1.0223631897794878,-0.3938867344840994,0.0,0.0,1.0,1.0,1.0,1.0,2.234607554692592,1
-2.160178849885904,-0.17202774782611982,2.5105948615471063,1.70616598220719,0.010468870587897807,0.8590130170291234,1.0,1.0,1.0,1.0,0.0,0.0,1.0527229530825346,1
0.7310071085816173,0.5354645359162268,0.4032375979176135,0.010855703836908278,0.0030655904256691228,-1.2397939913724434,0.0,0.0,0.0,1.0,0.0,0.0,1.1579059437579926,1
-0.321251411395574,0.19933001784862053,0.6453970165092211,0.031191357641113707,-0.5459145438690756,-0.9595906443250041,1.0,1.0,0.0,1.0,1.0,1.0,0.5566376776226029,1
-1.1564078000760567,-0.7937579468833676,-0.2465159104281947,0.10373581544484872,-0.050572737556803776,-1.1474237081653407,1.0,1.0,1.0,1.0,0.0,0.0,0.8447120614356074,1
-1.3412222779860017,1.3149907298393393,0.8955757887784151,1.5728917932302597,0.6003981512331421,0.2609120732442207,0.0,1.0,1.0,1.0,1.0,1.0,0.27721067924112647,1
2.376144167961519,-0.17747758193018148,2.064454575230211,2.4945545067503705,3.6394605887728817,1.2472920037080264,0.0,0.0,0.0,1.0,0.0,1.0,1.8220652364282204,1
-0.5703179382586329,-0.4678572945483347,-0.39965215758270906,-0.13460069080340667,-0.9951685753577783,-1.5281691675349722,0.0,0.0,0.0,1.0,1.0,1.0,0.8376630258153905,1
0.8091086982474901,0.4200708799454857,-0.09876606619226062,-0.8303054841700431,0.16460912728621174,-0.9556587620091009,0.0,0.0,1.0,0.0,1.0,0.0,1.2536883551847107,1
1.568377981870459,1.2864647421317938,-0.06312713338928053,0.07046886966853691,-1.188781136767869,-2.7043313450561204,0.0,0.0,1.0,1.0,1.0,0.0,0.1038130387641091,0
-0.7696320172223071,0.5460004396858303,-0.6880763439387085,-1.0454628541239936,-0.9696150057259896,-1.7365152930824497,0.0,1.0,1.0,1.0,1.0,1.0,0.18390138101296166,1
-1.18555761795244,-1.6809761437168642,-0.3874179444425354,0.1603424633990398,0.06521957156319909,0.24682079721949596,1.0,0.0,0.0,1.0,1.0,1.0,2.6402518542445965,1
-0.6109206205923066,0.03062285660503022,0.8050312244286206,0.6372942371633118,0.6628925671258129,1.6114771603523381,1.0,1.0,0.0,0.0,0.0,0.0,0.2605763249837734,1
-1.3487734814819907,-0.9593198624760833,-0.3213505276402463,-0.7947064901652289,0.5289897374186147,-0.6027819354378625,0.0,0.0,1.0,1.0,0.0,0.0,0.8797160938060107,1
0.12424144102929092,0.08558977550836805,-0.24844406588895465,0.8284990479979145,0.8910380206052908,-0.9738193999599597,0.0,0.0,1.0,1.0,1.0,1.0,0.27008687321880853,1
0.6655558623636325,0.527895533220357,1.4287002817095702,0.8005318264129894,1.1789770272638798,0.634974695728541,1.0,1.0,1.0,1.0,1.0,0.0,3.293130220618365,1
-0.5763814699897355,0.22404005830750198,0.4891648444979969,1.1414438381329306,-0.2520750296594152,0.2640573130282973,0.0,0.0,0.0,0.0,0.0,0.0,0.4957123981775794,1
0.49569605604336303,0.20893853472171622,0.16724764139314097,2.157081196359926,1.5023744005801654,-0.8257070434776853,0.0,0.0,0.0,0.0,0.0,0.0,0.46965829742635257,1
1.3135007987138771,2.0770075363380114,0.6560169798317053,0.691913833502271,0.29276875377302314,-0.8432279140312725,0.0,1.0,1.0,1.0,0.0,0.0,0.357277971211884,1
-2.132297027049551,-2.2436000144284627,-1.1052896342226173,-1.4682785279589725,-2.1541516591907666,-2.1284077668952217,0.0,1.0,1.0,0.0,0.0,0.0,0.33522581948821983,1
1.6220337986735132,-0.30614777476362304,0.503569616248027,-0.3048352380987627,0.04673415659301107,-0.4380992208417063,0.0,1.0,1.0,1.0,0.0,0.0,1.5462362621960208,1
0.7917934915746617,-1.2035075771850592,-1.2025590855138963,-2.443923010921723,0.3640038418254637,-0.03574918758482827,0.0,1.0,1.0,1.0,0.0,1.0,0.731487789017185,1
-1.5895284476958047,-1.4811175411531663,-1.9535344619599673,-1.0755085938895859,-1.3355488444305914,-0.288034931132387,1.0,1.0,1.0,1.0,1.0,0.0,0.30712625971104723,1
1.483669766185319,1.550534043267336,1.0809865291116327,0.8254504090743412,1.3047205644155868,1.5448120184482936,1.0,0.0,1.0,1.0,1.0,1.0,1.2891416606291688,0
-0.885530012755465,2.075749668181573,2.986437399039383,1.9984774078192644,1.600161584222882,0.459989539537561,0.0,0.0,0.0,0.0,1.0,1.0,0.41610490231745917,1
-0.16358754158824984,0.34943999385099367,-0.9826926001146771,-0.37666354666751084,-0.16673699341705606,0.4053911463170889,1.0,0.0,1.0,1.0,1.0,0.0,0.3938987392938595,1
1.1470979437715627,0.6012712883270093,-0.3599082192853633,0.19541037514339119,0.304213572953711,0.37919623557332344,0.0,0.0,0.0,0.0,0.0,0.0,0.9644184696058858,1
-0.5677564038275413,-1.5909575220316226,-1.5201446857743746,-0.27086908409345084,1.1377308308008582,1.3571901093734897,1.0,1.0,1.0,0.0,1.0,0.0,0.17572451488393673,1
-0.03524206111494247,1.3140603292713127,0.5820451333977192,0.9029327507102832,0.8486064820532437,-0.18079615468949597,1.0,1.0,1.0,0.0,1.0,1.0,0.6223952550663912,1
1.277091935704673,2.2021751963293514,0.23561845737388004,-0.39589228717138053,0.8762176457923653,-0.1932401036181274,1.0,0.0,0.0,0.0,0.0,0.0,1.2706410617316537,1
0.8168512557719644,-0.0951056831907032,2.156018146832723,1.5507639673143168,1.2593805118511,1.2294236726338599,0.0,0.0,1.0,1.0,0.0,0.0,5.754383723549961,0
0.23638354935505654,0.6496591997260431,0.38720751220653016,-0.12522165810202174,1.4295209084404144,0.08425128067363775,0.0,0.0,1.0,1.0,1.0,1.0,1.331163302906473,1
0.4486617712404039,-0.8472873742776262,-0.22511523598450292,-1.745022195901814,-0.1938113696884101,-0.12664260904479357,1.0,1.0,1.0,1.0,1.0,1.0,1.969676506494571,1
1.9870157383695874,1.4885076889403175,0.9340980404029504,0.3616944669296216,0.016021707120547832,0.226465880281172,1.0,1.0,1.0,1.0,1.0,1.0,1.465175592427196,1
-1.5493154544238315,0.3715142262433302,0.24360267002204022,0.14387426406041115,0.4287043352417469,0.15479495280168282,1.0,1.0,1.0,1.0,0.0,0.0,0.48095671345036844,1
-0.28484233188178,1.270352209028887,0.7527523265921451,0.6860659790353782,0.9838893728279587,0.7396359079982509,1.0,1.0,1.0,1.0,0.0,1.0,0.6134613224098702,1
1.1778466666948642,0.7618589416321547,0.043575272096315947,0.1209116616249979,1.4567817923791446,-0.22196718082379824,0.0,1.0,1.0,1.0,1.0,1.0,0.3040806405951723,1
2.3279249052727367,1.1007204582605152,-0.06502333513006878,-1.181815344956963,-0.8700272145468643,-1.1566117378449474,0.0,0.0,0.0,0.0,0.0,0.0,1.0906251779596061,1
-0.20158517700515607,-0.9419153886829539,-2.2156261595396614,-0.5561338167677792,0.3480110226004957,1.258550922772687,1.0,1.0,1.0,1.0,1.0,1.0,0.5648664329203557,1
-0.6232469364737215,1.4687382415271837,0.5205543809877774,-0.975981279459677,-0.8847151508827787,0.1644476390090997,1.0,1.0,1.0,0.0,1.0,1.0,0.563775519486606,1
-1.5964079916919927,-0.465569326727196,-2.4027855162267016,-1.6766403984617424,-1.3756963989094282,-0.686306618857755,1.0,0.0,0.0,0.0,0.0,0.0,0.04238508975940084,1
-0.2888175638692197,-0.9016390233330913,0.0852123360905177,0.37194941609974724,0.6100173487822445,0.23223867440598878,0.0,1.0,1.0,0.0,1.0,1.0,0.5397102615335492,1
1.1605315282250304,0.2085348769582929,0.9401076677217527,0.5481351136210867,0.20241056895748152,-0.009374104156504014,1.0,1.0,1.0,1.0,1.0,0.0,1.311159764372439,1
-0.2018462246643737,-0.5051196982006604,0.41770820733683584,1.062144137346944,-0.11672806171022836,-0.5358034457224403,1.0,1.0,0.0,0.0,1.0,0.0,0.23171116647354717,1
-0.26573485527345114,0.08046165860601392,0.5405065653332831,1.7582733271779405,0.7039395802385617,0.23657285207473586,1.0,0.0,1.0,0.0,1.0,1.0,0.4325802260297411,1
-0.6145890128527061,-0.08124997497816931,0.5730288520691416,1.2829085195389305,0.8353671762667478,-0.1370954614424043,0.0,1.0,0.0,0.0,1.0,1.0,0.35770975121353826,1
-0.7401004729677103,-0.7630592355405161,-0.20172960884415078,-1.1099497778654175,-0.9713947405209556,-1.8630494373209527,0.0,0.0,0.0,0.0,1.0,0.0,0.41333736882019195,1
0.768649493612823,0.23846499235083682,-0.25067272154364184,-0.696870919001581,-0.009833265598428939,-0.4221321241693443,0.0,0.0,1.0,0.0,0.0,0.0,1.0122173502953615,1
0.7306204222831436,-0.32287903795441364,0.6083405754473987,0.45370966279940733,-0.3938508788220626,0.09501130782388065,0.0,0.0,0.0,0.0,0.0,0.0,1.3561781510290551,1
1.552553973322082,1.1699931468055165,1.9772348901128358,1.384086971097094,-0.030128509187822533,1.1228440743635004,1.0,1.0,1.0,1.0,1.0,1.0,2.278205136619017,1
-0.3100153829023645,-0.4104450880567539,-0.09647290605277256,-0.23442096668343887,-0.5057970957511037,0.34698667978172537,1.0,0.0,0.0,0.0,0.0,1.0,0.750002564035399,1
0.8931808985563452,-0.1703843520154792,-0.4817287178619477,-1.0431756235695644,0.3149175722592373,1.1872699094864418,1.0,1.0,0.0,0.0,1.0,0.0,0.7952041321333747,1
-0.5109700946426753,0.5515940981534657,-0.09527971271030997,-0.06469302581980085,-0.20507653557730368,-0.8074363469987055,0.0,1.0,1.0,1.0,1.0,1.0,0.39339383974703207,1
1.2877630474052066,1.0722951931966775,-0.4265166946276384,-0.34817399537545907,-0.5415417459281409,-0.25832607780272454,0.0,1.0,0.0,1.0,1.0,1.0,0.145984495810632,1
0.4521240003043863,0.24502265558032188,0.6998905001098087,1.2599837760311898,-0.6259002871948743,-0.6400816481131728,1.0,1.0,1.0,0.0,0.0,0.0,1.3799749121563856,1
-0.43973910766682606,0.8040440556103069,1.1991930960930948,0.7617058594947643,0.1682355834195153,2.9900689432990286,0.0,0.0,0.0,1.0,1.0,0.0,0.23063612577171058,1
-1.4493219585813932,1.0093696450017673,1.1862520447985185,-1.3485329632132104,-1.7342912351122577,-0.8851456598630673,1.0,0.0,1.0,1.0,1.0,1.0,1.2174332112713364,1
0.5123064666871896,1.2451316309479858,0.03306704326888831,1.3885168146854387,0.552589959684581,1.8237873366226027,1.0,1.0,1.0,1.0,1.0,1.0,0.3958943214548247,1
-0.5045073765200841,0.6326934782435838,-0.4015572041428821,-0.08388505472689002,0.14630692578306764,-1.3538566757119879,1.0,1.0,1.0,0.0,0.0,0.0,0.15355024280028123,1
1.042581904590105,0.4062702513383841,-0.9586163697115263,-2.191249237784553,-1.0381493055365782,-1.4519775040821523,0.0,0.0,0.0,1.0,1.0,1.0,0.7355310921898512,1
-0.6910286978612811,-1.11221349829759,-0.6548946458305143,-0.19708885574743734,-0.14208091909433168,-0.2921445827813275,1.0,0.0,0.0,0.0,0.0,0.0,0.9513949012090078,1
-0.7752763798785959,0.17833769946275027,-0.5516643571876245,-0.35194991902706235,0.6902475934043096,0.7360227416198857,1.0,1.0,0.0,1.0,1.0,1.0,0.27892176389320567,1
-0.9554645897953099,-0.7018514931326653,-0.9872593497149829,-0.5769390679907275,-1.6242128425524023,-0.19546119952882846,0.0,0.0,1.0,0.0,0.0,0.0,0.5827770496270107,1
-0.9903715783882537,0.4369958717221207,2.1843450787709964,1.2304493037667235,0.5521779280535869,0.3524699874807762,0.0,0.0,0.0,0.0,0.0,1.0,0.5858983135128369,1
-0.8024492420605341,0.0938145881253438,-0.9441784807284299,-0.9526015488045912,-0.9143536280777389,-0.12347453052641229,0.0,0.0,1.0,1.0,1.0,1.0,0.4998589152966853,1
2.196219310233257,0.9711171831284879,0.11298847252147208,-0.47864181308047804,-1.4256964457439905,-1.234479729607004,0.0,0.0,0.0,0.0,0.0,1.0,0.9386933918428375,1
0.03889749748266738,-1.2776535638945348,-1.9012377855294125,-1.1564210979511185,-0.38885062767268724,-0.22286936979312022,1.0,0.0,0.0,0.0,0.0,0.0,0.34076565901812433,1
-0.2592771922055326,-0.5781131131284922,-0.9070565446764791,-1.699610780022111,-0.6065983050911973,0.5043880896737696,1.0,0.0,1.0,0.0,0.0,0.0,1.409173105578774,1
0.5796239440315614,1.6989971738033285,0.2926816408414674,-2.0501397860972523,-2.9720264325003973,-0.15745055907955022,1.0,1.0,1.0,0.0,1.0,1.0,0.4433579386997627,1
1.7905245331361404,0.8998760808771793,-0.9616835155224063,0.6271202543462112,-0.47277263980610984,-2.4687516323049543,0.0,0.0,0.0,0.0,0.0,0.0,0.9533326673231899,1
-1.1436742270018951,-1.925232148528762,-1.3658126075428667,0.8989399202697451,-0.18276479339708615,-0.16536120685939018,1.0,1.0,1.0,1.0,0.0,1.0,0.45438238311180507,1
-1.1173863162413318,-0.41018472739885664,-0.15067515419481367,0.7745819593906785,1.1127046639627398,1.2859570997191563,1.0,1.0,1.0,1.0,1.0,1.0,0.7140071382623662,0
-0.5264558850524035,-0.9029747288933369,-0.09395329183425312,0.025399594588550584,0.17149988332605684,0.2539331865977117,0.0,1.0,1.0,1.0,1.0,1.0,0.8621763185714602,1
0.2772823598077443,0.14047085927344488,-1.129976297908127,-0.5463488407308382,0.3063832467814659,0.49227127741404114,0.0,1.0,0.0,0.0,1.0,0.0,0.07351303742273321,1
0.9388163355511906,-0.9791424270864688,-1.546223305957663,-0.17251715131596873,-0.31441736339081683,-0.5619173586868563,1.0,1.0,0.0,0.0,0.0,0.0,0.45296538188809327,1
-0.14499551505030467,0.6222878602679927,-0.47194488544147833,0.40518332150374764,0.38776897845261055,-0.3595702735581762,0.0,0.0,0.0,0.0,1.0,0.0,0.32488442917144045,1
0.1335940403156301,-0.11603855324942224,0.8356003254023584,0.9254226439525197,0.8693385644233268,1.3545846500380383,1.0,1.0,1.0,0.0,0.0,0.0,2.0898597241043846,0
-1.6323662069167868,-0.11339564839200197,-0.12042765672875397,-1.1027172892264498,-0.6239797733332998,-0.3649930192999829,0.0,0.0,0.0,0.0,0.0,0.0,0.3245163031605726,1
0.49533139736746623,0.19499612299729235,-0.36570917594878966,0.3904558426825667,1.5954548996920723,2.4051184810121655,1.0,1.0,1.0,1.0,1.0,0.0,0.7530177811626959,1
-1.3795849713408121,-1.042349257995716,-0.9988858115946481,-1.494568662614431,-0.832086092601804,0.36907530857532644,1.0,1.0,1.0,1.0,1.0,1.0,0.06466937733164164,1
-0.3647557526860167,0.14660644304066114,0.8831135807203065,0.9848690474687827,0.6852646243845213,-0.10225014794364301,1.0,1.0,0.0,1.0,0.0,1.0,0.8716951256330966,1
-1.7755622929354082,-2.3915272170286075,-1.1624623383957073,-1.7323601675490627,-1.014172345401855,-0.9089478065229043,0.0,1.0,0.0,0.0,0.0,1.0,0.5511517986321555,1
-0.5961492234370227,0.6550966725886597,1.5020870559757444,1.8050703586592671,-0.5804576816690874,0.20609680972274322,0.0,1.0,1.0,1.0,1.0,1.0,0.4571955331085396,1
2.13329244251584,2.0053680233629834,1.1287370342100094,0.5066065570032969,-0.7023060513386445,-0.7353307965816637,1.0,1.0,1.0,0.0,0.0,1.0,1.8892479601500205,1
-0.4242212918128166,-0.6446537324778634,-0.8036243146946526,0.5331175965765844,-0.034548183370951835,-0.7069434648330682,1.0,1.0,1.0,0.0,0.0,1.0,0.8801767827806946,1
-0.6182536688133207,0.17976625169671775,-0.2630982513450729,0.554304629971537,1.402163003553327,0.8439130582066485,1.0,1.0,1.0,1.0,0.0,0.0,0.45240864468820763,1
-0.14912779707537005,-0.5030352960767367,-0.29879918173412395,-0.43816747454614474,-0.7604632750235811,0.6924351971227874,0.0,0.0,1.0,1.0,1.0,1.0,1.1923933119434063,1
-0.41345732530178303,-0.6002817862047901,-0.10325887587826821,-0.49544813863840587,-1.3939313415306702,-0.067553557304479,1.0,0.0,1.0,1.0,1.0,1.0,0.8730700548086334,1
1.511140760283429,1.6817611365454215,2.1690328915976917,0.849992591507266,0.29639760043692853,1.7974290157077248,0.0,0.0,0.0,0.0,1.0,0.0,1.0325976453413888,0
-0.7866796866643645,0.39835622260422315,-0.7177004527123805,-0.3821628327037484,0.6334662277804564,0.6767897476117439,0.0,0.0,0.0,0.0,1.0,1.0,0.18505528817282893,1
-1.2330124125491364,0.08068866906167209,-0.31015798899295216,-1.3694539311466636,-0.2894659723913629,-0.2301426782163286,0.0,0.0,0.0,0.0,1.0,1.0,0.21874891236022662,1
0.3047371742028198,-1.2849693865355878,-0.7903119337045115,0.14800035369695472,-1.4295479660299648,-1.7062384721745631,0.0,0.0,0.0,0.0,1.0,0.0,0.8830726669310132,1
-1.0590416131552622,0.037135477833806836,0.23666392141078937,0.6233466711356518,-0.0352884848114855,-1.5630586986070438,0.0,0.0,0.0,0.0,0.0,0.0,0.37078631016477487,1
-1.270789266382565,-1.1285694711599281,-0.6858937667837247,-0.8188515902961564,-2.461466531721683,-0.853942963455811,1.0,0.0,1.0,1.0,1.0,0.0,0.9102147124476665,1
-1.886738886117512,-0.7951508840701712,-1.6878615787485023,-0.7382905357511469,-0.7716285319451412,-0.4043482802825606,0.0,0.0,0.0,0.0,0.0,0.0,0.14277518326984964,1
-0.9906521853047104,-1.1080361409584318,0.8624014109307883,-0.08908249700424666,-0.4556830727548403,0.9987843969665261,0.0,0.0,0.0,0.0,1.0,1.0,0.22754418845769442,1
-1.5864624764669197,-0.25604292098933007,0.37240221921573613,-0.6046527780850394,-0.41818230462099376,-1.531218185445139,0.0,0.0,0.0,0.0,0.0,0.0,0.5025952616197612,1
0.6588607283956567,0.6463519518912654,0.8261040694112897,0.6507751895727036,-0.6037240362247769,0.41758417097247164,1.0,1.0,0.0,0.0,0.0,1.0,0.2183079560846386,1
1.9609416242860584,1.2130183347505823,-0.8506805688580084,-0.8870187043815793,-1.3562694227308099,-0.03819778269582467,0.0,0.0,0.0,0.0,0.0,0.0,0.5772174654813289,1
-0.3371955780654908,-1.8542134862549844,0.7459039622449994,-0.23311231166143312,-0.7653416341056732,-1.5481140846664982,0.0,1.0,1.0,0.0,1.0,1.0,0.29635532725778896,0
0.33301627623019103,-0.35926240692040073,0.16540164103038893,-0.6213811948861817,-1.5682908272149245,-0.38130170981180195,0.0,0.0,0.0,0.0,1.0,1.0,0.5972490495265516,1
0.5077779878475219,-0.5137183251591942,0.7190222109359028,1.577605385357655,2.606565359015296,1.8769842276221356,1.0,0.0,0.0,1.0,1.0,0.0,1.9712716121731515,0
2.10095745463535,0.216895188709627,0.504656586242127,-0.7912921855407848,-0.895955084932932,0.9012583330782782,1.0,1.0,1.0,0.0,0.0,0.0,2.527572979117698,1
2.4546421461522843,2.085908194309818,3.0295880700657656,-0.2709893492852546,-0.42088062629149875,0.168456201271346,0.0,1.0,0.0,0.0,0.0,0.0,1.4126227191473455,1
0.8146199757722042,-0.2705890542716334,-0.5703633965461704,-0.2943414979160606,-1.8083400976245816,-0.18998834184165625,0.0,0.0,1.0,1.0,1.0,1.0,0.9087269267629611,1
0.2800110953832723,1.5628658644916835,-0.03969880673730917,-0.11020563449534485,-0.6687311537457261,0.7658706951677371,1.0,1.0,0.0,0.0,0.0,1.0,0.7296574303057032,1
-0.06872924592171446,-0.2538582061484395,-0.6620989679188911,-0.4501559968893344,0.18448438703854994,1.3679290071367247,1.0,1.0,1.0,0.0,0.0,0.0,0.13733128440948242,1
-0.17237613942277122,0.47310866466874074,-0.32714654669645565,0.5414030154115959,0.6198565529656981,0.09218073835939664,1.0,0.0,0.0,0.0,1.0,0.0,0.7157807353271178,1
0.49323061486664366,-0.2718134663839398,1.2790194444829206,-1.4619956324186976,-1.4396345351798303,-0.1757452213858006,0.0,0.0,0.0,0.0,0.0,0.0,0.8287048320696985,1
0.05785323654786134,0.4322543718094668,-1.7835572475181207,-2.286560305570661,-1.1182580328878655,0.14536362250524393,1.0,0.0,1.0,0.0,0.0,0.0,0.4329197025699551,1
-1.1371641203464256,-0.3091687243927995,0.5790852271593531,0.7143815063240435,1.2936102358714252,0.4199369115117479,0.0,0.0,0.0,0.0,1.0,0.0,0.8567968175422526,1
-0.2426410884367094,-0.4583916094939033,-0.6241454531431306,-1.2941805273522264,-0.9059020062415217,-0.022469206868478083,0.0,0.0,1.0,1.0,0.0,0.0,0.3892064407483102,1
-0.26394401778459203,-1.0227068065933398,-1.6511544243997573,-1.1537330243312565,-0.3806297226804175,-1.0458260851183656,0.0,1.0,0.0,0.0,0.0,1.0,0.16388246445095936,1
-0.3281942669125594,0.7682898856089656,-0.514949055755278,0.5213725965453819,1.7247401919419678,0.669952364289047,1.0,1.0,1.0,1.0,0.0,1.0,0.38711108810964534,1
-0.9229593366084992,0.548599081412915,0.4275174991095699,1.4327241910602861,1.9486748755770347,1.4541108991163805,1.0,1.0,0.0,0.0,1.0,1.0,0.143099486747344,1
-0.28260918524473716,0.12275619869341257,-0.210159641826228,-1.099950533277895,-0.07727951445081152,0.9358221673962966,1.0,1.0,1.0,1.0,0.0,1.0,0.341956333087914,1
0.19435754064015426,-0.888288791878018,-2.0829806828591644,-1.2167370650478575,0.3621275183391336,-0.09615954938049577,1.0,0.0,0.0,0.0,1.0,1.0,0.40988296727985796,1
-0.7381845219786116,-1.2146235417557623,-0.4800622837156672,-0.044911234683728145,0.5640209575328538,1.1488439888492532,0.0,1.0,0.0,0.0,0.0,0.0,0.5625919392014632,1
-0.9842703397547808,-0.6780035083646362,0.2307600587163417,0.5965821335074158,1.1032502672468487,0.3498006594015193,1.0,1.0,1.0,1.0,1.0,1.0,0.5692232289328131,1
0.009226122275288382,-0.4578007531826639,-1.119290055395358,-0.0577775416610813,0.22138668262874164,0.16259765817090244,1.0,1.0,0.0,0.0,0.0,1.0,0.3003299368655724,1
0.5296051789753485,-1.2522335858130493,-0.5200101984137017,0.7121510170469945,-0.19373190686274827,-0.6314385214095946,0.0,0.0,0.0,0.0,0.0,1.0,0.5095743650109316,1
-1.141272517740555,-0.1234812117635835,-0.07139188399593005,-0.6760095397981734,0.7369101472309039,0.45312329502195464,1.0,1.0,1.0,1.0,0.0,0.0,0.4534378807795148,1
-2.539343443895701,-0.31950990916806077,0.04014727783511642,-0.5590914638465725,-0.3120126762938953,-0.16868712102828476,1.0,1.0,1.0,1.0,0.0,1.0,0.18628800822018657,1
1.0795418213340877,0.22730328259527732,-1.3289113765032528,-1.0565252631941944,0.6664384431536442,-0.23533889654027443,1.0,1.0,0.0,0.0,1.0,0.0,0.3986380012831884,1
-0.5139582933803079,-1.1977055334743767,-1.184416538717619,-1.962856287811935,-1.4005823106524087,-2.10114871434964,0.0,1.0,1.0,1.0,1.0,1.0,0.2569275675300293,1
-1.3454225070559183,-0.554386072646119,0.004997417934982939,0.8298937139853797,-0.11577625408591245,0.17882474687318106,1.0,0.0,0.0,0.0,0.0,0.0,0.745247532325356,1
-0.8948533356292024,0.5860164166354913,-0.19710362366302875,1.026558965630084,-0.3612006514334702,-0.6863787942017684,0.0,0.0,1.0,1.0,1.0,1.0,0.1521490643973662,1
1.387158280440413,0.2668188135892847,-0.7626086993761497,0.9489922542237441,-0.28641244127644583,0.44229476181237226,1.0,0.0,1.0,1.0,1.0,1.0,2.221136479773896,1
1.3163514721810397,0.7031605320504631,0.8169081581753455,0.5729282570702674,0.7308560741064098,1.0949756188511486,0.0,1.0,0.0,1.0,0.0,1.0,1.061760100994419,1
0.10333868297337362,-0.4542637631241427,0.2681984110687667,-0.1820672183382089,0.15411084003142633,-0.1676028065695954,0.0,1.0,0.0,1.0,1.0,1.0,0.43168159248678123,1
-0.74948682746026,-0.14333774931457355,-0.6455449714187721,-1.4254797761849367,0.4184384009085979,-0.18494354833339713,0.0,0.0,0.0,1.0,1.0,0.0,0.31834669052626513,1
-0.2128692028344101,-0.2988084701046271,-0.614399693800641,0.12917677243468137,-0.5234628843604265,1.387492586160509,1.0,1.0,0.0,1.0,0.0,1.0,0.5313685008475831,1
2.4386386865826046,0.5378255256972211,0.4106414487546697,0.3896528110777253,0.4609127908992667,-1.368198166661403,0.0,0.0,1.0,0.0,1.0,1.0,1.2792348374104439,0
0.44140512354787503,-0.529902105514164,-0.7760337250976571,-0.6209117043135144,-0.3233483227694183,-1.952228711101958,0.0,0.0,0.0,1.0,0.0,0.0,0.38319609213206546,1
-1.395541536185913,0.1377214000191406,-0.21309563860356892,0.42869387297913414,-0.7940768998745188,-1.0484509131616424,0.0,0.0,0.0,0.0,0.0,0.0,0.33077267829423435,1
2.317446105566194,0.6426228545830401,-0.055549253355746946,0.46039104026557304,0.4515435464190258,1.2448091752011377,1.0,1.0,1.0,1.0,1.0,1.0,2.2124059034572023,1
-0.7482191305861989,0.031941463016136123,-0.5214089081224065,0.2281093372391443,-1.2536007220883645,1.0346736075406913,1.0,0.0,0.0,1.0,1.0,1.0,0.4719996077042328,1
1.2027308610798613,-1.2527324109834148,-1.4121469214565585,-0.5698400385259718,0.5462719539387946,1.4993875354689075,0.0,1.0,1.0,1.0,0.0,1.0,0.8946235052682806,1
-0.16619665350260127,0.35319787575682626,1.713643850820878,3.2156967324970753,2.6064594920859805,0.7538536013018703,1.0,1.0,1.0,0.0,0.0,0.0,1.520886952212734,1
-1.204996600541377,-1.3964089215573472,-0.9519077709034903,0.15514114077855837,0.7305267004891532,0.5068019095119856,0.0,0.0,0.0,0.0,0.0,1.0,0.23994624166756054,1
0.2620811744184169,-0.4075464957461181,0.3351034993507009,-1.2593341646323577,-0.1243016256572234,-0.19107776902258733,0.0,0.0,0.0,0.0,0.0,0.0,0.47309832090354836,1
0.49993720157211824,1.101451096616714,0.49975558324743113,0.2869626200598372,1.9088811637463436,0.03656851930528198,0.0,0.0,0.0,1.0,1.0,1.0,0.29514380677898777,1
0.13345432653383366,-0.6319355688182121,-0.08286437651680068,-0.1692371224478936,1.1335289601912877,0.7240235124642507,0.0,0.0,0.0,0.0,1.0,0.0,0.760790649251418,1
0.6044124244284534,-1.1694370889923094,-0.4526494915201089,0.023493225833255322,-1.5492275007544072,-1.2030945635661907,0.0,1.0,0.0,0.0,0.0,1.0,1.3291021899449151,1
1.9460820182106546,0.9294170147899556,-0.2791347872550643,1.04874590479524,0.04859290787664606,0.7343842053371304,1.0,1.0,0.0,0.0,1.0,1.0,0.8574874509287952,0
-0.15585224061838887,0.16060466993342215,0.2631587825258959,0.9346944055174309,0.4390369930912412,-0.12047494557620513,0.0,1.0,1.0,0.0,0.0,1.0,0.27904901326825937,1
-0.28179259244107774,0.9871618234983521,0.8619491386238541,1.1067588147964702,1.749233867609048,0.21411466457715989,0.0,0.0,1.0,1.0,1.0,1.0,0.33036745441667753,1
-1.0118594310448041,-0.777542171965426,-1.6258487020044707,-0.6261591697501947,0.028656097725885937,-0.8655803766964362,1.0,1.0,1.0,1.0,1.0,1.0,0.19285997459040924,1
0.17548052812550075,-0.6279587950864044,-1.5868168629341766,-1.3908414350697151,-0.8021253279109798,-0.09795935281473805,1.0,0.0,1.0,1.0,1.0,1.0,1.3613050724013909,1
0.6768954617018398,0.38705227443450546,-0.6451400454406588,-0.12612561190366187,1.3526886214526057,2.32395914148841,1.0,1.0,0.0,0.0,0.0,0.0,0.3137101600719528,0
-0.22543370601493148,0.7223259287432044,0.38697934893865876,1.0788546819799416,0.03459254902751335,-1.2820377717981424,0.0,0.0,1.0,0.0,0.0,0.0,0.6496571226118092,1
-0.7750013157413392,-0.7916222814051205,-0.7236599932160968,-1.4506214079761108,0.4591219279712747,-0.8600600558329091,1.0,1.0,1.0,0.0,1.0,1.0,0.6454269230750961,1
-1.5126442633251436,-1.1774160200496988,-0.5272211677602393,-0.13502513097332663,0.19401106075203842,-0.8579609093146798,0.0,1.0,1.0,1.0,1.0,1.0,0.6456149367385972,1
-0.34940360203226445,-0.1774362079599589,-0.06041413929887144,-0.17470392077504512,1.931706404230013,0.44485077082941704,0.0,0.0,1.0,0.0,0.0,1.0,0.4213729846308475,1
-0.5241062791967215,-0.662524503796221,-0.8115540118337705,-0.6440279293841775,-1.1863691113342751,-0.5910020284213715,1.0,1.0,1.0,1.0,1.0,1.0,0.234186668652691,1
3.1189081449257237,1.3158542078115756,1.4533967224414561,0.7698552714264995,-0.1709504378929565,0.13683108098707714,1.0,1.0,0.0,1.0,1.0,1.0,1.6286724429167574,1
-0.17624287961516852,1.3483089646998756,0.40741153628301735,0.47806685678145416,1.3405085003124888,1.7311526282921774,0.0,1.0,1.0,1.0,1.0,1.0,0.08578932550316251,1
0.25015511592370737,3.3297167864406187,2.2428871029815163,3.3152902595825946,2.8864549165274034,1.7066317721651596,1.0,1.0,1.0,1.0,1.0,0.0,0.6579873518152807,1
-0.6303257928556207,0.32093677970899964,-1.4150132564957592,-0.24588998208504537,0.1503587066682972,0.4057259683495794,0.0,0.0,0.0,0.0,0.0,0.0,0.08616695448005161,1
-0.0806773175566516,0.6322819028807333,1.7592074182448658,1.220429493881505,1.5375663376302435,1.2962026488736755,1.0,1.0,1.0,0.0,1.0,1.0,1.433101840842747,1
0.03747204917067907,0.06991121982343168,0.17506511866304425,-0.6483046727554566,-0.3420933021285841,-1.051648382587917,0.0,0.0,0.0,1.0,1.0,1.0,0.5145150571735484,0
-0.7688072488691761,-1.1370484518739408,-0.35003011851667626,-0.5993878312804215,-0.29549836003941565,-1.1077628827422852,0.0,0.0,1.0,0.0,1.0,0.0,0.2830545185308738,1
-0.23675660158727313,0.49192814960868686,-0.04371292328222725,0.8832851640326407,0.09550521812675221,0.8745881171907859,1.0,1.0,1.0,1.0,1.0,0.0,0.7972000593033487,1
0.024559206638617867,0.7326045255910524,1.9706198695593322,-0.3118151588034377,0.6137160557198095,0.34679855881875943,1.0,0.0,0.0,0.0,0.0,1.0,0.8562560476203627,1
-0.7808185870433872,-1.3211752671422115,-0.7804244920883266,0.1783239438597087,-0.06914927092988007,0.3181232676296966,1.0,0.0,1.0,1.0,1.0,1.0,1.0807517528839066,1
-0.330005007334889,0.7079715694953714,0.4216480723206281,-1.2019336682458555,0.5873813711037031,-0.40772301294663965,1.0,0.0,1.0,0.0,0.0,0.0,0.7691865612940262,1
0.5684681894300745,-0.33220339098757673,0.6480492288956876,1.1506281267626914,0.7154838622818698,1.7001989897927612,0.0,0.0,1.0,1.0,0.0,0.0,1.3443868693047605,1
-0.9507767495920496,-1.1378099800594474,0.10805326414378363,1.0732572033736076,1.1100943094122013,0.23770455143128377,1.0,0.0,0.0,0.0,1.0,0.0,0.6285085260904665,1
1.5823560913575623,0.14702698638872017,-0.8232357852955565,-2.004984271761211,-0.9384122188453038,-1.0956722400994645,0.0,0.0,0.0,1.0,1.0,1.0,0.48348702417195766,1
1.6703520257780227,-0.5888698306003282,-0.0005810198903510016,-0.8644245303396311,-1.092807775191819,0.8645356565046737,1.0,1.0,1.0,1.0,1.0,1.0,0.7709721790915454,1
-1.8544152624326524,-2.6867906643835378,-1.464419525559819,0.3941060114693424,0.7592074845654915,0.6684331715220915,1.0,1.0,0.0,0.0,1.0,1.0,0.2062655418284297,1
-0.22407606092453017,1.2643325323192978,0.3018104035729587,0.3164811960054288,0.1632316447097399,0.2136152585402182,1.0,1.0,1.0,0.0,0.0,0.0,1.217684637970992,1
0.0716437049243405,-0.37849787469958934,1.3831019819022456,-0.5624227180407921,0.067494844357387,0.705610466356689,1.0,0.0,0.0,0.0,0.0,1.0,0.7719800384615235,1
0.7954866474525671,0.9455563212781647,0.733255989039302,0.9609634156193766,0.3506533251089031,-0.7388441548096624,0.0,0.0,0.0,1.0,0.0,0.0,1.0501205171505472,1
0.1882336656061837,0.26965135024358483,-0.7563387404228925,1.3539105369429387,1.695837710560925,0.5111562713852805,1.0,1.0,1.0,1.0,1.0,1.0,0.7997954275969018,1
0.4980172088301656,0.5739259530075993,0.16897919946743567,0.8938896425125653,-0.337836118628611,-0.22683513796078078,0.0,1.0,1.0,1.0,1.0,1.0,1.0589889262067718,1
-0.9419938706729131,-0.15554450250070456,-0.3957434796122347,1.4478251180491843,0.5262109352018165,-0.17080062433880025,1.0,1.0,1.0,1.0,1.0,1.0,0.4055465173581512,1
-0.9406128081160277,-1.3702372279936421,-0.4010206275574005,0.4352336073528168,-0.48700196322953876,-1.057468007570201,0.0,0.0,0.0,1.0,1.0,1.0,0.32606303835312633,1
-0.561875475801342,0.02999668520522994,0.3661876361948992,-0.2934497822606679,-0.4319807815265789,-0.617988461880744,0.0,0.0,1.0,1.0,0.0,0.0,1.075621767188791,1
1.18691937029506,0.9462002790881567,0.05060696006703607,-0.8277129000739534,-1.2230044151724373,-0.9003917470129682,1.0,1.0,0.0,0.0,0.0,0.0,0.7447779493570217,1
-0.38828350650152704,-0.6971297897898078,-0.14701711894930394,0.3672267255675931,-1.1158817189772512,0.4044227660490553,1.0,1.0,1.0,0.0,0.0,0.0,0.8814118436120292,1
-2.62221345110707,-1.0945116759878604,-2.183522205071639,-1.1953179887284986,-0.7607541292860146,-0.6843457018663094,1.0,1.0,0.0,0.0,0.0,0.0,0.14389730387592822,1
1.5168619902524554,2.1794860300764203,1.8640133739672855,1.316230974060896,-0.11088997986955988,1.0341163760204273,0.0,0.0,0.0,0.0,0.0,0.0,1.4789413836024645,1
-0.5265061790562688,-0.4930533397688359,0.35813925295374993,-1.0256739473986791,-0.7941959275309226,0.24190581897413718,1.0,1.0,1.0,1.0,0.0,1.0,0.13267442673355057,1
1.0721296513091785,0.3119803760210145,1.765576315256491,0.5664767088708139,0.5162466666831798,1.475586156789888,1.0,1.0,1.0,0.0,0.0,0.0,1.9751721496744714,0
-0.7565799813236678,0.8522539353108315,-0.04232381765183321,1.2845845504968403,0.2913935309206484,-0.939067577750985,0.0,0.0,0.0,0.0,0.0,0.0,0.16518444396475157,1
-0.06565288098400815,-0.40182911652802056,0.7643204887814149,-0.3290439666251475,0.2424356484945325,-1.377084643233505,0.0,0.0,0.0,0.0,0.0,0.0,0.577378187039815,1
-1.4351407185153011,1.043802851241119,0.48825151119282884,0.9383065517416723,0.8685770594832682,1.3717460764984333,0.0,0.0,0.0,0.0,1.0,1.0,0.26988429449410745,1
-0.4361158234990595,-0.9217667809471228,-1.1241607448600839,-0.7219860696197917,0.14859004166440146,-0.23910323000095626,1.0,0.0,0.0,0.0,0.0,1.0,0.7863600269993791,0
