1.030286822302834,-1.2854606546196616,-1.2339869049082732,-0.8374933556264927,1.3119993396075273,-0.8896828623421075,0.0,1.0,0.0,0.0,0.0,0.0,0.32731551560412475,1
-1.4725504344256066,0.5195669041910032,-0.592757733815161,0.5170436067602774,-0.223408505511453,1.3949704222710937,0.0,1.0,1.0,0.0,1.0,0.0,0.04711322595107644,1
0.2543674394131273,0.09444360123109709,2.2003313905130573,0.5629949101848362,1.182291849200556,-1.5457432442182395,0.0,1.0,1.0,1.0,0.0,1.0,1.1725926458437634,1
-0.06130829492026388,-0.7498847545604034,0.4228230506576694,-0.2715700071826526,-0.8094190819902288,0.11823562537149206,1.0,1.0,0.0,1.0,0.0,1.0,0.3574821136977333,1
-0.23715557398359824,-1.0537884967631068,-0.7401821837894261,-1.0340901411650774,-1.5282024109973296,-1.6213103955964014,0.0,0.0,1.0,1.0,1.0,1.0,0.792585794156532,1
-0.7342588162921911,-0.296878163503578,0.6616629591990251,-0.27129007319767795,-1.2933519186857725,-2.4641954774618533,0.0,1.0,0.0,0.0,1.0,0.0,0.29539501358509906,0
0.5234926103104205,-0.46787418329569885,-0.6625744415329374,-0.9797661534908894,0.04884416651625823,0.07722504059303817,0.0,0.0,1.0,1.0,0.0,0.0,1.822318163568491,1
0.5296667262402671,-0.046439777212145275,0.3007951454159197,1.0673336633389312,-0.17962777504595848,-1.0899378524617742,1.0,1.0,1.0,1.0,1.0,1.0,2.114381352250509,1
0.7973495350645189,-0.23914317427616322,-1.4553993319971341,-0.57153118173764,-0.597997421596191,-0.9049657717833746,0.0,1.0,1.0,1.0,1.0,0.0,0.5431140296053867,1
1.0616092460486717,0.22704661465917644,0.9947181585453219,1.18020407310083,1.7258911759926612,1.435725874910667,0.0,0.0,0.0,0.0,1.0,1.0,1.2050143473453132,1
1.0475299593832148,-1.0610007231989826,0.9098991455085087,0.47164287561451834,-0.2596549107869596,-0.9099572271648747,0.0,1.0,1.0,0.0,1.0,1.0,2.7251748351360647,1
1.7077506531815456,0.5588698649004914,0.8858484191231405,-0.1377325679032695,-0.28096127047181696,0.9219920946160121,1.0,1.0,1.0,1.0,1.0,1.0,0.7337618519565653,1
0.39109641507129417,-1.7070976993957656,-1.6347385375130785,-2.39421352948876,-1.7703321919488415,0.30299996914513,0.0,0.0,1.0,0.0,1.0,1.0,1.0606216833792894,1
-1.1639536009491727,0.21988098757978838,-0.47573185188533973,0.09333702762865582,0.1437181965244861,-1.43413730012675,0.0,1.0,1.0,1.0,0.0,1.0,0.3966771983311944,0
-1.2029403233489533,0.4299891738615907,1.4721440717332581,0.4460814234934265,0.84572305205478,0.7817804047073947,0.0,1.0,0.0,0.0,0.0,0.0,0.1615449339643,1
-0.1286761866952106,-0.3320436072441251,-0.9730974151366552,0.9590784184151786,-0.5173835255957422,-0.48309723838143065,0.0,0.0,1.0,1.0,0.0,0.0,1.3446883199380142,0
0.18489867104663338,-0.9047291140999678,0.4913445985035512,0.27988407699560347,-0.3443336050182854,-0.9024445393918742,0.0,0.0,0.0,0.0,0.0,0.0,1.700731101003528,1
-1.3683874379961596,-1.0169253301629608,-1.6011038245328542,0.46471118160106595,0.817643724491846,-0.46489077929067174,0.0,1.0,0.0,0.0,1.0,1.0,0.18000457939248696,1
1.2830991802324376,0.6114017140669242,0.9455677505444533,-0.007160997499662665,0.8369828992038543,0.2594329254825611,1.0,1.0,1.0,0.0,0.0,0.0,0.3148749262500699,1
2.5242069409145675,0.9294260720974878,0.21905531344269472,-1.481033544700093,0.471878426567252,-0.11854330751162652,0.0,0.0,0.0,0.0,1.0,1.0,0.7158400989375666,1
-0.08171029596404061,0.3308702335051089,1.0318293509248133,-0.3040436639036004,-0.01391482175114174,1.2512129367437301,0.0,1.0,0.0,1.0,0.0,1.0,0.463320652870429,1
0.729305423693061,-0.2660802191267362,0.6992529475297662,0.3317720252902438,0.5611172357914479,-1.051911888928107,0.0,0.0,0.0,0.0,0.0,1.0,1.0640639773277654,1
-0.7086053461461533,0.08977170788949965,-0.22809561073341977,-0.7915594254508752,-0.9251630504094509,0.8242951948865977,1.0,0.0,0.0,0.0,0.0,0.0,0.18834634353317037,1
-0.6061405098483448,-0.22920283594646457,1.0179769685823838,-0.0857256611933571,-0.4340023927947433,-0.3830079059024969,0.0,0.0,0.0,0.0,0.0,0.0,0.14829617509403836,1
-1.609309515299192,-3.7427863139493827,-2.686857556358895,-0.18470192087756512,-0.7342001775245622,-1.1784143376791263,0.0,1.0,1.0,0.0,0.0,0.0,0.546430673205716,1
-0.376069906134507,-1.2860598280935358,-0.38301446942969497,0.8478665350459996,-0.9900862834713585,-0.8426889844684642,0.0,0.0,1.0,1.0,0.0,1.0,0.3315739710473502,1
-0.8937327325852151,-0.1932757877465907,-1.791953143897689,-0.7722732471951982,-0.2446807651555588,-1.2715784860340207,1.0,1.0,0.0,0.0,0.0,0.0,0.18876048725258582,1
0.16669596596627845,0.2715323858101563,1.625979943591049,1.764903919768182,0.19219345415657685,0.9227909542394032,1.0,1.0,1.0,1.0,1.0,1.0,1.6509293522591921,0
-1.6061224429652627,-1.5146301191873566,0.7702575026935046,2.379140055408188,0.44858107776541273,-0.027200078943798094,1.0,1.0,1.0,1.0,1.0,1.0,0.5973101526952712,1
1.0888588856226233,1.291330883725621,-1.0577610449788524,0.2914389160824652,0.23359892303283236,1.8204739761501485,1.0,0.0,0.0,1.0,1.0,0.0,0.4399741735760831,1
-0.007550804453188204,-0.6132074562699565,-0.5610820801686919,-0.5321482266172306,-0.3844790084909448,0.6016125996134317,0.0,0.0,1.0,1.0,0.0,0.0,0.4798154237551255,1
-0.49770422775497397,-0.7957597944680818,-0.8272971674580639,-0.025357372579802816,-1.9258608134126762,-2.1254139291889405,0.0,0.0,0.0,1.0,1.0,1.0,0.3920861628802506,1
0.318991310122289,-0.4180479385759979,-1.1923727779784274,-0.34101362591109385,-0.5917861163186175,-0.8582988021587412,0.0,0.0,0.0,1.0,0.0,0.0,0.20706947344459803,1
0.44549911315512364,-0.266861802017066,0.05767861726248665,0.2531807362265563,-0.441356632284638,-1.0970084055620402,0.0,0.0,0.0,0.0,1.0,0.0,0.2062543104526747,1
0.6326387520303351,0.4165649633156257,-0.7320239400716437,-0.11072245929161191,-0.46865804132122885,-0.7942433528770158,1.0,0.0,1.0,1.0,1.0,1.0,1.5907199400689507,1
0.6817301524593113,0.2769876259943006,1.329957834037367,0.182957720718069,-1.4383234615951341,-2.6491246827022494,0.0,0.0,0.0,0.0,0.0,1.0,2.15048860356618,1
-0.40280943670446945,0.2916159202343023,0.4434930363817019,-0.13073405625218695,0.4674050687784666,1.7051847995839182,1.0,1.0,0.0,1.0,1.0,0.0,0.36851487245538617,1
-0.26020860149293573,0.26253186924101024,-0.22571518066967614,1.2511774757306233,2.9601008140882694,-0.40974702324078893,0.0,0.0,1.0,0.0,0.0,0.0,0.7354060690136378,0
0.4706733900748392,-0.8516945703048249,-1.1979021684689122,-0.001732785444970609,0.537424619173128,0.3813608336586453,1.0,1.0,1.0,1.0,1.0,1.0,1.2998477163590296,1
1.7881802048377717,-1.3672432937619976,-0.4955470269457406,-0.8068910205087626,-1.9133499711707227,-0.8029858995274602,0.0,0.0,0.0,0.0,0.0,0.0,1.6653687279737015,0
1.5312518973746228,0.23164916451304232,0.08563621370115981,-1.036744172339742,-2.014855493674606,-1.7098531815433464,0.0,1.0,0.0,1.0,1.0,1.0,0.4514695605120513,1
-0.2876026289122745,-0.7385715367136966,-1.6789171653705703,-0.8255941739927082,0.1514293823422882,0.2679092623804416,0.0,0.0,0.0,0.0,1.0,1.0,0.2885195457313176,1
-1.0656225488632194,0.08804035617027793,0.3964646140738576,-0.6832822205207529,-0.7962086942307709,-0.46550670709258346,0.0,0.0,0.0,0.0,0.0,0.0,0.391679760158501,1
0.7734038820826172,0.4935496007305441,-0.2904979881407801,-0.5298839051341668,0.16346944273118816,0.22526854480665487,1.0,1.0,1.0,1.0,1.0,0.0,1.0166798794798089,1
-1.0491833420099967,-0.016208938015192905,-1.1958273975437497,-1.0656754777064728,-1.546986776441563,-1.053435728731588,0.0,0.0,0.0,1.0,0.0,1.0,0.06905421532377329,1
-1.0433992517646484,0.4532942771454589,-0.2650002272710447,0.2306782241059742,1.5753751833145149,1.050922487328316,0.0,0.0,0.0,0.0,0.0,1.0,0.2674069604033304,1
-0.9404222155702462,-1.7568376037658284,-1.6627319665753957,-2.5793904764683493,-2.3676491511012774,-1.2835167732619828,1.0,0.0,0.0,1.0,1.0,1.0,0.11785161434331846,1
1.0309936516228697,1.0272210705102454,1.3275409561524814,1.4174626611922752,0.4615017237935101,-0.17493591173036077,1.0,0.0,1.0,0.0,0.0,0.0,1.6343998310724832,1
-0.49990103394743063,0.7576759289740492,0.05061119315416972,-2.066200768435597,-0.9931368851831404,-1.652789038510777,0.0,1.0,1.0,0.0,1.0,0.0,0.3260674511525194,1
0.8548980917460377,0.770017865211599,1.1733254036441054,-0.21649236591684348,0.455911440688089,-1.2211923137240555,0.0,1.0,1.0,1.0,1.0,0.0,0.94589598645006,1
0.9670318915785296,0.04106563824198138,-0.8166643602182615,-1.3224782924654797,0.3408824490907983,1.0245934261346217,1.0,1.0,1.0,1.0,1.0,1.0,0.6957394433292424,1
0.4413861471272303,0.9248473144075084,0.4265441113414405,0.8967717123328544,0.5623340156614862,-0.5769762234509657,1.0,1.0,1.0,1.0,1.0,0.0,0.596694836173479,0
-0.9674388351508372,-1.7000601474690442,-1.7332999136780234,0.9233657767633275,1.5318851147826755,0.8824082966659383,0.0,0.0,1.0,1.0,1.0,0.0,0.48656134470696977,0
-0.7915561714064628,-0.3407996243158285,-0.3980968775718071,-0.278938664645281,-0.4097068237114036,-0.7211255463323795,0.0,1.0,0.0,0.0,0.0,0.0,0.26960259149573357,1
-0.11016095123259521,0.5202723986559743,0.36063677517500364,0.757588630257704,1.3766949402179132,-0.20592676955315597,1.0,1.0,1.0,0.0,0.0,0.0,0.6048292114290221,1
0.6250968610551181,0.953631971299353,-0.13759136194583815,-0.15879473593882112,-0.8466798907056107,0.25959704953873747,0.0,1.0,1.0,1.0,1.0,0.0,0.08601292332674673,1
1.3283575110699803,2.3026091787471152,1.571674413743765,0.8541533624278935,1.3133819260366555,0.6085725023595648,1.0,1.0,1.0,1.0,0.0,1.0,0.523430648539219,1
0.1583732636921348,0.2995976858534288,0.04020545538485633,1.438882294798973,1.9024986998907276,1.0480421548109782,1.0,1.0,0.0,0.0,0.0,0.0,0.46504693830540694,1
-1.519363572881764,0.23051214623155286,0.10819497654207041,0.853107437433886,-0.5537667341204338,1.223786397414741,1.0,1.0,1.0,1.0,0.0,1.0,0.4159936097516459,0
0.4999383225796673,-0.2909556236699723,-0.4413277723754969,-0.13577677098324992,-1.1100518358027989,-2.0263834645485828,0.0,0.0,0.0,1.0,1.0,1.0,0.615107581300608,1
-1.7700389608920346,-0.7366287168486488,-0.043555092089769,0.10138328446268405,-0.3807150397945914,-0.29481777032451606,1.0,1.0,1.0,1.0,1.0,1.0,0.505529982405582,1
0.5119606143150583,-0.1707307654467678,-0.22395165386844268,-0.631603712552983,0.7575924667483761,1.0122760463382219,0.0,0.0,0.0,0.0,0.0,0.0,0.04733440245562325,0
0.7054663369380789,0.8346119619347981,0.727004899705441,-0.1576042174762599,-0.7112094079909744,-0.5895484543710202,1.0,1.0,1.0,1.0,1.0,1.0,1.3369339828003237,1
-0.41888424892695464,-0.12597171202648844,0.5741841942556039,1.0842203465868607,0.8220177138381504,1.1777651996665168,1.0,1.0,1.0,0.0,1.0,1.0,0.9243780711434778,1
-0.971618752243697,-1.1911457304416142,-1.075709525203459,-0.7577433548054882,0.08480720858627083,0.1914156891056129,1.0,1.0,0.0,0.0,1.0,1.0,0.21523136316429975,0
1.134252332630388,0.907128643337943,0.8606393013238652,1.9696274983666096,-0.5743526413991827,-1.8444359329718605,0.0,0.0,0.0,1.0,0.0,0.0,0.1879101060521888,1
0.0969168931497622,0.20367309796895774,-0.2282581073557912,0.6487356988889772,1.1500072114751434,0.6993532768225608,1.0,1.0,0.0,1.0,1.0,0.0,0.202956979292284,1
-0.8293959933616444,-1.9855927554539943,-0.09057634348902668,-0.8928579191948516,-0.19162617258662137,0.8617423759130187,1.0,0.0,1.0,0.0,0.0,1.0,0.7862079186058801,1
-0.04690276312451407,-0.243474855561655,0.23814049486744301,2.260732533532858,1.8460849463750597,2.0900223376501352,1.0,1.0,0.0,1.0,0.0,0.0,0.7819859283310072,1
0.6244379097906237,1.2613689460317188,-0.18241858140229894,-0.8907270948456423,0.9427011140533895,0.2816865993115692,1.0,1.0,0.0,0.0,0.0,0.0,0.33107723988507193,1
-0.3584850681625154,-0.5069629639008706,-0.31874477736093854,-1.5515317080516438,-0.25201859831781376,2.260922345639128,1.0,1.0,0.0,0.0,0.0,0.0,0.1470049898570248,1
0.6808655087607428,0.2660023988040964,-1.0602296451796498,-1.4302105441148254,-0.4708854953004647,0.2120795071119483,1.0,0.0,0.0,0.0,0.0,0.0,1.1515977342278618,1
0.7380103770953204,-1.2808598140030534,-0.6780865047659992,-0.8290192621687111,0.7857199819844736,0.3339743782129716,0.0,0.0,0.0,1.0,0.0,0.0,1.524132517998246,1
0.23722044693208713,0.2752370832123627,0.17638939404459397,-1.4562902677725253,-0.846717907027456,0.03519527395478627,1.0,1.0,1.0,1.0,1.0,1.0,0.38296550229365306,1
0.2850533686472072,0.4397620881600318,-0.7493299369041706,0.3675834261251009,-0.5033816136165913,-0.27300853694259813,1.0,1.0,1.0,0.0,0.0,1.0,1.0766914314639005,1
-1.3035426158312076,-0.7658173362819821,0.42631408929191816,0.0693919108162098,0.9090926966070015,-0.16020128676022513,1.0,1.0,0.0,0.0,1.0,1.0,1.0616283081936977,0
-0.32731300374190025,-0.635526936896972,-0.17357153926295765,-0.5572410317811038,-0.06813204173908514,1.3986675881066049,1.0,0.0,0.0,1.0,0.0,1.0,0.15805836659311528,1
-0.9329635903421901,-1.139969897478015,-1.554684939401871,-0.7320038089958051,0.5150431913320285,2.233190203023195,1.0,1.0,1.0,1.0,1.0,0.0,0.08227755611639909,1
0.6215897434785774,0.5458768205792451,-0.717143815475936,0.22826179882441294,-0.06261051084113858,-0.9148145115580509,0.0,0.0,0.0,1.0,0.0,1.0,0.7230693117144291,1
-1.0569946849271867,-0.7896193628223857,0.5956815353811484,0.7788630183613843,1.4367400384869147,0.24597003705618334,0.0,0.0,1.0,0.0,0.0,1.0,0.5819590437875877,1
-0.5603413930173884,-1.4938974305537025,-1.1857755982654867,0.04554419558598471,0.855753195895858,-0.4910818901399582,1.0,1.0,1.0,1.0,1.0,1.0,1.2466251442628455,1
-0.2378943863403517,0.33908071606265894,1.2566758347119624,0.5500888047133604,0.037216889977439896,0.33064752136161024,1.0,1.0,0.0,0.0,0.0,1.0,0.6258612951264655,1
-0.5488255810800521,-1.273093952650141,-0.7886711354525758,-0.1669258462134111,0.4603617027191135,0.6612595192936369,1.0,1.0,1.0,1.0,1.0,1.0,0.10871388388244112,1
0.9841080437957441,-0.45831350652733277,0.24560226716372793,0.3371760000559824,0.7152167861719886,-0.27294141625650337,0.0,0.0,0.0,0.0,0.0,1.0,1.010052600794353,1
0.3045341635430425,0.4032165079964172,0.2742546448879992,-0.16748729003701446,-0.24068358651878438,-0.1699381965153502,0.0,0.0,0.0,0.0,0.0,1.0,0.33601816818281266,1
-0.16495191816363403,0.2488707918740524,-0.04135209164398046,0.64623384840542,0.5598631061633648,2.515057352385682,1.0,0.0,1.0,0.0,0.0,1.0,0.9412903551873394,1
-1.0374535994202043,-1.7915613566045097,0.07586452966881436,-0.4161041003946334,0.04181909660689797,1.4239189323441779,1.0,1.0,1.0,0.0,1.0,1.0,1.5525873420833824,1
1.6326524596223173,1.1074956800781504,-0.6465652786247019,0.19668019959097777,-0.4529780274555398,0.25537276558185334,1.0,0.0,1.0,0.0,0.0,0.0,1.5170915751534286,1
-0.8531057011617427,0.21526370313822565,0.9578730591241967,-1.1547182055065308,0.0028023600206397202,0.6310613874941698,1.0,1.0,1.0,1.0,1.0,1.0,0.801869713021126,1
0.9518561734116505,0.11075768183167312,0.31541622935652625,-1.1753396573517447,-1.3127033692463572,-1.7252546671669031,1.0,1.0,0.0,0.0,0.0,0.0,0.5346350791748831,1
0.15019005388400863,0.046776726325039444,-0.6753144156036218,-1.3124616056331844,0.602802321689505,1.294163328118849,0.0,1.0,1.0,1.0,1.0,1.0,0.49852004776615416,1
-0.10828397690603173,-0.1795848965747481,-0.7844898987195924,-0.021231740535928006,1.2203946026093382,0.6042762938441819,1.0,0.0,0.0,1.0,1.0,0.0,0.11873629085794986,1
-1.9016991093771713,-0.6069061649619715,0.1975321096279963,0.9582879318672701,-0.2700029552836364,-0.30416680090490544,0.0,0.0,0.0,0.0,0.0,0.0,0.34202103386898774,1
-1.5237583909551768,-0.9401693837472989,0.11719519915101154,0.7801780905236344,0.43425039486874567,0.4366694235502346,1.0,0.0,0.0,0.0,1.0,1.0,0.6780544864013854,1
0.7633688046501177,-0.42190312706206523,2.491915599531995,1.3629891234553724,1.2716058615329553,-0.22486316785995866,0.0,0.0,1.0,1.0,1.0,1.0,1.660513978418897,1
-0.5159828871650652,-0.8239148865239349,0.7539385862383426,0.053712374780100526,-0.09022081176560162,0.9330119715835569,1.0,1.0,1.0,1.0,0.0,1.0,0.7541496609840076,1
0.10641370871757587,-0.2908511189435199,-1.761176379038627,-0.07355851951477345,0.13472549373523113,0.38604518523902537,1.0,1.0,1.0,1.0,0.0,0.0,0.44614295654244307,1
0.740838018509717,0.9141166714886556,-1.0028355147118257,0.4753569293887883,0.0435947409573878,0.06075711171310005,1.0,0.0,1.0,0.0,1.0,1.0,0.5822113511337323,1
-1.4715345670440967,-1.9362552015381778,-0.22872517730491407,-0.24784794072186514,-0.6660489783698552,0.23070221095804191,1.0,0.0,1.0,0.0,0.0,0.0,0.8444614004079434,1
-0.9065915729704841,-0.5820127889176495,-0.4700000412166763,-0.5912953148980107,-1.687055097653481,-1.0846426729691336,0.0,0.0,0.0,0.0,1.0,1.0,0.18591359415713374,1
-0.22383043134553632,-0.5119543560630906,-0.348728516550507,-0.8993765980667501,-0.7959978763174906,-1.4512776411750803,0.0,0.0,0.0,1.0,0.0,1.0,0.8819778369814599,1
-0.8041078860578319,0.7265413997973111,0.9893805755803879,0.42615098918292804,-1.0041533712817468,-0.3284478152690489,0.0,1.0,0.0,0.0,0.0,0.0,0.27185190680863763,1
-0.7802388966860009,-2.0422618195961335,-0.3953039886825398,0.0958447101041464,-0.20165319771480622,0.6319328784431236,1.0,1.0,0.0,1.0,0.0,0.0,0.6528936088387548,1
-0.8567314563304291,-0.8310910715014644,1.709777070287328,0.7488272560204493,0.7894029997434049,-0.3882173420196471,0.0,0.0,0.0,0.0,0.0,0.0,1.3946461214788948,1
1.310020544471549,-0.4943860543464885,-0.047808004306843885,0.6254942205023583,0.3558137086215541,-0.738555313998669,0.0,0.0,0.0,0.0,0.0,0.0,0.7055516774032043,1
-0.3828255465394005,-0.10504659117391696,-1.2111053701106926,0.7567556657059362,1.2808569613075131,1.7798198850782097,1.0,1.0,1.0,0.0,0.0,0.0,0.4027728814809935,1
-0.6937953233738585,0.8331183904861681,-0.8031699484619929,-1.6733177956419176,-1.6811499829981769,-0.33100313396858566,1.0,1.0,1.0,0.0,1.0,1.0,0.21363117550752134,1
-1.195764629082992,0.27276312507212636,0.6924733856801915,0.5800464741365102,1.5453707872116285,0.5082686605641472,1.0,0.0,0.0,1.0,0.0,0.0,0.7082497690783488,1
1.0440063607273296,0.6104234323779819,0.0131978028933975,0.4185228794595313,-0.26463050098252755,-0.49875222575801,0.0,0.0,1.0,1.0,0.0,0.0,0.38170710599823154,1
-1.16500470556312,-1.1175581183761,-1.2606168349232614,0.692525643345293,0.4001208392368895,-0.243502815581033,1.0,1.0,1.0,1.0,0.0,0.0,0.23691278195419133,1
-0.3986839992088088,1.4876546540125097,0.07119070832959928,1.576585231318021,1.036798930677709,0.4257916837108742,0.0,0.0,0.0,0.0,1.0,0.0,0.21787573307209265,1
0.4263364661123778,0.5157706007737352,-0.025801334717939425,-0.4774985287891318,-1.6739604540454158,-0.0911760620486557,0.0,0.0,1.0,1.0,1.0,0.0,0.6145029546315297,1
-0.7913732104299026,-0.4636092625299259,-0.19842719247315205,0.46814072644042065,0.14843842922837364,-0.510190669741873,1.0,0.0,1.0,1.0,1.0,1.0,0.8197027595952543,1
0.12172190226968785,-0.06554922867309845,-0.08798459468983687,-0.6108211450991592,0.1983677522528468,0.5056732128760489,1.0,0.0,0.0,0.0,1.0,1.0,0.9076333117822271,1
1.2478877506763029,0.7207022203405552,-1.2629678003119642,-1.6854023453565294,-1.0816658883085237,-1.2101708574470769,0.0,0.0,0.0,0.0,0.0,1.0,0.2625476820163163,1
-0.9262202712657968,-0.48305752669732993,-0.38174770885903303,0.9928593866187301,0.6378349685380704,2.3721851389259494,1.0,1.0,1.0,1.0,1.0,1.0,0.5076627312298102,1
-0.595555443037561,0.19138985455830385,1.176959853732684,2.2539832318189057,1.9322065841643183,0.6319834857750508,1.0,1.0,1.0,1.0,1.0,1.0,1.1439279192015008,0
0.060692091667209576,-1.146145560393925,0.3711691197853111,0.615632158385884,1.096307589755584,-0.7668694571615128,1.0,1.0,1.0,1.0,1.0,1.0,1.202661013956437,1
-0.0005688062737261747,-0.5026625581082987,0.6988201786469805,0.14177932324378842,0.7243414231603729,-0.06540663983787401,1.0,0.0,0.0,0.0,0.0,1.0,2.156740588613256,1
-0.12968223565646111,-1.5868263157039404,-0.39813275574125295,-0.9338635975245447,-0.7772814598535975,-0.2979936520796263,0.0,1.0,1.0,1.0,0.0,1.0,1.69014232192722,1
1.9928950569900348,2.0112592958468367,1.4403866371631762,1.4404536208179528,-0.026247011194639635,0.21915304192612314,0.0,0.0,1.0,0.0,0.0,1.0,0.7871189381237801,1
-2.6037837530409815,0.1445222401028569,-0.47456674958185713,-1.7346812751398244,0.06195440959353941,-0.5163524983613499,1.0,1.0,0.0,0.0,0.0,0.0,0.07264565782682963,1
-0.06910063343362294,-1.1255306369319225,0.06119164100390504,0.7991184782105356,0.4908411175781725,0.7832658736260332,0.0,0.0,1.0,1.0,1.0,1.0,1.9438912725109891,1
-0.5158867466410794,-2.2866591036789767,-0.8652878014799988,0.7386616955716425,1.9435244476450728,0.6580410349293289,1.0,1.0,1.0,1.0,0.0,0.0,1.5168698373867195,1
-0.562030581234292,-1.5275191232950283,0.5196994727179512,1.933571942453442,1.5991383694308654,0.7095734030085159,1.0,1.0,1.0,1.0,1.0,0.0,0.6908423081501174,1
0.6326757435153187,-0.2717100937969902,-1.1779049158376131,-0.7238402447832398,-2.1997905821169974,-1.0229996661033443,1.0,1.0,1.0,1.0,1.0,1.0,1.303332215325323,0
0.41398852871698427,0.2559995739305024,-0.7109465808189899,-1.063919132269691,0.4325134151634136,1.4884627277199858,1.0,1.0,1.0,0.0,1.0,0.0,1.057419161111701,1
0.5911402598420313,0.8930660815454919,-0.2851457576092527,1.0504334282950614,0.1922908560919759,1.4847567600689744,0.0,0.0,1.0,1.0,0.0,1.0,0.8033783468730435,0
0.969645556872017,1.2944653762119,0.8022232815994358,1.4953425175586157,-0.7689286396847396,-0.11278181889677025,0.0,1.0,1.0,0.0,0.0,1.0,0.3517581415596547,1
-0.28223982860787106,1.1800840430529032,1.3673515501698617,0.7237833935795064,2.5196391300333536,0.8797931321183105,1.0,0.0,1.0,1.0,0.0,1.0,0.4088362824343907,1
-0.39262356782944285,0.23942267088536573,0.9668283263095317,-0.10989204653460778,-0.9330382257352734,-1.113838520499995,0.0,0.0,0.0,0.0,1.0,1.0,0.32240215438467307,0
0.38393788657167216,-0.7040838838739839,-0.9134923124457281,0.6986924912496829,-0.2852046177293866,0.1746512577183763,0.0,0.0,1.0,1.0,0.0,0.0,1.152302912811263,1
-0.919827688060677,-0.08195181128715404,1.202566735457903,0.3271873193489034,0.05196668802575393,0.5296992600738554,0.0,0.0,0.0,1.0,0.0,0.0,0.3194420705355696,0
-0.3670662600665531,-0.8753647889576673,-1.4132363744914083,-1.8222126597060462,0.06581955005345742,0.16684527586784992,1.0,1.0,1.0,1.0,1.0,0.0,0.2971081728813097,1
-1.8927313466046327,-0.5277709939140098,0.7962828353512025,1.693075541644463,1.7482314695418806,-1.2975376200340616,0.0,0.0,1.0,1.0,0.0,1.0,0.3800124189831267,1
-0.713952670813624,-0.455474445588957,-0.659299091279461,-0.006581520411867784,-0.5032431006522817,0.6280538587827339,1.0,0.0,1.0,0.0,1.0,1.0,0.29512355339070667,1
0.6790944796094055,1.2014704689915872,1.5544365978661017,0.44545815743905437,0.6029358205431735,0.7725628733396152,1.0,1.0,1.0,1.0,0.0,1.0,0.1510397035271964,1
-1.2234408560741217,0.08658689261901167,1.0100355838441253,0.5861706498706172,-0.6023309693084912,-0.6364008392428606,1.0,1.0,1.0,0.0,0.0,1.0,0.25838737768568937,1
-1.5022789737865196,-0.20502507771183942,-0.6424315310933333,1.0497602443959353,-1.0913748258741955,-0.04817105771664749,1.0,1.0,1.0,1.0,1.0,0.0,0.4317506770432865,1
0.1581732095218279,-1.2504650997593518,-1.518910444372469,0.4339504451959468,1.3760622479531728,0.3831046194829354,1.0,1.0,0.0,0.0,0.0,0.0,0.6054209879170402,1
-0.8910892805826078,-0.9873011541096324,0.022524755897099565,0.4358519320556164,0.3778144982546765,-0.03868961626171724,1.0,1.0,1.0,1.0,1.0,0.0,0.7209478578190791,1
0.9697903530098659,1.0199265677146183,-0.2287770615619897,0.27831811403058426,0.7097398319443707,0.7335036390965051,1.0,0.0,0.0,0.0,0.0,0.0,0.9719135503071227,1
-0.7310936801749557,-1.1297772366628374,-0.5749845731235292,1.475493616919583,-0.323678163537983,0.8264589123803995,1.0,1.0,0.0,0.0,1.0,1.0,0.8229008262976344,1
0.4079072723432677,-0.543266884677847,-0.2680797572927428,-0.13866050126097523,-0.33741824679936383,-0.3320547984960844,1.0,0.0,1.0,1.0,1.0,1.0,1.5273886922127682,0
0.6734195084134847,0.21971911196244615,0.9315748286137258,1.3649653629397651,-0.10063705836801957,1.7880717642119797,1.0,1.0,1.0,1.0,1.0,1.0,1.7296453864132264,0
0.4070052440999306,0.19579505958125143,-0.4079688009891582,-1.6302569197263945,-0.12826744138951715,-0.36825592520625633,0.0,0.0,0.0,0.0,0.0,0.0,0.28155644049538076,1
-0.9204988185039163,0.20774099129498952,0.7295295174201538,-0.2993487403762534,1.3350829373184618,-0.0708993602795,1.0,1.0,1.0,1.0,1.0,0.0,0.2818554682497064,1
0.9893436028398801,0.20310863561434922,0.17259945443961244,-0.36057375782522905,0.3421921433667019,-0.34231506496690867,0.0,0.0,0.0,1.0,1.0,0.0,0.7470443205224082,1
2.096982301845525,1.2236150935567605,-0.015637731229018056,-0.657206755299304,-0.7882205279110773,-1.5833976284557514,0.0,0.0,0.0,0.0,1.0,1.0,1.5800022611452484,1
-2.1658296431158055,-0.8587132911124057,-0.4019569608673693,-1.0399301385283273,-2.032584948172879,-1.3674295388015858,1.0,1.0,1.0,1.0,0.0,0.0,0.24423097863966461,1
-0.7088513060824306,0.16424411481331558,-0.9275911793675442,-1.3119450376634623,-1.668725077094491,-0.018594234988637225,0.0,1.0,0.0,0.0,0.0,0.0,0.08686344886723935,1
-1.359923600261142,0.01026866198035791,-0.17805512209751462,-0.7974071206336899,0.8727384630917339,0.10870352933305072,0.0,0.0,0.0,0.0,0.0,0.0,0.08899259500267834,1
1.2172917440854243,0.19024933358264964,0.3015557310276973,-0.8214937415445218,0.165186783450688,-0.5316576549142289,1.0,0.0,0.0,1.0,1.0,1.0,1.2649468223473987,1
-0.5468603870709454,1.3327198585561626,0.6470502208128533,-0.30420765062422966,-0.09087277131596194,1.004479747934692,0.0,0.0,0.0,0.0,0.0,0.0,0.15721297368108839,0
1.2700920044812343,0.7914067545190827,0.792585176426361,-0.24882942240206984,2.488640106629672,2.122903126288153,1.0,1.0,1.0,0.0,1.0,0.0,1.2934253741383681,1
-0.16763470757216586,-0.6175292709108576,-1.1822637945597054,0.3182524505018984,1.2004134455088842,0.600594077427011,0.0,0.0,1.0,1.0,1.0,1.0,0.3234710073165235,1
1.835322998022001,1.0734762087894756,-0.15905365955716155,-0.24166574751584413,1.1846913121658114,0.12072014176746425,0.0,0.0,0.0,0.0,0.0,0.0,0.5417021361950426,1
-0.15688832252306864,-1.676841020087042,-1.1108839558214854,-0.6905383141343805,1.5000183328590977,1.771807984428956,0.0,0.0,1.0,1.0,1.0,1.0,1.0841686624946465,1
-1.2146482911413912,-0.2272696852770532,-0.2176647237991958,1.0240525038245418,0.12191970799729125,-0.8660470768503351,0.0,0.0,0.0,0.0,1.0,1.0,0.06341480523412307,1
0.28618383978773715,0.16590990451207285,-0.7624730634621937,0.83475478467632,0.46730917618633827,0.46107606576751603,0.0,0.0,0.0,0.0,1.0,1.0,0.2537905128638338,1
1.1872437841004153,-1.018895651413437,0.11752790636759497,1.883137330891972,1.5092020940717141,0.794175031695339,1.0,0.0,0.0,1.0,1.0,1.0,3.8027128095978373,1
0.6926229366014879,0.5483693366827238,0.3249219853636172,-0.4054358257476345,0.8187858048453215,0.3558869103229979,0.0,0.0,1.0,0.0,0.0,0.0,1.0784806477700581,1
-0.28424749832912105,-0.8262508485255828,-0.6399451405876501,-1.7295272560585284,-0.06788791590212956,-0.4028324006358177,0.0,0.0,1.0,1.0,1.0,1.0,1.0445926721728187,1
0.45024873848345187,0.674669923106369,1.0956711676205628,1.9441540553972827,0.8397198998903838,-0.6191242063503251,1.0,0.0,1.0,1.0,1.0,1.0,1.974790874901698,1
-0.14514329398015302,0.4942586356131898,0.10405561096477281,0.31666216967815775,0.3329605828677872,-0.5855771389263643,1.0,1.0,1.0,1.0,1.0,1.0,0.6501366853859515,1
-1.0810486727034532,0.7471644890497868,0.6931652304274949,-0.4941795762555631,0.2082122709109741,0.29420609109444,0.0,1.0,1.0,1.0,1.0,1.0,0.26839224684849655,1
-0.04311497721244888,0.5927800016419102,0.7593361786112461,-0.3763192964172812,-0.7724952378409548,-0.710827524554632,0.0,0.0,1.0,1.0,1.0,1.0,0.3001539817980596,1
1.1194262520401757,0.6215017246017652,0.6865089692398044,-0.25988881960759824,-1.748192790020618,-2.9435712154300946,0.0,0.0,0.0,0.0,0.0,0.0,0.8991554540208256,1
-0.2593330899792934,0.9323438669337593,0.15951118784070184,-0.9698007401331787,-0.33552911041802197,1.447035084274862,1.0,1.0,1.0,0.0,0.0,0.0,0.5652576178109862,1
0.16712881721805808,0.1493221757657117,0.29883783466484826,-0.5314357641922479,0.756909408893955,-0.707474778031717,1.0,0.0,0.0,1.0,1.0,0.0,0.8899404443034974,1
1.055584741203605,1.1567642571328038,1.8337913155742198,1.3218445242192702,0.4066554415697067,0.7134573316764784,0.0,0.0,1.0,1.0,0.0,0.0,3.689162707491335,1
0.6537298810148707,0.6338026234378608,1.043398969415882,-0.7342233149424636,-0.6471132830838875,0.13546750590823278,1.0,0.0,0.0,1.0,1.0,1.0,0.8645951822178405,1
-0.8479305095201406,-0.6874358276458726,-1.2040784226485033,0.6481404016153564,-0.13179127963712528,0.19447317791013513,1.0,0.0,0.0,1.0,1.0,1.0,0.24632832024371537,1
-0.5762797266088597,0.7363696154682607,0.9745809405965586,2.076175081592568,0.45703980853892884,0.48822675599975907,1.0,1.0,1.0,1.0,0.0,0.0,1.6319975245721887,1
0.2298812144560957,-0.2753352235737226,1.2163503422061221,0.605307341074137,-0.004009046370973006,0.10806400180780953,1.0,0.0,1.0,1.0,1.0,1.0,2.508275853967209,1
0.030088733343801653,-0.8792095528939023,0.20563177122747942,-0.7923469782948153,-0.059117206766683444,0.19702834268561398,1.0,1.0,0.0,0.0,0.0,0.0,0.49084106803040256,1
-1.6517923134607675,-1.8463632103533523,-1.4382154125984135,-0.15868332662499585,-0.7701594078603897,-0.25380103658328523,0.0,0.0,0.0,0.0,0.0,0.0,0.5298182555258171,1
1.6951341566394376,2.830028494408888,2.950157685138416,2.054587669947967,0.04849486240272369,0.043080225303576136,0.0,0.0,0.0,0.0,0.0,1.0,0.6369488022494116,0
1.1933075506484203,0.3777481810578472,0.16533384912758856,0.7298833680524761,0.7826687356295041,1.7484156288386539,1.0,1.0,0.0,1.0,1.0,1.0,1.255754812920969,1
-0.45738944950399196,-0.845331579334467,-0.6148310036101977,-1.2487560625821368,-0.9149294650813979,-0.7406276554883483,0.0,0.0,1.0,0.0,0.0,0.0,0.48200990009126804,1
-0.438491408977055,-0.3853366022764173,0.4541926960374894,1.8709182821721868,1.1666685796889176,-0.8236739446913194,0.0,0.0,0.0,1.0,1.0,0.0,0.21648805988749817,1
-0.7443288640926703,0.9705543487826971,1.669224313846173,0.3572002280755458,1.0806450908637761,0.3668493250009307,1.0,1.0,1.0,1.0,1.0,1.0,0.843515882865684,1
-0.5308148125984968,-0.26013712022684005,-1.1230491551354924,0.04428767733421563,0.46989573878556157,0.6449003619044982,1.0,1.0,1.0,0.0,0.0,0.0,0.36210726375340785,1
-0.11257647069202788,-0.7128318985817552,-0.7635677956250845,-1.183488911103292,-0.7594760519972088,-0.31561436038304796,1.0,1.0,0.0,0.0,0.0,0.0,0.45162363768194824,0
1.0348861245533878,0.7971624367901353,0.784370956815273,-0.1277486434343097,0.06185051718687624,0.050790176608852655,0.0,0.0,0.0,0.0,0.0,1.0,0.41260648355504054,1
-2.451902761261837,-2.007045414181597,-1.0627573704036934,-0.2886308870925382,-1.9022586349297461,-1.4516672695924908,0.0,1.0,1.0,1.0,1.0,0.0,0.0767759360372624,1
-0.14349781678449974,0.2980762174231006,-0.11064885239408655,-0.6394767882238027,0.20497595362789842,1.4332255797083937,1.0,0.0,0.0,0.0,1.0,0.0,1.2229628876283556,1
1.6749316338271707,1.276030882095594,1.542454640080492,2.257996708526418,0.5938115536468171,-1.1164362751334556,1.0,0.0,0.0,0.0,1.0,0.0,2.9183154245719733,1
-0.5274288594712446,-1.1607163512552119,-1.7067573365544095,-0.8197095520919141,0.46119723749316804,0.7387900340730618,1.0,0.0,1.0,0.0,1.0,1.0,0.25184944830617795,1
-1.4772588458092322,0.09775628516368877,-0.14172562553303614,0.47531473853147943,1.8598612779266797,2.6173933826277755,1.0,1.0,1.0,1.0,1.0,1.0,0.48204995932867883,1
-0.02365446718316697,1.9396962239167221,1.5398871928127345,0.6050289533062478,0.1459171398970829,-0.09866937574254225,1.0,1.0,0.0,1.0,1.0,1.0,0.5320128054943154,1
-0.6451194239562345,0.17212679387849553,1.6193766895123791,1.9582480473663377,0.7412224994041787,-0.43559733779232784,0.0,0.0,0.0,0.0,0.0,0.0,0.4158759599362979,1
1.4709221706074187,1.3247235797879655,0.1504157878787968,-0.9758288101986129,-0.05031924252484947,0.28982178960800925,1.0,0.0,0.0,1.0,0.0,1.0,0.6920902650550139,1
-1.292299583693546,0.10831298831041292,-1.0945602503055296,-2.4443120173105415,-1.6111055735514888,-0.5503421845644033,0.0,0.0,0.0,1.0,1.0,1.0,0.18688565312780753,1
-0.7916792233256753,-0.7095236971357118,1.391898925305008,3.046898904372127,0.6414804320924231,1.1536544663910901,1.0,0.0,1.0,1.0,0.0,0.0,1.0295351988121426,1
1.508349938123911,0.27172302196306747,2.250745389103783,1.339782729016156,-0.4828028066443626,1.29303807757753,1.0,0.0,0.0,1.0,1.0,1.0,0.35563522847912193,1
-0.9103318377128289,-0.5016637184739082,-0.49283277321941665,-0.08744730958510274,-0.07120946699569672,0.8232010115490298,1.0,1.0,1.0,1.0,1.0,0.0,0.8568632909386592,1
0.434367053707833,0.5372160795202215,1.5771641269375398,0.2525545849324735,-0.08087281788507454,-0.8685994031025522,0.0,0.0,0.0,0.0,0.0,0.0,1.2063745047311678,1
-0.041441989780135656,-0.7320426695541739,0.07364786232996345,-0.6094204003091701,-0.9219205952257327,-1.1225332149071423,1.0,1.0,1.0,1.0,1.0,1.0,0.03567077774296086,1
-0.11009258048829101,1.5283769955934812,0.8018510671137975,1.761724860368452,2.766748960287137,1.136873454325228,1.0,1.0,0.0,0.0,0.0,0.0,0.37672245899047546,1
0.45125906590447695,0.09631375660255688,1.3244594082970178,0.7918807972665961,-0.9290258272837693,-0.9619784849529508,0.0,1.0,1.0,0.0,1.0,1.0,0.853655858743901,1
-1.4437164746798192,-1.5811521975756537,-1.967211862469262,-0.1256049264206717,0.8521854246087518,-0.5332470109164178,1.0,1.0,1.0,1.0,1.0,1.0,0.20147038467283143,1
0.17852115557617834,0.04839699300086227,-0.19280550011655243,0.4668740759256424,-0.09333547721567503,0.15458812561474342,1.0,1.0,1.0,1.0,0.0,0.0,0.4793215956467218,1
-1.7209327276962543,-0.8347172730401804,-0.28600450202287087,-0.5258095069127428,0.09934119645475054,-0.43797465604715147,1.0,1.0,1.0,1.0,1.0,1.0,0.43830895013757054,0
-1.0942417768016364,-1.3385654899563275,0.07935569346109182,0.10428955051287395,0.912569520868645,-0.007189156651453615,1.0,1.0,0.0,0.0,1.0,1.0,0.9693590420692766,0
0.977689567804737,0.20941022517308353,-0.31952879971738446,0.9823198023638955,-0.07178886585175677,-0.260335030369233,1.0,1.0,1.0,1.0,0.0,0.0,1.226457059818971,1
1.7756590074891776,0.5606886115685673,0.5255633422445383,1.7500843774638033,0.6363363318078877,-0.26988906512253286,1.0,0.0,0.0,0.0,0.0,0.0,2.5104163405669278,1
-0.2371439521349429,-2.4595183679709742,-0.911783907851374,0.3711554156933451,0.4096310026363848,1.2165996362029246,0.0,0.0,1.0,0.0,0.0,0.0,1.4876947716624984,1
-0.2636857060264539,-0.1805541984856761,-0.9282661324275162,-1.4448860177727425,-1.231667045492315,-1.747245349207077,1.0,0.0,1.0,1.0,1.0,1.0,0.5683544605233489,1
1.0183490773588937,-0.12025950287095225,2.332661829634566,1.1738722336828715,-0.5616703287363259,-1.1164657166845695,0.0,0.0,0.0,1.0,1.0,1.0,2.4682585147799765,0
0.08750111418689636,0.42205764695392334,1.0348556071496549,2.366171348031368,0.08544984716367063,-0.16664478979329386,1.0,0.0,0.0,1.0,1.0,1.0,0.3762458329525112,1
0.5282359487387046,1.427508558007098,-0.5766470252882592,-0.7045034651146803,0.3875511123353399,0.37258363459266475,1.0,0.0,0.0,1.0,0.0,0.0,0.5145946191961143,1
-0.43792250061582405,-0.13204047063691532,-0.5386564931529961,0.6227468935486176,-0.2895083318318347,-0.9654479213996175,0.0,0.0,1.0,1.0,1.0,1.0,0.16659010268798863,1
-1.4499860075209767,0.6254523332617941,1.250523379256735,0.44556405139195765,0.052278255072597,0.1185537412578673,0.0,0.0,0.0,1.0,0.0,0.0,0.3079253074369673,1
-0.8862843281605497,-0.09623076510899857,1.7064805071717954,2.2996003159627927,0.8601566414465224,0.6440944487139652,1.0,1.0,1.0,0.0,1.0,0.0,1.3122085671953434,1
-0.7141917466473009,-2.002973045547319,-1.4552603452323505,-0.9560640183900104,0.06732098859271009,1.4011236083404734,1.0,1.0,1.0,1.0,1.0,1.0,0.5885788664693501,1
0.19438941238303692,1.8715639267487583,0.81885862299751,-0.7546059385742311,-0.4540069499563805,-1.2070973842950328,1.0,0.0,1.0,0.0,1.0,1.0,1.2113013633076914,1
-0.3115409043716604,-0.07576870932619893,-1.0284446870712571,-0.8842759160954519,-2.774220482781907,-0.4624869990601662,1.0,1.0,1.0,1.0,1.0,0.0,0.2026186138029902,1
-1.2048661376232876,0.06979934933236707,-0.15565603436315534,0.5917857798536313,0.15466700923423843,-1.899870149554464,0.0,0.0,1.0,0.0,0.0,0.0,0.3903071180410516,1
0.9225019709215225,-0.27293194447270164,-1.1015737525115712,0.0885101904813333,0.2537005425858932,-0.37882725684025986,0.0,1.0,1.0,0.0,0.0,1.0,0.39369987141566914,1
-0.24774201942061702,-0.4082600886114718,0.6861396606994914,-1.1913723485588803,-2.125178377555309,-2.5255818272559933,0.0,0.0,0.0,0.0,0.0,0.0,0.6040903044599207,1
-1.6425947560453773,-2.452740371134048,-0.27277780513016436,-2.1477692315149093,-1.1460110071764176,-1.3719555737587765,0.0,1.0,1.0,1.0,1.0,1.0,1.1549150838553834,1
0.011186553727451533,0.07938484373200812,-1.5083412037267896,-0.33599316666612117,-0.8058178251614172,0.7028341296463909,0.0,0.0,1.0,1.0,0.0,0.0,0.2706659330783702,1
1.8015188812258751,-0.2504104724918994,-0.2791750174898796,-0.6800275047077061,-0.9069382346442262,0.28667035913538946,1.0,1.0,0.0,0.0,0.0,0.0,0.8590965879745459,1
1.8082312857320404,1.2817267460669066,1.0078952105077672,0.5570679637214586,1.4072102733712526,2.1257981430201855,1.0,1.0,0.0,1.0,0.0,1.0,1.3232113203114766,1
0.43459492149943135,0.9353568325339077,0.05030392381024934,0.5068797188434542,-0.13035185044931455,0.11988995101811083,0.0,0.0,0.0,1.0,0.0,0.0,0.4834021197522297,1
1.2574006365012038,-0.5606068915216332,0.779255300248926,-0.9848498741172929,-0.9617518529691915,-1.844961010188507,0.0,0.0,1.0,1.0,0.0,0.0,3.6412793099790455,1
0.11282798331163602,1.373703311608505,0.07432607513354386,2.5235567729631856,0.955050090090509,0.5018087964024107,1.0,0.0,1.0,1.0,0.0,1.0,0.4689973412886767,1
1.3891625152236782,0.8566118144564215,1.7626492118480779,-0.5692092544666555,-0.4568364002897038,-0.892243531901388,1.0,1.0,1.0,0.0,0.0,0.0,3.5620933925147287,1
1.9212822297176675,0.4842249232526811,0.4274558254805431,0.416128190333601,0.8233254613309564,0.7901972111972292,1.0,1.0,1.0,1.0,0.0,0.0,1.8470507717079356,0
-0.10097889367090761,-0.09198045737588517,0.1196268205640071,-0.9965940571783137,0.30525971820370024,-0.37435787827649536,1.0,1.0,1.0,1.0,1.0,1.0,0.5095213875108064,1
0.12311455792768862,-0.06332108243145596,-0.02564886389070096,-1.244669991752104,-1.1377861243352099,-0.19057495367918256,0.0,0.0,1.0,1.0,0.0,1.0,0.7378811638956044,1
-1.1134205899824854,-0.5998384682124912,-0.42959080589798165,0.0864203256879869,-0.8581311893360629,0.44985854753056775,1.0,0.0,1.0,1.0,1.0,1.0,0.4005056463471509,1
0.5536858737045717,-0.17185885933574524,0.012168754687556464,-0.6416417029752037,-3.393151614635564,-2.1748428789161496,0.0,1.0,1.0,1.0,1.0,1.0,0.33957521928346374,1
0.11511287998464861,-0.3073465111918135,-1.04755945848633,1.7064536843744447,-0.4248436562049226,-0.8927871938042119,0.0,1.0,0.0,0.0,0.0,0.0,0.007453113947925151,1
1.7802806254920982,0.9062349709474048,1.5089573774005578,0.39588945284475074,0.7969360445514985,0.5764918613231741,0.0,1.0,1.0,1.0,1.0,0.0,1.269293421814915,1
1.261690118682856,0.655269159044474,0.7634386215727368,-0.06881268638422286,0.7997422975504088,1.7141789078737841,1.0,0.0,1.0,1.0,1.0,1.0,3.054647584883722,1
-0.5633004567420733,0.10971927191757677,0.45700354636639545,-0.6409497795026068,-0.6531704362988088,-1.341897400691508,0.0,0.0,0.0,0.0,1.0,1.0,0.3635332963602429,1
0.4656132130829988,-0.8278188842237806,1.2827879253893077,-0.8095894294134437,0.6785816759785303,-1.4003878138380739,0.0,1.0,0.0,0.0,0.0,0.0,0.9080364315613485,1
-0.42815028436573693,0.22946503889495387,1.4229327289886586,0.6188486622610829,-0.2848763836946672,-2.4966346323481483,0.0,0.0,1.0,1.0,0.0,0.0,1.16637184773038,1
-0.9050858506284131,0.33711596088283996,-1.0907682554586666,1.0968353127152422,0.5764281737163209,1.5759076392946085,1.0,0.0,1.0,1.0,0.0,0.0,0.4783501924731736,1
-0.19792510115511563,0.8166420597997822,1.6187128409847227,-7.532380230981374e-06,-0.19004170181604155,0.3317521171963071,1.0,1.0,1.0,1.0,0.0,0.0,1.1044834946930282,1
1.4463372999964075,0.022058181079645106,0.03760674067805162,-1.4796784932833673,-0.886900788451375,0.0733428601321432,0.0,0.0,0.0,0.0,0.0,0.0,1.8569849748494176,1
-0.12814074385414234,0.2921039834972331,-0.3999858200561141,-1.461678943318686,-0.1123225737747118,-0.3672880528407767,1.0,0.0,1.0,0.0,1.0,1.0,0.37108559393984564,1
-1.0728356702594666,-1.787324227570824,-2.476415814843943,-0.6439247573514062,-0.9265968409962311,-0.40211529316229355,1.0,1.0,0.0,0.0,1.0,0.0,0.304838566773038,1
0.2130356316114922,0.9644440172416586,0.25731125540474664,-0.09390731503726442,-1.5240897623249932,-0.6414819921546853,1.0,0.0,1.0,1.0,1.0,1.0,1.5430254514893063,1
-1.602608034934445,-0.2370146355460285,0.894140735755414,-0.5030513523608513,-1.9497939027133464,0.2366523695368856,0.0,1.0,1.0,1.0,1.0,1.0,0.17842267415163837,1
-0.40484319264607593,-2.1018040587032,0.5611219441266929,1.7272061623285537,0.9801843045568372,-0.12048711169158978,0.0,0.0,0.0,0.0,0.0,0.0,3.1064978461184394,1
-0.591393030543094,-1.2767731084348157,-0.8822905124268254,-0.49962273853000416,0.6561444171135036,-0.18151395354078237,0.0,0.0,0.0,0.0,0.0,1.0,0.4311860207466215,1
-1.3580617135843858,-1.775405861968978,-1.3187087406723625,-0.3944233346693279,-0.6671432957897788,-1.0020849972901311,1.0,0.0,0.0,0.0,0.0,0.0,0.41012782717258894,1
0.7719812326499426,1.7587136223772928,2.4366621886198225,1.4256582713298942,0.4149414053985039,0.9097915541307777,1.0,0.0,1.0,0.0,0.0,1.0,3.5063329028788024,1
-0.3611416371050502,-0.9256083714483677,-0.0013850018913453437,-0.311404929695552,-0.6489745678805534,0.2584380355015411,0.0,0.0,1.0,0.0,0.0,0.0,0.7745989450968093,0
-1.5703627060398029,-1.826115465283406,-0.9840346992421539,-1.709185472864137,-1.89694845742239,-0.40284104623714334,0.0,0.0,0.0,0.0,0.0,0.0,0.08189009941510812,1
0.02249674079127053,0.4039386681081622,1.5096287093915075,0.7444589989054681,-0.6461478328855365,-1.2958988353932892,0.0,0.0,1.0,0.0,0.0,0.0,1.801104504089326,1
-0.9028317742967849,-0.8264232781381623,-0.32723128446435806,-0.6967466510377324,-0.19344099395871098,0.9107989416554381,0.0,1.0,0.0,0.0,1.0,1.0,0.20034324379277763,1
1.6161612124906872,2.1155529155194435,0.8655229853244589,0.13939365869122566,0.4340853006848787,-0.7002505313981933,0.0,0.0,1.0,1.0,1.0,0.0,1.9885312106570623,1
1.512786506095634,-1.2412666120417508,-0.16764362498090657,-0.37924832420527765,-0.520134848641803,1.462385112209758,1.0,1.0,1.0,0.0,0.0,0.0,4.664914998588866,1
-0.38287569040221725,-0.8141045030598021,-0.39028064576157373,-0.08514695824262823,0.27049363817386773,0.5578738567782795,1.0,1.0,1.0,1.0,1.0,1.0,0.7458159137481423,1
1.4348014952449288,0.628396548208845,0.11764185142724669,1.5566039560940221,-0.593255976089628,0.18944946940988772,0.0,0.0,0.0,1.0,0.0,0.0,0.47236643263063677,1
-1.060241246253028,-2.476567638089966,-1.4104753555614908,-1.858707228667295,-1.588964861563882,-0.864512912650346,0.0,0.0,1.0,1.0,0.0,0.0,0.800401378828462,1
0.8742809699476056,0.4580924004262867,0.2530147285204189,-0.1618626759678281,0.14424286296712654,1.2438696395002007,1.0,1.0,1.0,1.0,1.0,0.0,0.1555103620721359,1
-0.6323279675361095,-1.073632625091478,-2.4636399717272193,-2.679312004006864,-1.131613257343517,-0.9985489524710333,0.0,0.0,1.0,1.0,1.0,0.0,0.34673140342857645,0
0.6406526754785723,0.35399591689262017,1.4048819146504994,0.749130276423917,-0.4285415094931089,-0.5727936958166894,1.0,1.0,1.0,1.0,0.0,1.0,1.2742595557980316,1
-0.4576263777686068,-0.16812663616990653,-0.2592843540129719,-0.8576823488209181,-1.0532602095061665,-1.4682433927226481,0.0,0.0,0.0,1.0,1.0,1.0,0.19221083136635267,1
-0.9484251304403298,0.3955995059243546,0.12215713843999627,-0.7117945807200328,-0.8615204189065612,0.12594579890538438,1.0,1.0,0.0,0.0,0.0,0.0,0.3003652112788135,1
0.8727762953967243,-1.778133832814153,-1.5631761726213012,-2.233800580877477,-1.5797483503936567,-1.8229845810731176,0.0,0.0,1.0,1.0,1.0,0.0,2.9066253820848202,1
-0.8814204112187338,-1.2348619221119201,-1.1436039958397801,1.9466516946923886,1.078177144963818,-0.5531777396296912,0.0,1.0,1.0,1.0,0.0,0.0,0.31249822436783264,1
0.23530568791753778,0.9079163500497319,-0.3378220702916995,-0.8000348807712366,-0.9317192195126688,0.5602112656484075,1.0,1.0,1.0,0.0,1.0,0.0,0.5785731306944929,1
-0.25226447172972305,-0.23075308035225733,0.971097990358651,-0.9724289336206761,-1.07766102557924,0.7087007671032085,0.0,1.0,1.0,0.0,0.0,0.0,0.8786799291752438,1
-0.15783876496667082,0.4506024330421633,0.4295493721196196,-0.1517452141432659,0.18694881624786194,-0.2710685431292802,1.0,1.0,1.0,1.0,1.0,1.0,0.2622330430385096,1
-0.8325629034858177,-0.37954208800219086,-1.2449844848002807,0.33088731426392287,-0.31846508726589107,-2.10245332823909,0.0,0.0,0.0,0.0,1.0,0.0,0.17776252455979066,1
-0.188194166512299,-2.164424968766621,-3.3093521117427867,-2.780817685135622,-2.63309901400684,-2.10192776100488,0.0,0.0,0.0,0.0,0.0,1.0,0.33697629762020564,1
1.120690197559596,0.93216126026259,-1.2805985532460156,-0.21442438710753003,-0.2366542038038823,-1.1717824066434896,0.0,1.0,1.0,1.0,1.0,1.0,0.1318893452233194,1
1.4439672768097238,0.6795173474962042,1.5080149680902002,-0.029499054841470376,-0.6880661605410181,0.31947457610189844,1.0,1.0,1.0,1.0,1.0,0.0,2.0315351031939883,1
0.5172076897052614,0.42589545306831117,0.060651321310659444,0.865145622207803,1.0604755472448326,1.8741962967210588,1.0,0.0,0.0,0.0,0.0,1.0,0.5287841904421339,1
0.7367488832934977,0.04170319944809768,-0.892853077722394,-0.7592548152417916,0.39344664912296545,-0.46714402286784423,0.0,1.0,1.0,0.0,0.0,0.0,0.5958523044760805,0
-0.9584159997145727,-1.0854930929393343,-1.5336764122607558,-1.5765839169355147,-1.8028315894607383,-0.40122206237531693,1.0,1.0,0.0,0.0,0.0,0.0,0.2441576245485785,0
1.187604447565638,1.0311126342856385,1.9998573763962857,1.8861882060716058,1.541190656547015,1.4240596538687942,1.0,1.0,1.0,0.0,0.0,0.0,1.8533936628747407,1
0.9235051302331505,-0.08104564998717086,-1.330022403703777,0.5577130457717517,0.9163618125606112,0.7098701417245485,1.0,1.0,1.0,0.0,1.0,0.0,0.3985372909345317,1
1.52792336126164,0.01601262930162316,0.6454214244102698,1.4791275263314017,1.3796059606729374,0.5481590880167769,1.0,0.0,1.0,1.0,1.0,1.0,3.1768522808916426,1
-0.557028786003027,0.1036244003475031,-1.9947807355370142,-1.4970674046888108,0.7159574614407954,2.1389042400760743,1.0,1.0,1.0,0.0,0.0,0.0,0.24308348471097502,1
-0.3681457812797953,0.5168907489189912,0.838681273267131,-1.6848745238310747,-1.3053170961276874,-2.0125734575122145,1.0,1.0,0.0,0.0,1.0,0.0,0.19909395587850828,1
0.13801128983698366,0.3420392579563579,0.11179896623191972,0.4491899471393827,0.6383098793442298,0.15069460632954645,0.0,1.0,0.0,0.0,1.0,1.0,0.44694665619741936,1
-0.9340964300078367,-1.4855892692335957,0.14629567050575235,-0.24771424430252192,-0.9198911204276781,-0.37699121547017334,1.0,1.0,1.0,1.0,1.0,1.0,1.3968788748587815,1
0.1692660596524628,-0.6803324938031123,0.2861565762150779,-0.39919873485528923,-0.7176311571893877,0.7805658955499559,1.0,0.0,1.0,0.0,0.0,0.0,1.4172301657548403,1
0.4524518696735961,1.3228055341757117,0.12479202175782349,-0.062150735256697995,-0.3923898500053627,-0.7871784481656213,0.0,0.0,0.0,1.0,0.0,1.0,0.3303432365095186,1
-0.8379460361797658,-1.044945246571793,-1.307276392731862,-0.8238453597586965,0.12465928806957612,-0.8636159510846699,0.0,0.0,0.0,0.0,0.0,0.0,0.049945913153121156,1
-0.009670538161453026,0.712191904756718,0.4850174004934817,-0.37185603915402404,1.993885439228107,1.2047668053983378,0.0,0.0,0.0,0.0,1.0,1.0,0.1651504068859136,1
0.14352153335317402,-0.6717387295746774,-1.0656169394067048,-0.6855497767904808,0.4031919723050287,0.5257752541599068,1.0,0.0,1.0,0.0,0.0,0.0,1.0347228138363351,1
-1.1664109055275231,-1.7760522204481959,-0.9733020948507454,-1.9030486086384368,-2.655950837866418,-1.03428081830128,1.0,0.0,1.0,1.0,1.0,1.0,0.44407077243537296,1
-1.6716710708419849,-1.2256226188596209,1.0869131801664567,1.9128736505179247,1.8187774314268368,0.6916747014855871,1.0,1.0,0.0,0.0,0.0,1.0,1.3387210511626342,0
-1.290433556136898,-1.2220145942796572,-0.4441033344912981,0.9170981719823815,1.0087778303769668,0.13535905768565143,0.0,0.0,0.0,1.0,0.0,0.0,0.4908818393867897,0
0.630188772058774,0.7452627158418916,0.18682656336839523,0.26309359281605704,0.14130428716276042,0.5070551842164509,1.0,1.0,1.0,1.0,1.0,0.0,1.040316234761341,1
-0.1726547633618098,1.09376451067846,-0.36979192301303593,-0.0006408028904437011,-0.7592638253912455,-1.5002786714347993,0.0,1.0,0.0,0.0,0.0,1.0,0.08356443308341974,1
