1.7597313240467423,0.6801515259744509,0.0244772279580683,1.2619447493031102,0.25757087451725097,0.1954405486794302,0.42367665308648417,-0.5545748698734787,0.0,1.0,0.0,1.0,1.0748259383155179,1
0.4336162570099452,0.3228352971455289,0.37353157510349416,0.5961103173764826,-1.1123529738849258,-0.3771962618013298,-0.31760042031704067,-0.7041026282219993,1.0,0.0,0.0,1.0,0.8342263538087281,1
0.5099921441670974,2.00344278074287,0.4266609756682131,0.2894528749003568,-0.48955409876933464,-0.18461107604904958,1.288314117679231,0.7812643343379629,0.0,1.0,0.0,1.0,0.22855588202180388,1
1.9721474933210867,1.150740337915482,0.6952653083794684,1.0653272764739805,-1.7612628021761207,-0.32309869438954913,-0.7095518710410933,-1.4883137274600744,0.0,0.0,0.0,0.0,0.41138742798526895,1
0.37823086635437503,1.535376676006289,0.05622929475256356,0.9215760784520246,-2.5752488196473524,-1.6214519777754748,-0.6383327691943359,-1.405163206592156,0.0,0.0,1.0,0.0,0.4081427106237158,1
0.4128578335160674,0.4005246222731833,0.052755512214682124,1.0175504475769188,-0.5772940385603628,-0.8509780715459826,0.40445659379319976,0.40877908829843546,1.0,1.0,1.0,0.0,2.151581310585963,1
1.0285485231377558,0.4244605421627106,0.6479602203196793,0.7135881971172596,1.0013790288386153,0.8290662349420996,-2.068663583851147,-2.0438985961021103,0.0,1.0,1.0,1.0,0.7557740137467243,1
0.7138713057197703,0.4479483926901202,0.8912239941202142,1.1299657844322673,0.42182666021999216,0.32922652920661016,0.3579282439154576,-0.7751645629732934,0.0,1.0,0.0,0.0,1.551978575173054,1
1.8206260716758254,1.144968920326121,1.0851603019136387,0.18095616211904397,0.26179351120533756,-0.461789447115528,-1.6177332604467956,-1.5860559957867912,0.0,1.0,0.0,0.0,0.4145217320053022,1
2.3022700895480015,3.312633109596065,2.3531397860392973,0.16177721657083896,-0.7353587682951962,-1.1277187360671668,-1.592348939306141,-1.2208802471071627,1.0,0.0,0.0,0.0,2.502183136237151,1
0.4213479140359687,0.460286514467848,0.6739693519032784,1.1627413444414014,0.3198020624974673,2.0536188364948655,1.9734083697499278,1.3411905185187594,1.0,1.0,1.0,1.0,1.5398182923660104,1
0.2101626639381602,0.7312746405606794,0.44830442898577577,0.22249226874350125,1.8009386287909364,-0.44909471271513024,-0.7724462326206113,0.08103644440550006,0.0,0.0,0.0,0.0,3.142229654787217,1
0.3969998859694078,0.9389771400311655,0.21024543355979064,2.2053075249198995,1.456621663932596,1.6890629684605376,-0.2401413034491006,0.2982307480947123,1.0,1.0,0.0,0.0,0.8615903510365815,1
1.3481225931017011,1.2426547789538722,0.3213541951548387,1.0809292550086627,-0.5626585155195132,-0.8830903459107589,-0.5502126819972226,0.9856159848876763,1.0,0.0,0.0,0.0,1.297405919206336,1
0.5158273142744092,0.4533546313610903,0.37394293974117687,0.8532730234180255,-0.30666772842026657,0.6493104748303765,-0.15423467510210376,-1.4503578284104224,0.0,0.0,1.0,1.0,1.7758803617179222,1
0.7140339024183179,1.439760503929284,0.530333163831099,0.649015428426546,-0.9157400434470067,0.5887048388505827,-0.7130545967690279,0.23800116700508842,1.0,1.0,1.0,1.0,0.13774288711155414,1
0.3850828917239893,1.0367662601514476,0.2630695184802314,0.2601043356065474,0.03424451260410517,0.8896153877298372,0.0950598011781729,-0.23145101298424642,1.0,1.0,1.0,1.0,0.21287781377749146,1
0.6547385726253157,0.738522681048824,2.0919100797219197,0.561351477340778,0.6227155435833498,-0.26354938810571865,-0.1894171278030509,-0.9805718002245487,0.0,0.0,0.0,1.0,2.2857743132190054,1
1.4626211518200762,0.02690060884900655,0.07657830279326941,0.2196441665967443,-1.697597929560791,-2.6046925227170252,-3.2589805227925046,-2.8790887161257515,0.0,1.0,1.0,1.0,0.3376811222914843,1
0.09409587714576066,1.1128040137388415,2.671541082132279,0.7535508338716863,-1.22260340774125,0.6777208896511551,1.5067244902315795,0.9292382356487924,1.0,1.0,1.0,1.0,2.2687580823619165,1
1.1419170502137748,1.4670140668692344,2.086731665099306,2.2102287294341605,1.2950581373735888,1.1798556664355626,0.9346985008173962,0.07321177259498686,1.0,1.0,0.0,0.0,1.1607883190711716,1
0.8368113277362565,0.04267960557512164,0.0883038878159354,0.1568450910877396,1.370065126740034,-0.8500735315103721,-0.5946701375988067,1.2804396405049996,1.0,1.0,1.0,1.0,3.590951239085117,1
0.889437568358264,2.002244219941352,0.8007327730646163,0.46521179731886675,1.534499453387242,-0.25772797554671184,1.049593731934467,0.6016751072508381,1.0,0.0,0.0,0.0,7.728672270696303,1
0.5403175354699928,0.43492524231764657,0.870438266093393,0.36114416245790315,-1.1082668222935022,-0.9216119391833948,1.344248332255195,-0.3576745652947852,0.0,0.0,0.0,0.0,0.6584850428508257,1
1.967284798101025,1.5422605679891348,1.4789448217314816,0.30673533594896873,-1.647575979561763,-1.1272315309832397,0.22487266198549238,0.34522296175185235,1.0,1.0,1.0,0.0,3.045967751013399,1
0.9699514185490358,1.091089794174157,0.06677538417309217,0.943864667727833,0.7188541562042107,-0.7686959067965309,0.19412467485613927,-1.612622330109653,0.0,0.0,1.0,1.0,1.146241766646958,1
0.5645975766915177,0.7254421994919913,1.732222483838087,1.900129669724469,-0.05488690041314668,0.5452859981692083,0.2765118127440471,0.5084513273626942,1.0,1.0,1.0,0.0,1.7055610813976316,1
0.4351290444176841,0.4366163617530735,0.46268734886863466,0.10067828192969876,0.7686317748701356,0.29588836085187264,0.5953809239481213,0.6274117739550579,0.0,0.0,1.0,1.0,1.6895241398122014,1
0.5317251915568117,1.4111922441730496,0.5566990667017815,0.4213969844053524,0.3357338036762031,-1.951250986329498,-1.508600556437686,-0.6951029201626502,1.0,0.0,0.0,0.0,1.0161062271010937,1
0.8810387398595094,0.27312969434042045,0.1536064000553106,0.6263744784680176,0.04759218240695283,1.2960277597307304,0.6302683168511513,0.7069005258091627,1.0,0.0,1.0,1.0,1.5028339995955,1
1.6954542949498734,0.12848057189094284,0.20541848625907153,0.8653948783992865,0.05803559915198401,0.21589391923164253,0.5250135008790963,-0.2618282035226785,0.0,1.0,1.0,1.0,3.114397760450103,1
1.5719098283254487,1.914260177178431,0.5797870653583218,0.8484151623943998,-0.9125279365066115,-0.3609308562642869,-0.04770445907489792,1.9598126774263127,1.0,0.0,1.0,0.0,3.1008274581288995,1
0.7851855392531849,0.35090891745042974,0.5786856481786599,1.7830428415001263,1.5662390256296987,-0.3744247291729744,0.24555448239251107,1.205035658317085,1.0,1.0,1.0,1.0,8.116160875026742,1
0.3121097044461531,1.2178937615605143,0.0820882755047143,0.7353232076965839,-1.4504256656588725,-2.0172676222938586,-1.142106382636186,-0.3158638439674587,1.0,1.0,0.0,1.0,0.24474015140299774,1
0.42192521341841793,0.4406218146243048,0.0842121840066731,0.7211049573070136,-0.9107560327056814,-0.11752737308358585,-1.0992109070280938,-1.7427487353130122,0.0,0.0,0.0,1.0,0.6400122559709814,1
0.9038309321183887,0.9998150606284945,0.9600880418633468,0.018050072499013345,-0.25757498545749796,-1.5227618816230997,-2.4321489270595964,-0.4183694457452694,0.0,0.0,0.0,0.0,0.6595405729503617,1
1.3092312587309096,0.2237938370221282,0.4996350784953695,0.22490244981802715,-1.456523428217635,-0.6604856423598064,-0.8785926481892854,0.35560551003510626,0.0,1.0,0.0,0.0,0.052140051273648194,1
0.880176103095019,2.509810156186535,1.0572806437317692,0.3918318024668948,1.1785203391351748,1.162969507323921,1.2752531363540702,0.18318275885625346,1.0,0.0,0.0,0.0,1.905325450279084,1
0.9395050454924032,0.595891191853081,0.33724805763506044,0.5414427972891818,-0.14690130639363624,-0.2920124509294803,0.06021862250782078,1.0309577207501226,1.0,1.0,1.0,1.0,0.7515911462282615,1
0.6299889479514243,0.4615249057233935,0.38912549427512955,1.0795381332261456,1.32717064817042,0.926830593901376,1.6561066717161703,0.6594655823564535,1.0,1.0,0.0,1.0,4.815719330746576,1
1.934539538785966,1.1051284989099137,1.1550146246091944,0.2348498723233749,-0.061238361842490714,0.4161083552085913,1.4761552848114399,0.6615042009105462,0.0,0.0,0.0,0.0,1.0601145828173966,1
0.09314380123049779,0.23745824179623318,1.464087016610944,0.10810811866075731,2.356420976121147,0.8013242134523954,-0.09910385933720356,-0.22637724131129203,1.0,1.0,1.0,1.0,2.4917031824760008,1
0.7490592788795103,1.2929898925490884,0.9260662982740367,0.4805434054331107,0.20618248780187956,0.3653561418281766,0.7155495381123429,-0.30095036461282365,0.0,0.0,0.0,0.0,2.4742989952998395,1
1.5656600268791836,0.4554945382172967,0.47320238594206215,0.6874169758091294,-0.007898274026993597,-0.22843622877105116,-0.2742502877161649,0.9527919557695964,1.0,1.0,1.0,0.0,3.6821918606084885,1
0.38552842986839464,1.0519875558761866,0.8368921060214322,0.4430879959923814,0.7464796796827389,0.24581045926701503,1.0618926094285421,-0.7283480257237975,0.0,0.0,0.0,0.0,0.7280977773856201,1
0.3508757805028527,0.6093125738866588,0.9007493282689771,1.0580600511307654,1.2366907251459882,0.8087092445728344,1.159388504080908,-0.7679977401582029,0.0,0.0,1.0,1.0,3.7074910336417637,1
1.4440858098771585,0.7209744908601247,0.32405834154599555,0.6963904145702016,0.25390511445143776,0.28847323483141757,-0.8376375486258267,-2.0538325819064287,1.0,1.0,1.0,0.0,2.4602936239244246,1
0.255497703874309,1.5426126833807063,0.0674537147361758,0.3208961459657862,0.8575131464366137,-0.3577364055064455,-1.37844975510834,-1.4577865565786754,0.0,1.0,1.0,1.0,0.71460355351539,1
0.3431378050814375,0.7386184829585013,1.7253001866297404,0.9641422653160522,-1.9284029531337967,-0.42144506630670764,0.15648332456828612,0.6183903245826664,1.0,1.0,1.0,1.0,1.845092464790971,1
0.8114899074897486,0.5832185262212591,0.11202863108055694,1.1044915823866133,1.7909182704841689,0.6979980054576932,1.5220852684095838,0.5513446363919438,1.0,1.0,0.0,0.0,4.362478561389206,1
0.0945663197977921,0.9409171956150185,1.1424247936993523,0.39871386915513846,-0.5880045422994713,-0.2083479635615592,-1.1355948526671564,-1.8289165089093447,0.0,0.0,1.0,1.0,0.8253536166609557,1
1.1868050495761977,2.2174891089621696,0.7146694258625662,0.9572907378483834,-1.4824121580871221,0.435310440140437,0.24936941647133634,-0.180085889931585,0.0,0.0,1.0,1.0,0.332322034495592,1
0.6156726096351258,0.5327874976631874,0.015415726851859535,0.5660285507712981,-0.24019126335056756,-0.7011025571982642,-0.782966772591401,-0.7033270118706384,1.0,1.0,0.0,0.0,0.97288161817557,1
0.3886823806395337,0.8439802597049214,0.219076915171729,0.48756302011954733,0.46425603036743074,-0.5292039418517431,-0.37992708693504174,-1.5039274266808385,0.0,0.0,1.0,1.0,2.554459101225348,1
0.516420287033102,1.285979555060701,0.5966595869151468,0.0447676171181591,-0.9621729864837116,-1.0521286147546045,-0.1524419239953074,0.856799499691828,1.0,1.0,1.0,1.0,0.7222152229736166,1
1.6997716190085814,0.3198428405596752,0.4220944252991315,1.5007274300791162,0.5069295894547461,1.3004250371490855,0.8502182127014816,-0.7407541024545683,1.0,1.0,0.0,1.0,1.3444327742286704,1
0.10807876178337118,0.49731841627910667,2.1220212843119945,0.7290491072281853,-0.698025486083341,-0.2901674052089221,0.8775442015232319,0.3789383925709836,1.0,1.0,0.0,1.0,2.188285262510581,1
0.056852433333180276,0.6645990454446259,0.9066119720515203,0.3790766079564702,0.5435073199679231,0.07826235144070652,-0.17691844849458008,-0.8188184273310392,0.0,0.0,0.0,0.0,1.6245062058249746,1
0.16435466492146997,0.563972158403886,0.7999885848663494,0.5133408892596608,-0.5634384317692427,-2.2895929402514708,-0.15524454331363371,-1.2424781636133024,0.0,0.0,0.0,0.0,2.079673623074201,1
0.2374234926352723,0.09005595070214974,2.0408118016688843,0.40018170184032203,0.2843984508630742,-0.3973142767241857,0.5278291642751339,-1.2304061805776665,0.0,1.0,0.0,0.0,0.5918563688131738,1
1.8219299132324744,0.4527902267171913,0.47578889135564933,1.6125490483290048,-0.20657298126215362,-0.17823174203518166,-0.3238047121412808,0.22306530361983778,0.0,0.0,1.0,1.0,3.729754975727326,1
2.029897731651259,0.8937556166976645,1.0465378628317044,0.12269341791844957,-1.0901247128728324,-0.4005753472668125,0.06359722231314474,0.14093808628505647,1.0,0.0,1.0,1.0,7.227651170819565,1
1.3623225195875666,0.8600004213762902,1.0266725723795822,0.9792930659839248,-1.0095914588209924,-1.04019222333399,-1.8205131206770722,-0.35971192171684746,1.0,1.0,1.0,1.0,0.4598587532675396,1
0.2362502247504489,0.7649175213530794,1.2662659312140587,1.5269257823363471,-1.9699421046689365,0.34538677190710915,-1.4041740081058756,-0.5024656428565607,0.0,0.0,0.0,0.0,0.03646193280469065,1
1.295816532604098,1.469642375849079,0.2522901796547364,0.21848789331722737,0.5801520502414833,0.8044013076379998,-1.6346839882036956,-0.8082084794679197,0.0,0.0,0.0,0.0,0.15213618154635744,1
0.32213664931350705,0.4425491272610019,0.8864519449061533,1.0785760555793475,-1.3109056982115541,-1.616399499065282,-0.969426097915178,0.7062319576252378,1.0,1.0,1.0,1.0,1.128735309977508,1
0.9516705629075463,0.42917256436142165,0.33055336138324154,0.021018044926663464,0.3124085971387866,1.3433861581650854,0.6919069843965963,-0.15947722152421587,1.0,1.0,1.0,1.0,0.8372573549622513,1
0.6568318155381216,0.015086797167199125,1.0982268967862159,0.3230045844765692,0.5065728182496704,0.2759426285989523,0.7438513253282005,0.2379114333847625,1.0,0.0,1.0,1.0,3.310631603885028,1
1.177742953609381,0.4837441534571418,0.6195833431131544,0.6356958674180783,0.7452285017039079,-0.30515904678598443,2.163274982266618,2.653045238946696,1.0,0.0,0.0,1.0,7.5434379023084,1
1.140059451069325,0.11986618038165318,1.6054835221245463,0.693640290136874,-1.191711449134776,-1.1859407613816575,-0.5781616184535876,-0.16757297956628492,0.0,0.0,1.0,0.0,3.0384349376521054,1
0.3081140288963729,0.7330738745315913,0.5080978149596185,0.19328771911536569,0.7239932450444693,-0.10731302489947096,-0.9987360505423548,-1.1178982665162447,0.0,0.0,1.0,0.0,0.8146173415468781,1
1.0726572291178915,1.6852231926278054,1.1238065619436992,0.14622106685097722,-1.0261870720437027,-0.28891314353711994,-0.7532883372449691,1.4762777302827603,1.0,0.0,0.0,0.0,1.149504862760473,1
0.9963348632183316,0.4037255041746472,0.6132223483494277,1.979299553904211,-1.9317530808904042,-0.6135330910055528,-0.32795067283463086,-0.9265802273705566,0.0,0.0,0.0,0.0,0.4286485123217335,1
0.9376180459689432,1.5524326128614772,1.2110072702332981,1.6607226367923664,1.2321099156594006,1.3164585954941597,2.3367158264813606,1.4362604050026333,1.0,1.0,0.0,1.0,2.539227635583362,1
0.1977960950648915,0.8713684507195075,0.163197034938163,1.4507271813592502,-1.2510499033742424,-0.10418707529185552,1.4790540746273966,0.9774294167530021,1.0,0.0,0.0,1.0,0.7603172285760674,1
0.2729332859043487,0.5685108843331983,0.34142767143291497,0.6940962885446266,-0.19022014104472654,1.1578289884882527,0.9960368746607738,1.7760035457094934,1.0,1.0,1.0,1.0,0.3907452299996885,1
1.150017926825781,0.37517511265661985,1.142546139858927,0.3422806051424844,0.3162544135900131,-1.03413813916102,-0.02029413149008843,-0.33483703657333486,1.0,1.0,1.0,1.0,4.137802054052938,1
2.2213716292538948,0.33928487229557447,0.4041948305399212,0.31873404839573005,0.1916255958301184,0.19386756713074152,-0.20189534723898717,0.5766960762152537,0.0,1.0,1.0,1.0,0.8581704248650589,1
1.4344765825127714,0.44542828463426315,0.3880598412891337,1.2759838969808923,0.8946431751238165,-1.245432876343408,-0.6318256868277363,-0.9385133392712861,0.0,0.0,0.0,0.0,4.596493121023586,1
0.39805145938485254,0.4260719692187653,1.0708810742562658,1.048163718133004,0.9299067567238255,1.457539249603433,0.9722232503768458,-0.8125208049720569,0.0,1.0,1.0,1.0,0.8323868704693195,1
0.2658847869643229,1.357281986005538,0.528356242582639,0.9216563955224311,0.9502681918439165,1.220150286803627,0.36705584319298906,-0.7344355918525486,0.0,0.0,0.0,1.0,0.44667773003921185,1
0.12082191403580664,0.7909952336841095,1.0077086657288965,0.008766983780163384,-0.0071671306517949555,-0.06509299141826726,1.071864659764555,0.3035723394251549,0.0,1.0,1.0,1.0,0.8221981839552162,1
0.32432731581011137,0.8146157380736929,0.3121872210137062,0.26462287844879545,-0.10568587749225564,0.3042093366144355,1.1513181047899754,0.43620853572489443,1.0,1.0,1.0,1.0,1.8445369432590752,1
1.769582783589021,0.6906255829692318,1.0285212630629774,0.12650368611684756,-0.10002028289161945,-0.4908223511053758,-0.6472145827215167,0.6522057225413959,0.0,1.0,1.0,0.0,1.475473531474087,1
2.674067195433425,1.0630046815402883,0.6341047345906694,1.955551786642402,0.9183322365395139,1.2872046200719343,0.012502612563561335,-0.7868324020331128,0.0,1.0,1.0,1.0,2.911449345378779,1
1.9516461693892329,1.8173731093892485,0.7172581746927441,0.1803556662113751,-1.5249185240348757,-1.2781491252752653,-0.6756686382009991,1.1557969967583572,1.0,1.0,0.0,1.0,0.9102156611406378,1
1.7608165486395413,0.3062554185069976,1.7981149682796989,0.7964961173457346,-1.6502271955903318,-1.8821762260390402,-1.039259011707297,-0.3922707410839965,0.0,1.0,1.0,1.0,3.462606729972296,1
0.2840193690279995,0.5102249515170783,0.6585236393574777,1.3992541406367098,0.115092413770912,0.3347067233922536,0.4143476202801968,0.44381134895882846,1.0,1.0,1.0,1.0,0.5947516770676723,1
0.23673652086079247,1.5666154071987746,0.17364388746451592,1.5830512241819374,0.9573753895941892,1.1691195936296013,1.4500271325399436,1.6815271803714669,1.0,1.0,0.0,0.0,0.8020016852260569,1
0.893571072190299,0.18950243511452106,1.0730141965213709,0.7326716860140928,-0.14594995367003677,-0.7311876409473844,0.041993564662688734,-1.0279600316647952,0.0,1.0,1.0,0.0,2.229240320968648,1
1.6154421867243873,0.1987098504227615,0.6620991522028398,0.9033903932895073,-0.3397333586628038,0.14584197738975282,-2.391592379014536,-0.7726462854023908,0.0,0.0,0.0,1.0,0.38614286978842977,1
0.014192605467855772,0.44781804154090715,0.9919630701469625,0.2726488563818382,0.644105166215677,1.4757486386219814,0.31995753329894905,0.8968627604372958,1.0,1.0,0.0,0.0,0.15741153084735351,1
0.16577386280562748,0.028577827706106024,0.6600891451806751,0.1634522041971424,-0.47247726780641763,0.045350291582258485,0.6524605635758591,0.07950262680685027,1.0,1.0,1.0,1.0,0.5716976353345363,1
0.5818387682632834,0.6508624290887202,0.8588764426133046,0.4087057734965431,0.17183582044506585,-0.4943287960307173,-1.4841689702405654,-1.1545411518004933,0.0,0.0,0.0,1.0,0.4154704211704674,1
0.03605825620001581,1.7653083828554794,0.7562675754681236,0.7279137180167566,-1.7222508779832315,-1.7406513591247705,-1.2997033302852212,-0.9600792106410638,0.0,0.0,0.0,0.0,0.3128170441947677,1
0.8302778982207832,0.11908364129382618,1.2844388871980656,1.097610808767986,1.8126262905791874,0.6002496109753038,0.9661830386681216,-0.19264220771779772,0.0,0.0,0.0,1.0,7.00268860601669,1
0.6841296521576415,0.6719750604023061,0.592916669435953,0.5347416932972594,0.48663587960879384,-0.30461439782073735,1.6887736656160974,1.201239787477235,1.0,0.0,0.0,0.0,3.9978776569088157,1
0.9673902870376263,0.17703142178217743,0.08051100183658354,0.3340342632546587,-0.09156442428459868,0.1536575431327426,-1.127377648451908,-0.16180565005515857,0.0,0.0,0.0,1.0,0.30311512995313955,1
0.9858940983006846,1.3931217036695778,0.7512423755539599,1.1231888613517123,-1.400267786244657,-0.8744000708685302,-0.8993276923997566,-0.9692403290238739,0.0,0.0,0.0,0.0,0.18391495038415479,1
1.333447701745827,0.7284281791530104,0.6014038532672191,0.8146292921022465,-1.2254566330760077,0.9170908064729469,1.2890599215254088,0.23375435021047244,0.0,0.0,0.0,1.0,0.7628350323387428,1
0.19408294996693337,0.6823598675354248,0.4030951058980575,0.32170210572345576,-0.43793204272870784,-0.507382097858213,1.4567394997165877,0.997281798717042,1.0,1.0,1.0,1.0,1.5801202623284796,1
0.1630884294501772,0.1934064843739239,0.38594958935628504,0.823898067038392,-0.691794521288438,-0.7015323298428545,-1.5041294328258796,-0.9259325082399554,1.0,1.0,1.0,1.0,0.6532426817872251,1
0.008331174997669272,1.4060087369910683,1.48874746960188,0.09871350311923784,1.1410201099651274,0.031882423765832814,-1.3547338128011435,0.013715720354022375,1.0,1.0,1.0,1.0,1.2855525446526481,1
0.44330614136758284,0.9229518326394319,0.0722768115072893,0.017039440300125403,-1.159963772309459,0.6820060931844147,0.10841983636055627,-2.227038626784344,0.0,0.0,0.0,1.0,0.3293300664584061,1
0.033926247172924875,0.10867366750012974,0.30346664888882413,0.0002760056707785854,0.607070290109956,-0.9233464612589399,-1.111243614385015,-1.0267632946320453,0.0,0.0,0.0,1.0,1.2765664487403807,1
0.0972271267428518,0.3212730343269177,0.7558585371199794,0.7932779931924709,-0.7850004087095179,-0.19232799314015472,0.38198692458336714,-0.35767882518657745,1.0,1.0,1.0,0.0,1.734255833372076,1
1.1190758875841293,0.24302825224653687,0.29457402346369455,0.5922727470561815,1.000737204383725,1.5811642852082686,0.4289517603029646,-0.482006968053159,0.0,1.0,1.0,1.0,1.010264891917265,1
0.9951613743940386,0.23768264365088485,0.7241899046550859,0.6540824043615633,-1.9507475768339089,0.4890587587253367,-0.5433428188917371,0.47835511679294046,1.0,1.0,1.0,1.0,0.2945994698290241,1
0.41999547339388416,0.7004797085877187,0.40846955099430443,1.5733180883845772,0.10534744721074678,0.0009682944491037336,-0.049684781639748876,-1.387218617066666,1.0,1.0,1.0,1.0,0.7983851305888559,1
0.49909345055241794,0.5231449979947717,0.466299043402083,1.9057694494773454,-1.0279008824309244,-0.8763903150069021,-1.1458516705853863,-0.7732137029407239,1.0,0.0,0.0,0.0,1.2207397876625539,1
0.4456797471257219,0.7212429513202373,1.5423850828712498,0.6131216766048256,-3.2132026589051055,-2.6788770374282342,-1.0702766762729103,0.4403655881626922,1.0,1.0,0.0,0.0,0.6258372193355545,1
1.2269755915693683,0.6001416384448447,0.24802745682375202,2.108455536821456,-0.8902473661916708,0.6685695892638904,-0.3789543212478239,-2.0915719721642927,0.0,0.0,1.0,1.0,0.7644359219913227,1
0.0935568296665069,0.09827205164767247,0.923312023909641,2.292004449408838,0.3908217189675911,0.8396139439376934,0.5089534515603982,-0.5524365019720703,1.0,1.0,1.0,1.0,2.7222188596324806,1
0.8805247284212574,1.4209522512053956,0.33664821401077155,2.7339299412873315,0.20012845796711745,0.36897017712496893,-0.691275822847423,-1.6741325802652183,0.0,0.0,0.0,0.0,0.46310015169112817,0
1.3360607516826968,0.7907719585668938,0.11044900624313711,0.1500977350000723,-0.4360290415434193,1.1686920022269593,0.5813952942129262,0.1788989231364479,0.0,1.0,0.0,0.0,0.35300216610869634,1
0.8442708765138462,0.016052148972023714,0.4572811435929082,1.4587611832480212,0.4500245693913041,-0.19161475800920466,1.1429369263234452,0.948992251250083,0.0,0.0,0.0,0.0,2.175352000715558,1
0.6175053090115766,0.830088301572626,0.8174263087140847,0.2226742953987738,-0.7954616515942908,-1.2335754955078497,-0.24266880772032443,-0.22105678913423038,0.0,0.0,0.0,1.0,0.7918089532856178,1
0.8796770048754553,1.301440083541818,1.7123481721566798,0.8340985883197958,-0.5236513767250421,-0.513220935800299,0.6827255112341023,0.8631709490076418,1.0,0.0,1.0,0.0,3.1476359450084592,1
0.5110409500339649,0.6051628611121541,0.804099501929746,1.9990011024004295,1.624762420052681,0.22084300570353435,0.020765494700731184,-1.1803027393112167,0.0,0.0,0.0,1.0,2.1275501907797274,1
1.5282890251984382,0.5875129216601014,0.9438102185221534,0.5436663216958365,0.7990001751208072,0.8630331132964448,-1.1765424691110071,-1.2753808271088607,0.0,0.0,1.0,1.0,0.5675568736457146,1
0.31087327445864527,0.43250997732949553,1.2952234797312856,0.9328104700038247,1.139130753486915,-1.2016168936466929,-1.553050478931224,-0.46566061217550075,0.0,0.0,1.0,1.0,2.3617533734383813,1
1.8254638274412478,0.456047838904905,0.9398933363485251,0.5144549326206808,-0.04473456138085376,0.4804380252786334,0.5003699873277633,-0.47534647287482396,1.0,1.0,0.0,1.0,2.567536957071772,1
0.7847494694597899,1.9528698741981516,1.493410526717591,0.3266140398638674,1.0966119162151866,0.38265317360429196,0.614481725732973,-1.5346112620214156,0.0,0.0,0.0,1.0,0.4373236056918199,1
0.8119492428596585,0.31572262712631644,0.21584818390281169,1.2720419616643448,0.6885504520539202,1.88672295784953,2.036123909768451,1.3459833451734393,0.0,1.0,0.0,0.0,0.43019047542159267,1
0.6724702482549536,0.5615448170907152,0.2552781696308224,0.42467087127759806,-0.2826065713290486,0.5610768780110903,0.6940123104121353,0.9847418129934974,1.0,1.0,1.0,0.0,2.1985355749239273,1
1.4455695294338047,2.239423253709491,0.6838249873756117,0.28773146563051205,0.5901203137933523,0.11363273483162563,-0.16646243076642642,0.10828722821089065,0.0,0.0,1.0,1.0,2.663057368909199,1
1.1094145562323399,3.014489672374808,2.7348402799545175,1.8645833431286185,1.128375921364949,0.0755583183511952,-1.3102647388734034,0.9324047849252367,0.0,0.0,1.0,0.0,0.9939280500632431,1
2.5291280522554365,2.6378019017609136,2.49202407984358,0.35331712907147744,1.0155359565449693,0.23074740133516689,-0.6137725840295591,-1.050279488850544,0.0,0.0,0.0,0.0,2.4404242044011446,1
0.40043819947471,0.1655195812510557,0.4402140047112202,1.2155236859356637,-0.8550712280985482,0.21337935888486737,0.39341737962802037,0.49108398638249917,1.0,1.0,1.0,1.0,1.254351268686604,1
0.6855363593313222,1.919893112715296,1.8950613185806355,0.417538571845856,-0.4832053386494406,-1.8001405525705945,-0.377501780985422,-0.027447170680557322,0.0,1.0,1.0,0.0,2.1854569056882074,1
1.0289124214960452,1.3589761439441752,0.4534033158247291,0.22900196739412007,0.0637750363613485,1.8494968076694303,0.9776891551031075,0.2545452581936323,1.0,1.0,1.0,1.0,1.0162687662917183,1
0.40186489892554783,0.18297036614388454,1.5909552863741776,1.6475479593332432,-0.2327886978453617,-0.5476943449464059,-0.31349635006495924,0.01633665721655979,1.0,1.0,1.0,0.0,4.237490616336038,1
0.4834381965656441,0.19592682992250365,0.07172823069901411,0.34462859940815654,1.053782176294684,-0.3603845692341555,0.29032634206246316,-0.5690700552063759,1.0,0.0,0.0,0.0,3.22311082726553,1
0.1451784973539115,0.5503410313893745,1.1878926733894088,0.2206038733760348,1.2072649477966624,2.3501704524273475,0.6279735278620061,-1.0659573821447914,0.0,1.0,1.0,1.0,0.3999931519138482,1
0.14829874827668763,1.2825163095341472,0.20947118853741642,1.062626101162006,1.1486378788749723,0.27581944130471614,1.4315817220348863,-0.33956342158224245,0.0,0.0,0.0,0.0,1.1322256530381556,1
0.704967188953079,2.432900136785839,2.044342074871625,0.15128255646141572,-0.9517410708710187,1.1048547829030089,0.2974156421170683,1.8496664107636325,1.0,1.0,1.0,1.0,0.4648541173952735,1
0.7776761060586199,0.3512053133639858,0.06407743046437267,0.6639942878312657,0.10260650621251785,0.4742410692501807,0.5352023557001767,0.28154964982346287,1.0,1.0,1.0,1.0,0.5634409378118657,1
0.5713536692316595,0.5154667828253462,0.9349796963451993,0.7863792528713748,1.4990627559438099,-0.17385048588409666,0.06137980825923113,-0.11382583317065996,0.0,0.0,0.0,1.0,2.6924264443442194,1
0.05159315638912132,1.0591007600476188,0.9260515132882399,3.1454448019160317,2.1662535349418266,-0.33577422433657467,-0.037064547848807375,0.4355879857217314,1.0,1.0,1.0,1.0,4.224245599934189,1
0.7515945358619635,0.5129256080377669,1.160804648790589,0.8907759480254771,-0.17851253820888158,0.6006737774122007,0.4169292538323554,-0.01061982953931551,0.0,0.0,1.0,1.0,0.4833009276719726,1
1.6299726838243314,1.1078037808276275,0.6672999773334803,1.0853821229638951,-0.6137803893849715,0.8620192129127454,-0.8219842911931348,-0.8937235623414371,1.0,1.0,1.0,1.0,0.62863879864791,1
0.7144045343303898,0.9729291386664495,0.1954409564091291,0.34243317786147365,-1.8327187317203761,-1.3995033592810875,0.0430080371261382,-1.4077020148376462,0.0,0.0,0.0,0.0,0.39590956718993003,1
0.5910089091576299,2.0531668605273663,1.0640191586334802,0.2265890252098931,1.0674928012516791,-0.21294087742587578,-0.2769344767427988,0.6716527474698458,1.0,1.0,1.0,0.0,2.0394512578850046,1
0.18703180192392857,0.5634185149218649,0.5076528845892393,0.12069628721623915,-0.16314000642156454,-0.7472320570700504,-1.1188157105661318,-1.0391315843983613,0.0,0.0,1.0,1.0,2.4322251070607903,1
0.6029892085934923,0.5660868212807235,0.6351876616380652,0.7832124278474857,-0.05992849843163465,-0.5433151867344346,-1.0997512355399912,0.2306855879211768,1.0,0.0,0.0,1.0,0.9408933064559505,1
0.18588060252627114,1.4418695940723523,1.4683719935254627,0.9333435874791663,0.7697299481809196,0.720815282963961,0.5923595828050182,0.714970005073688,1.0,1.0,0.0,0.0,0.9898684371050502,1
0.43568754600245013,1.3174201791782296,2.035102962669025,0.8458551675758734,0.17772784877980372,0.6171096335769598,-0.21616936440744444,2.1064301426230347,1.0,1.0,0.0,0.0,0.470117270237246,1
1.4257901521901657,0.033147167099233765,0.005439675746567571,0.6903533050168965,-0.17529067930421877,1.3923073269376258,0.6247700738117471,-1.429874265367667,0.0,0.0,0.0,0.0,1.8524289952794084,1
0.6363169458066303,1.0660271242422241,0.11095031374322643,2.2088038157480963,-0.9485359582293809,1.3206285092724668,0.9853373008005201,0.07586797110964429,0.0,0.0,1.0,0.0,0.3846145310701749,1
0.8871095284571446,0.8173200742651974,1.3190812386681685,1.2822585277257657,-0.3965169400322235,-0.7033235836072468,-0.4771524583964573,-1.5561651508159886,0.0,0.0,0.0,0.0,0.7786473312005154,1
0.4073678766570121,1.2233529699224999,0.7060868624953381,0.03063172410678647,0.4821593463537686,-1.3677668950780362,-1.5515959449549102,-1.9333399553193324,0.0,0.0,0.0,0.0,1.0983020752905353,1
0.5790313432763501,1.9529866117168044,1.769537454833762,1.6260384121405123,-0.7303085893334393,-0.4229919375429476,-0.35749784931146533,0.5121519714900905,1.0,0.0,0.0,1.0,1.2350061989122807,1
0.45955168931511614,2.9823272165600745,0.26079313429413814,0.01715014926170273,0.4577748780702252,-0.22763601039189219,-0.5331893229410641,-0.36777450289470864,1.0,0.0,0.0,1.0,0.5360359107511663,0
0.18660457758133028,0.21211057049103296,0.22692777447444923,0.039685496276105105,-0.0651146054859812,-0.6759949826056333,-0.4138329801066561,0.1657064214685257,1.0,1.0,1.0,1.0,0.9137185434779238,1
2.7216598548368935,2.454149895958038,1.0762897048523865,0.6234705158569169,1.5292425884172893,-1.516562419587807,-1.1242232001026273,-0.5160065848169794,1.0,0.0,0.0,1.0,4.585361985337903,1
0.15502325732061356,0.6802027145583838,0.8434163195168489,0.13455256016529718,-1.137070818154506,-1.9636489433544706,-0.7273958148835258,-0.417990936063795,0.0,1.0,1.0,0.0,1.1434839318456507,1
0.5682168104473069,0.03279199244502021,0.940752820765922,0.3254585911422308,-0.061341029700314215,-0.234230502136014,-0.7211861369770857,-1.01242730700465,0.0,1.0,0.0,0.0,0.9906406484880846,1
0.572529105354309,0.3022507614749729,0.4494315564758231,0.8599587072547777,1.1763663303455494,1.478644128895956,1.1758643389926735,-0.38311006742802234,0.0,1.0,0.0,0.0,0.195872264220618,1
0.04734954530716245,0.9233798421048492,1.1055663458181901,0.007628948432775784,-0.6864778307922397,0.6513317040825933,1.345938551408517,2.0509001117749444,1.0,1.0,1.0,1.0,0.696852795573132,1
0.20765768297675616,0.7935691722221129,0.9890736348253324,0.4712324016378627,0.568683106859963,-0.3002405808015614,-0.3991856998607173,-0.37716400234632147,1.0,1.0,1.0,1.0,1.8273105409028219,1
0.4279080072482187,0.9565359263264004,0.7427706833721618,1.8849617592729482,-1.5367996607131953,-0.9653999907708388,-1.524336677372804,-0.22334310231576215,1.0,1.0,0.0,1.0,0.19851367523732877,1
1.531271315495328,0.6768642239144591,0.057268159803398104,0.10019278392015776,0.3804792611844948,-2.1596119102733766,-0.2841289397067598,0.4679534419717326,1.0,1.0,0.0,1.0,0.9068981954996478,1
0.04446782693156292,0.10329328380270221,0.1956764273601795,0.2736164754837993,-0.21541469733537585,-1.098631249577168,-0.7845693083047011,-1.2907302062674089,0.0,1.0,0.0,0.0,0.5553650065203022,1
0.09575240934777683,0.9975749679662896,0.5269919112261404,1.864341373832601,2.2891723588056125,0.07717141509397338,0.04795969195141581,1.7364594524222043,0.0,1.0,0.0,0.0,0.2747374995212309,1
0.05091658662913614,1.3045544166447864,2.672360914679635,1.725811597722261,-0.6007358077468244,0.3819594504270463,0.40042955745243647,-0.036372459588420114,0.0,1.0,1.0,0.0,1.141519758002533,1
2.4604489997597723,0.41383599759189976,0.7790058819514998,1.397110220645208,0.31723486244068194,-0.634202451075514,-0.09380067387834996,-0.016204627580491324,1.0,1.0,1.0,1.0,12.03685193581592,1
1.7599581439858265,1.5661151017827277,0.3011891730750443,0.9726815732064881,0.7599437584178946,1.307563597939512,0.3546063947485807,0.14110656234631402,0.0,0.0,0.0,0.0,0.653082811809016,1
0.42864526962053706,0.5145939006428338,0.6680384109474073,0.6715748613035919,-0.4989065104771234,0.48079551130738585,1.9712151483222307,0.9547776437748136,0.0,1.0,1.0,1.0,1.028104913015936,1
0.42955706937061083,0.2076549008828605,0.824388750329258,0.28543789018547633,0.5983528875023675,-0.015325004744211022,-0.1904231908596966,-0.022548302316499114,0.0,0.0,1.0,1.0,2.1693981787285943,1
0.025939913112495244,0.35691546918252864,1.3152454328061198,1.1531043513042645,1.124915081303291,0.8282975348043549,-0.014919657583877238,0.5689299513083826,1.0,1.0,0.0,0.0,1.3462861489025042,1
0.6953187223589143,1.372517582978196,0.44107782224068104,0.21218337727324896,-0.5634790815322818,-1.2090402941052616,-0.25368921554306345,-0.9622547519862918,0.0,0.0,0.0,0.0,0.6104147133507631,1
0.04764686905929175,0.7985963634210143,1.387554146581644,1.4033138287184899,0.21795166164071983,0.10459743202267408,0.022568039933927524,-1.1780191199303633,0.0,0.0,0.0,1.0,0.4279675010268884,1
0.5726309116314424,1.3550662953757078,0.892553194626105,0.5060241978758071,0.4265904931901625,1.083177702750395,0.5276637327605361,1.2023019477042995,1.0,0.0,1.0,1.0,0.5652025740727399,1
0.5584226259244752,0.1472059169586707,0.6576568320817706,0.5813746230292498,-1.4214283355478046,-0.7134483551744223,0.3328503169317098,1.3004564841892041,1.0,0.0,0.0,1.0,0.46055199724900664,1
0.5110914108463782,1.1083435533939172,0.23728941472039944,0.008431522981965712,0.299390987083161,-0.23498932675506246,-1.9807575641047226,-2.0798914853096613,0.0,0.0,1.0,1.0,0.3172428166229486,1
0.6030772813032875,1.0905104965887396,0.22778996115371594,1.4943780979642218,-0.22536982889144602,0.8778878538584473,-0.6983321573845702,-0.5158016741921644,1.0,1.0,1.0,0.0,0.15601732403027055,1
0.3269689145015444,0.11084966806785071,1.062555341043765,1.8646902852033345,-1.276950077805629,-0.19671722536025965,-0.6001253174372739,-0.06680553199066051,1.0,0.0,0.0,0.0,0.6238011486421887,1
1.0174576123487376,0.7434042782255467,0.023226331655299932,0.15195604645340857,-1.3255522813329514,0.25867165144612153,0.26423589130991926,-0.5697022258256811,0.0,0.0,0.0,1.0,0.5856865595691488,1
1.1698953725220247,1.358706509372978,1.9131998810980437,1.6966743521873588,-1.2648530685943433,-0.40824744842505895,-0.556904953651999,-0.6596644362034223,1.0,0.0,0.0,0.0,0.4291131035387228,1
1.5696938983034163,1.4693093718112296,0.7650059943302213,1.3502018340185322,-0.8044885500182122,-2.298574913283608,-1.1727799415826836,-0.6983104308478508,1.0,0.0,0.0,0.0,0.6766160322544164,1
0.19683471160957866,0.7085594326566247,0.039510354027221396,0.8694624712379013,0.8411121577854924,1.1146801455054405,1.0633002885953835,1.5130701677659526,1.0,0.0,0.0,0.0,2.2390636949147,1
0.06452037160255725,0.33698299606595894,0.5851914289126313,1.24217517734807,1.9331141703594206,1.5187228106277444,0.3773442724575691,0.38157214100067083,1.0,1.0,0.0,1.0,0.4720649507570636,1
1.5675387116859243,0.4375836737984305,0.730663777695602,0.14718604609771208,0.5565823754346948,1.0388279037971946,0.9890862607839265,0.4104460136555372,1.0,0.0,1.0,0.0,1.2495647648418995,1
0.6372322643674214,1.0294509792188216,0.5745092386667615,0.6142264467954813,1.1264185779199432,0.7461961648306118,1.4080890542877573,1.259447167880624,1.0,1.0,1.0,1.0,1.1378109986039862,1
0.30278716281639145,0.004763211847478725,0.6469070168074262,1.539186188628265,-2.4223123142035647,0.47005590087696847,0.2037415079865181,-0.8449691319624406,1.0,0.0,0.0,0.0,0.282705332743253,0
0.7069794617247017,0.5794614307063896,0.7958016520155816,0.9162226667930818,0.5566989523032481,0.07937273472979278,-0.24380498249470064,1.2989040339186606,1.0,0.0,1.0,0.0,1.7938670372043926,1
1.4359498527084351,1.0255851274364494,0.9375646942868825,0.9644759733837373,-0.7755843379347211,0.7181734572037378,0.6587088778612692,1.8559802102973764,1.0,1.0,0.0,0.0,0.13401016156637513,1
1.244206431301396,0.44069819814727096,0.9337412795192164,2.0189871822537797,0.8249891774120757,-1.2184189802067675,-0.6043751573227569,-0.5225772885051574,1.0,1.0,1.0,1.0,1.4806744741178663,1
0.930719592871288,0.8349292602672399,0.3096825144805873,0.3665016416898205,0.56523756653727,0.035547993253125486,0.9819996834879389,0.1637541961959592,0.0,0.0,0.0,1.0,2.1279251031170405,1
1.8135494451612375,1.6088551269703675,1.2194116528140129,0.6894569847424075,-0.27465114245537603,0.2531815273184617,1.4081407126986478,1.8608816744219294,1.0,1.0,1.0,1.0,2.691920314511871,1
1.0498791457564838,1.6092804740056534,0.6644875642688554,0.767695693738434,-1.189397069506883,0.30922192757500594,0.3902309285003014,-0.6027395491622405,1.0,0.0,0.0,0.0,0.02600140462767825,1
1.7669005554947177,0.6087036050116738,0.3606470817361063,0.5542388348585262,0.42990373425402056,0.17523304558245892,1.9642131754279453,1.8567600941996982,1.0,1.0,0.0,1.0,5.46705802431828,1
0.20749895864305115,1.2179261731012603,0.7045240079829734,0.809372274947688,0.20951888986189166,-3.3929022059839964,-2.2975963917805617,-0.05599941208752641,1.0,1.0,1.0,0.0,1.7873560244795361,1
1.696359587760532,0.5431365751445402,0.4365458636464322,0.032471947956973425,-0.06661127092071262,0.7805982230832407,0.4471545862315908,0.6843864555525011,1.0,0.0,0.0,1.0,1.4036784950865762,1
0.25044472767123743,0.23312339836809348,0.6322619533795709,1.5568009706776365,0.3302948956007003,0.20281651030937356,0.9268271711493506,-0.023236523751788092,1.0,1.0,0.0,1.0,1.331960544963234,1
0.9546498221942259,0.47176665533370316,1.6038243093268478,0.757923254954679,-0.776224667381061,-0.01157567553855578,0.2487445995626701,0.16227154727270843,1.0,0.0,0.0,0.0,2.8376112362083505,1
0.26945950993026296,0.4372748564714057,0.010420237396033028,0.03203147978709001,-0.4211814880976164,-1.5301065084101542,-0.5378119506450901,-0.5488723310843039,1.0,1.0,0.0,0.0,0.34631935980871564,1
0.5928812050649526,0.07787034561810033,0.6685772442442934,0.40844036308368376,-0.08740019409569265,-0.6618210174566315,-1.9242621249398184,-0.3689438110621421,0.0,0.0,0.0,0.0,0.3046264880254698,1
0.5435674110572233,0.6847620660931447,0.8002040130583706,1.5238634252378191,-0.48697462967351096,-1.5868805666852301,-1.5114887901829157,-0.8192590228755993,0.0,1.0,0.0,1.0,0.39719439245371985,1
0.2527004215399484,0.40698613242940784,0.14455573730104238,1.3841085541869904,-1.4293347927061173,-1.6597029413452573,-0.16690811304053915,1.69182775735951,0.0,0.0,1.0,1.0,0.743320555262692,1
1.549154726615201,1.0609420427292007,0.5427945581176985,1.0572625108143192,0.5411509238007867,2.247703048086266,1.6849872869375415,0.6665067258585821,1.0,0.0,1.0,0.0,4.969532732115898,1
1.3268021542048303,1.9050636728555153,0.990440869921708,1.087460627251845,-1.0064503384537762,-0.7891855823420761,-1.1537219543624886,-0.4844716849869134,1.0,0.0,1.0,1.0,2.099495338139655,1
0.1873909988745105,0.1269741501874575,0.7767930212423132,1.4950655647501903,0.12971595224762889,-0.10867177277705849,0.8646604779555518,1.2948367501724312,1.0,1.0,0.0,0.0,1.01371730898113,1
0.7518699205016867,0.45213748333825177,1.1348571561127578,0.1415899875439529,-1.1739975085777465,-1.368731601796043,0.11793958146204371,1.4491020961794523,1.0,0.0,0.0,1.0,1.9744295967241765,1
0.9070349918123646,0.062415931638052084,0.47877351847448846,0.15239944222338017,0.7068210085586144,0.30698726592178815,0.6546888612507665,-0.03101862965404485,0.0,1.0,1.0,1.0,1.943313735566513,1
0.8529174390239617,1.6056788149344363,0.7974311346025454,0.2821506224179114,-1.058775095236372,0.12887294304276634,0.4155852081321371,0.4453351319880752,1.0,1.0,1.0,1.0,0.7191979688438006,1
0.4170523589244988,0.011096526786778584,0.37633590148573853,0.23256028928320424,0.6622693405065445,0.001783621973041339,0.9690164022047408,0.5558830072300117,0.0,1.0,0.0,0.0,0.7367294532420765,1
3.182960265760274,1.5390565333431525,1.4567017858892248,0.047046665829040685,-0.45983895289586546,-0.06787706147394126,-0.022608920060602097,-1.4644414886636465,0.0,0.0,0.0,0.0,1.2641441900219381,1
0.5151808052001529,0.4218004797475399,0.32522919077431367,0.8761459186323123,0.46932384499000285,1.5534803885166277,-1.0063580591866375,-0.6645870586653759,1.0,1.0,1.0,0.0,0.5206718653978084,1
0.9345268740984709,0.3250055990314177,0.7064152276183908,0.22744547331235207,-1.1193021458926256,0.5785972233322576,0.941506399303527,1.2740219718188552,1.0,1.0,1.0,0.0,1.330622740551223,1
0.748421912825332,0.4869135796681604,2.557569465913851,1.5527775897577103,0.9882406304043024,0.10504230086615597,0.07934207637668213,0.24976203351058823,1.0,1.0,1.0,1.0,5.083996048908943,1
1.4565408527677126,2.516061500431399,1.0741127179216006,1.3616707342173242,-1.5494590767619703,-0.059507286784912045,-1.0883153596067654,-0.8304846728069065,0.0,0.0,0.0,0.0,0.13609291595778475,1
0.770958016366599,0.5641393973266021,0.9589804224408979,1.103311979848089,-0.025314205171527052,-1.5155001210729755,-1.3522468925039688,0.718756524517685,1.0,1.0,0.0,1.0,1.4327775315387417,1
1.4173845774900224,1.4831454964282125,0.2906208839209353,1.21411167597875,1.1315435547144694,1.5649036459907717,1.6626181027503153,0.5862848488157003,0.0,0.0,0.0,0.0,0.8673714603918238,1
0.05031519247208303,0.1138058751285122,0.8432123977764857,0.38873184746576817,-1.9907171528138108,-1.4187060038897406,-2.23715113812103,-0.9446704176540545,0.0,1.0,1.0,1.0,0.3053930444235773,1
0.3568069419326673,0.30743058520281963,0.3237754495207802,0.5505924602214621,-1.4552179373874468,-2.2766732225954707,-1.5893312139236628,-0.8339325706604147,0.0,0.0,1.0,1.0,1.440961144114468,1
0.29611571738593423,0.654035132681693,0.6443880925015469,0.07245245893105913,-0.3023690341929829,0.3141353772606268,0.23279670138532013,-1.7765214838221672,0.0,0.0,0.0,1.0,0.6435601063115127,1
1.5253865284739376,1.6683576310113002,0.39626378087268654,2.2453495173583473,1.5898713358733683,1.1791641937799715,1.8787356799158286,0.39749572070528116,0.0,0.0,0.0,1.0,2.611589233518849,1
0.399254801785605,1.324575215583583,1.6232511351851242,0.9490433021774242,-0.9536835639376942,-0.04701305243468969,-0.8651452363874299,-2.1775974017075828,0.0,1.0,1.0,0.0,0.24827157785477433,1
0.9100438111203663,0.889520069705009,0.1841692867104937,1.6953676634192445,-1.0377148041175446,-1.840992847236623,0.27386806257870006,-0.23551271767106954,1.0,1.0,1.0,1.0,0.20740418359957016,1
0.17466410743389327,0.1642646083031831,0.31629033123725847,0.09480769705584118,1.176269774308466,2.439219475578943,1.5356370365817826,0.3847231597684088,0.0,0.0,1.0,1.0,1.4286491836629702,1
0.4106742753772388,0.7713329441794717,0.6143122388781586,0.0693625707460844,0.4862035046328009,0.5912705823065194,0.23277158606451692,-1.2903040428678803,0.0,1.0,0.0,0.0,1.0384168580806332,1
2.132455189195816,0.9066165548468228,0.5131677511289768,0.6044048752691855,2.115244253423113,0.0017629843354043052,0.3429575972506124,-0.4478492336310271,0.0,0.0,0.0,1.0,9.468777264979853,1
0.46448061613373764,0.6061452313381748,0.6235504144754668,1.773252400154963,-1.2006261992505531,-1.057737882700559,-0.18031864473149906,0.2519625914302161,0.0,1.0,0.0,0.0,0.07935051946534688,1
0.5819412827750777,1.3679652739644492,0.5446904841017753,0.49645921404636695,-0.1533910875047161,0.8074890635566991,0.3105903387462062,-1.0798478212249192,1.0,1.0,1.0,1.0,0.8513535623412699,1
1.0408681506440403,0.46472838779345366,2.092998751465764,1.658505904984815,1.7133845041710318,1.2009756307897346,0.8229127610605255,0.3550535457950395,1.0,1.0,0.0,1.0,4.884556095413178,1
0.41277158798688895,0.1768237215894092,1.2844615715484164,0.204892037059903,1.4477764521995207,1.2403449528822519,-0.04948189212332622,-1.027465821720952,0.0,0.0,0.0,0.0,2.429236417160722,1
0.2183080280301833,0.5558320277928671,0.23575292010751853,1.284355909309159,0.27446522322024264,0.16193045411813503,0.2897334664171003,1.5795529668557597,1.0,1.0,0.0,0.0,1.1516176687738469,1
1.573031358331444,1.6203693656988634,1.5236045280425992,0.946068745992696,-0.6241812747262012,0.796899124708153,1.4508876700219395,0.1292220920938295,1.0,0.0,1.0,1.0,1.1211694686924876,1
0.9381993427993606,0.031806198188624964,1.008689669940011,1.5652382002776233,-0.022910068301404338,0.7543437716814861,1.1464791200153346,1.4936051675715158,1.0,0.0,0.0,1.0,5.342904483866156,1
0.3298659302837279,0.3564468455518045,0.06492944722999675,0.30132541750561187,-0.2157386786081019,-0.5987058432714804,0.22492920420729656,-0.14583603183945967,0.0,1.0,1.0,1.0,1.17234342394831,1
1.8303967524446914,1.4814545223315623,1.2351361925221045,1.0337750692445227,-0.7960609028909366,1.0397786167901077,1.1370172031307573,0.34540863788782,1.0,0.0,0.0,0.0,0.9534343340578938,1
0.7401029465711918,0.6700611812897889,0.5520777794953933,0.0240360761170986,-0.12331781120147964,0.355870349553308,0.19655201449354043,1.0809994032359826,0.0,1.0,1.0,0.0,0.7114207641537306,1
0.22018233405039067,0.5857855670002311,0.9273595224216163,1.1848518760739197,1.2352421751579714,1.9366781581336574,2.1344608014828546,2.3897579150440693,1.0,1.0,1.0,0.0,2.749958372747025,1
0.3579606427583151,0.5901153190444042,0.24294622300186758,0.4146423173368738,-0.15723588614642614,-0.8811148791546995,0.43373851722953394,0.7534217133546223,1.0,1.0,0.0,1.0,1.7440323316942548,1
0.08192213901292754,0.016536029090364498,0.7672490228796759,0.7778254780733129,1.2349938459469572,0.9249240892431515,0.5082115238993071,0.5447317311677303,0.0,1.0,1.0,1.0,1.3075409117027843,1
0.13481038017482394,0.4439175378923133,0.2335892068353153,0.6437136559199003,-1.7853209442974771,-1.7091672837089156,-1.4265993010009488,-0.6699896037390943,1.0,0.0,1.0,0.0,0.3562167727575312,1
0.6353863328694791,0.5729053992618762,1.1846828857030096,1.838584744874901,-1.301118927606129,-0.7203544873913404,0.599490022850219,1.8518048585200826,0.0,0.0,1.0,0.0,1.5108582349280992,1
0.2414060952386554,0.11532030583736651,0.2461071055924367,1.5223480054040575,-1.5175446663219794,-0.30789905765296427,-0.4418732970093605,-0.31597137209192894,0.0,0.0,1.0,0.0,0.9723658350942895,1
1.1605222090277745,2.0633830609096186,0.713164791477058,0.18310789866077787,0.34748561440374126,0.4385442490695681,-1.3348820867445141,-0.5016260657536323,0.0,0.0,0.0,0.0,0.41544348830902617,1
1.3604287000657103,1.1332072241877937,1.0171620719542758,0.6522004529118954,-0.04230393460073198,-0.8581428870260754,-0.26167894674909853,-0.8418118718191983,0.0,0.0,0.0,0.0,1.3609664862577024,1
0.5603210409694453,1.5013724273468054,0.45532420802415585,0.04288764322686008,-0.9111528760875547,-0.6547502555742738,-0.7061828286955462,0.18788546653466376,0.0,1.0,1.0,1.0,0.7549191155245987,1
0.52980311659821,0.2066421103206572,0.7034319635921965,0.7527361850503811,-0.4125158205571555,0.7088300642012595,0.7525347018388217,-0.7589484726170896,0.0,0.0,0.0,1.0,0.9062430474841314,1
2.0189117788501125,1.2678538138812632,0.1523818159943191,1.437909242130051,-1.608229235635121,-0.7711534726125869,-0.6420047718120557,-0.6798488086411827,0.0,0.0,0.0,0.0,0.6129355194976528,1
0.34753494529726786,0.5483346648857219,1.680890811649436,1.33753379799865,0.11216723180744921,-0.31490685907761645,-0.12109318236681434,1.90147293232209,1.0,1.0,0.0,0.0,3.588165768752496,1
0.04832874156165932,0.3463475693893054,0.7292617587717938,1.2603713948278932,-0.150729368018549,-0.2021657228105115,-0.9893105728392607,1.0261560860630599,1.0,0.0,0.0,0.0,0.3016137507938069,1
1.5985086273884437,0.49979970540903224,0.7207456293653616,0.3498074910879765,0.15815159100780735,0.1750766977567692,0.5126529232428563,2.061185302376586,1.0,1.0,1.0,1.0,4.497997539576701,0
1.544729371900568,1.504115338215334,0.1839003901428756,0.6920060587533589,1.9337295001212895,1.1486951998468378,0.3929256484286634,0.09110428838394456,0.0,0.0,0.0,0.0,1.5241021466174167,1
1.2392921801425172,1.0717250815262391,0.2954604252639981,0.8615292530916832,0.5326596060264961,0.8371302911362122,-0.35254379449326056,-0.7161467817240796,0.0,0.0,0.0,1.0,0.7421035469807336,1
0.15496290221455689,1.6547899697775619,0.33951279400414464,0.5010800906245996,1.3376444897868638,0.6141836415563409,-0.2291733011701061,-1.5772776719070782,0.0,1.0,1.0,1.0,0.30324159425257863,1
1.9337879701996321,0.2014595403242386,0.25869386532810196,0.29593049292461976,1.7490101581906512,0.5576398102261475,0.721760401275763,1.1479187082652587,1.0,0.0,0.0,0.0,9.568151330537766,1
1.028190013297962,0.012179578040975199,1.3289999592953063,0.006847051013544121,0.5866047470120325,0.8534446322348753,0.9352336757385294,0.7736208333125489,1.0,1.0,1.0,1.0,1.4253510918605097,1
0.5376293540413247,0.15220805098411885,0.936575838577731,1.0353038934087502,0.6241104645954842,-0.9013695190237792,0.576892887934062,-0.6220190511433746,0.0,0.0,0.0,1.0,1.9158417758803805,1
0.44593199442993026,0.6050701917870382,0.5711329973257147,1.0825266639623925,-0.045389056188119045,1.3882581888860945,-0.15013665562069475,-0.3252146228714306,0.0,1.0,0.0,0.0,0.15422257866595473,1
0.23530301658187003,1.3013378044852768,0.6374749239154733,0.5163886670120105,0.46118756460057286,0.7622481843321324,-0.8323127533962835,0.09994865272380088,0.0,0.0,0.0,1.0,0.299037187586248,1
0.04953257377504001,0.9214988436285834,0.14497563338482763,0.3616196193230286,0.07046150726788619,0.2164835635456766,-1.2648316074638901,-1.3246056532368502,1.0,0.0,1.0,1.0,0.38321323688367814,1
1.1881837365653916,1.1850884543212719,0.613914256017623,0.24197551444602092,-0.9513035119024704,-0.7824902417792554,-1.343837657687307,-0.15142756130423013,1.0,0.0,0.0,0.0,0.4626545137803,1
0.9558345671353561,1.6315096193689262,0.037908136060000076,0.10549508321289247,0.7757492061357393,0.6133344245894021,1.8503154467602225,0.8185446654396255,0.0,0.0,1.0,0.0,1.5387619459525592,1
1.5502719354028078,0.21796488717202206,0.10818722719755534,1.1035557670488485,0.09571723636169291,0.7982119691993881,1.0513457548470893,-0.126121356231601,0.0,0.0,0.0,0.0,4.672280215724481,1
1.3166066108868486,0.8257131400414642,0.07344000689192885,0.5338112960411043,-1.0677380530381806,-0.19345496680044896,-1.2737813948700214,-1.3837311995077832,0.0,0.0,0.0,0.0,0.1219780922224736,1
0.4484416914262463,0.9106742614450654,0.707082605818919,1.0070757286072176,0.7141857168585076,0.24223078966117584,0.926749807667355,1.1259157908543376,1.0,1.0,1.0,0.0,0.9552432080188386,1
0.25477200470431377,0.034775398637720965,0.5211686923662564,0.6307306559859422,0.3161514555565423,-0.45993428580440693,0.7705478937598593,0.5244943211523401,1.0,1.0,1.0,0.0,0.5558939025372278,1
0.8204021366181927,1.268679347747897,0.8738962763116103,0.07073376125742936,0.46602395230103255,0.5361990552632189,0.24879431100347305,-0.2229902806801577,0.0,1.0,1.0,1.0,0.9651497920693866,1
0.12464227161791179,0.3314787359536915,0.781229402026667,0.5521689885248585,0.625702342502835,0.8231899014704731,-0.5871428151544406,-0.944768507069118,1.0,1.0,1.0,1.0,0.5959301771676544,1
0.649161059754857,0.8591883693572219,0.7542734810825443,0.07976020058806314,-0.6576948728411194,-0.7302217372567337,-0.4239736036891138,-1.7163091989961703,0.0,0.0,0.0,0.0,0.3683635707325989,1
0.11833032465943157,0.5419268541364035,0.13747915982430914,0.29397845629637426,-0.10377763946172747,-0.009505111348399235,-0.4944758130535746,0.9221747968288536,1.0,0.0,1.0,0.0,1.6150832874029761,1
0.9926882174826557,1.0155822203359444,0.3289323441795161,0.5292619409209264,2.5823425681554237,3.3240481487164297,2.081961982709062,0.7076065602463044,0.0,0.0,0.0,0.0,1.3574839069684943,1
0.2484486465323088,0.09163032481172823,0.0017904978362782936,0.9393208273949715,1.313684711350985,0.8733747850392837,1.9302873090258954,0.4092399069044453,0.0,1.0,1.0,0.0,2.465147399505058,1
1.3130137525221177,0.9047539790817934,1.3855707635524777,0.5347705532233542,-2.1596550686964897,-1.520879064675037,-0.23818261335092528,-0.6943164608415686,0.0,0.0,0.0,1.0,0.35944224396673397,1
0.5621520241986715,0.5478746728919075,0.7852845538350811,0.7270158339136464,-0.30882211219068223,-0.1816792965707128,0.7548204041927619,-1.311767232613703,0.0,1.0,1.0,1.0,1.1915925257740534,1
1.879048634138607,0.05386816158221993,0.7049041691232234,0.39722338699861376,0.8513505168990023,-0.2969769090350069,1.0477291666319704,0.9714843820404054,1.0,1.0,0.0,0.0,5.678074996159888,1
0.6036817984179762,0.6888983656021143,0.023573198495631654,0.5035260239902034,-1.8357741186278893,-0.3954925882077202,0.6393934524237269,-0.6392851965642415,1.0,1.0,1.0,1.0,0.2683900178407174,1
0.5145156406231455,0.9629052842695426,0.4622040269374676,0.2252933618587332,0.34294380353597487,0.8618066438543238,1.0950852422340285,0.10020535947798549,1.0,1.0,1.0,0.0,1.382991131017054,1
0.7616785098501339,2.0170789546537504,1.894031676301736,0.42055417278717366,0.7745269952603014,-0.10735147409561706,-0.6869600790165835,-0.48994270781213783,0.0,1.0,1.0,1.0,1.6749676153373945,1
1.2330996886886283,0.13215264735429988,0.6500057649790166,0.5563525193682722,-0.5683915144034498,-0.15904851264138836,0.7031409467006278,2.0671012132013797,1.0,1.0,1.0,1.0,2.3759324789546072,1
0.29703807629940815,0.25322313369030924,1.2035164368156304,0.4851631260211434,0.3980057691612987,-0.04438008968764092,0.8574300795630986,1.3425120634957675,1.0,0.0,0.0,1.0,6.188633281519511,1
0.9476408384138385,1.1063140444687398,1.3481556975181757,1.6434801375995463,-2.0838643229459803,-1.805337895783971,-1.2632850317919653,-0.30787746877384475,1.0,1.0,1.0,1.0,1.7502570826161112,1
0.4258743708210577,0.19766580607033202,0.8986044792987018,0.12882288045037016,1.4910976362680417,1.3287157605055726,0.5766260710925238,1.0362406349449496,1.0,1.0,1.0,1.0,1.8815148362025331,1
1.4319916275793072,1.2408318643001417,0.15749098507836165,1.6512700782587728,-0.19735014935652695,0.26297551787257223,-0.10824653057290454,0.167158106482063,0.0,0.0,0.0,0.0,0.7073998467818203,1
1.8980060112495485,0.3335693794224669,1.6398400084200369,2.0827938382308386,0.2514818586266604,0.40473826145254166,1.8166366510863632,1.5479983359151603,1.0,1.0,1.0,1.0,11.97581900299326,1
0.397854879850053,0.971070795771264,0.38692277380853257,0.809548768467909,1.963537600920025,1.6648063057684872,2.2708748363147273,0.4549657461946923,0.0,0.0,0.0,0.0,1.3040494645682204,1
0.447568690140649,0.34788115538992287,0.6759359763398992,1.3752595764580506,-0.2644700109227187,-0.5615174282319695,0.038114143744080856,-0.15423676931341784,0.0,0.0,0.0,1.0,2.2889324307829924,1
0.09766838044764081,0.3109620306272018,0.8783135064604296,0.11997507308664083,-0.2073615565433009,-0.12284567348641592,1.0353117232670468,0.6199610519117255,1.0,0.0,1.0,1.0,8.364180837935372,1
0.1285740492284483,1.8300595959204053,0.9629319189122432,0.03015284718155709,0.4035053965172755,0.510164908465912,0.45900820878440646,2.985494962355498,1.0,1.0,1.0,1.0,0.5691031049535195,1
0.1514872094915193,0.3724185642720324,0.26243966104500577,0.15362583558212367,0.05571565853745653,0.17237239446460112,-1.088786183971754,-0.06804593846665259,1.0,0.0,1.0,1.0,1.548963396475402,1
0.5136392072207463,0.6600811073039182,0.9124874140780396,1.2690821883639158,-0.7024007868528958,-1.2160598479021578,0.4929880326917006,0.16896055729987583,1.0,0.0,0.0,0.0,2.478937124226134,1
0.36251778744860275,1.0115174531278863,0.9494998112960894,0.5905704028237954,1.7874694047707307,1.2443535383888855,1.4723915090640545,1.8092129079515327,1.0,1.0,1.0,1.0,1.8616043335870065,1
0.7113918599414523,0.20379499443789081,0.6814632144474839,0.05703609899000996,-0.11655532840460898,-0.6754533953042091,-0.47426476790087324,-0.46041250647622733,1.0,1.0,0.0,1.0,2.7284085333167813,1
1.1475117128111425,0.5066674811580738,0.22006233106709708,0.10813754656976274,-0.09951490506061479,0.2090572174567333,0.9721375151103046,-0.7289644070469556,1.0,0.0,0.0,0.0,3.9124121568676578,1
1.8058010666124138,0.19033032593897972,1.8865878970569745,1.124029528442365,-0.2182630723775341,0.3905313298220221,-0.049034134682618094,-0.5700617736671019,0.0,1.0,1.0,1.0,2.2249777964040756,1
0.23468129319046255,0.5457692196773878,0.7765529736454755,1.0105424926815694,1.1839457232745587,-0.359496596802584,-0.12162788705281577,0.07524405805192642,0.0,0.0,0.0,1.0,1.086526936528185,1
1.1651415438533657,0.28973619047359467,0.20134296539166044,0.09442937003201929,0.24856600229735298,-1.0291271480751876,0.10430430746964867,0.0037582149079554658,1.0,0.0,0.0,0.0,3.511725982473721,1
0.471867602601365,0.8062975925916105,0.41851152951842996,0.7524451788264104,-0.8981778149348515,0.45028207718804564,-0.9073390797728232,-0.0408987305589971,1.0,1.0,0.0,0.0,0.5282823647144625,1
1.43727709963709,0.5646538012699982,1.3810639065495758,2.3469652692705503,0.17244016164005724,-1.8865598341932188,0.047545861186579004,-1.276649596490511,0.0,0.0,0.0,0.0,1.6443001917737334,1
0.19995180053621595,0.7512852606975544,0.5849814847841638,0.5450848623537807,0.883734369202386,0.2857393159852235,0.48244172704615174,-0.8927997084445971,0.0,1.0,1.0,0.0,0.09872329461110123,1
1.186864345995307,1.0992770882356,0.2810842733225243,0.1733866993549278,0.3062824979337895,2.094985660369368,0.03248032321598443,-0.6355218432871024,0.0,1.0,1.0,0.0,0.6697752540178313,1
