-1.1999710084778892,-0.5909867333526371,-0.4985439352635318,-0.5952396703606767,0.7569554856494836,0.8966581922433722,0.0,0.0,0.0,0.0,1.0,1.0,0.3491400206723869,1
0.2379251528791963,0.17245475838134186,1.4458661712619247,-1.1859070107282887,-0.3429470265009847,-0.6960464061743539,1.0,1.0,1.0,0.0,0.0,1.0,0.433997883600961,0
-0.7740058201302926,-1.7115922739052734,-1.888727226658557,-0.056018595081814636,-0.44236668782836186,-0.04195988783016237,0.0,1.0,0.0,1.0,1.0,1.0,0.38592815088779664,1
-0.4492820082652462,-1.7296274880745075,0.8744276340564415,0.3975360014250516,0.8747817877680136,0.26312701423041274,0.0,0.0,0.0,0.0,1.0,0.0,2.748391867568859,1
-1.498482226227483,0.7886197265631595,1.0397078182236694,0.6965163738447647,0.2155635758483185,-0.010941826063864431,1.0,1.0,1.0,1.0,1.0,0.0,0.6474535175086553,1
0.989698954010757,1.4077871296283513,2.2760419854851692,-0.2901011412831293,-0.26080247074159657,-0.44371932511561085,1.0,0.0,0.0,0.0,0.0,1.0,0.6832644232932543,0
1.4792187375860895,1.9802428534858216,0.1700539504791693,0.4659107575312316,0.37814510409625784,0.5091486276639124,1.0,1.0,1.0,1.0,0.0,1.0,1.4548436100830033,1
-0.7213927299963652,-1.048811793620395,-0.26241901891932484,-1.9292956784419086,-0.19389454737354483,1.8631742857669384,1.0,0.0,0.0,0.0,1.0,0.0,0.823539185832103,1
0.21284344141704611,-0.5270864357214803,0.2419444099783201,-0.014763466171733094,1.7367478679106227,1.1475057121488677,1.0,1.0,1.0,1.0,1.0,0.0,0.6313212171819983,0
-1.1451858248405646,-1.2537738736297424,-0.17900895373219267,1.3940532336314857,0.4889606800134027,1.4421043141454846,1.0,0.0,1.0,0.0,0.0,0.0,1.1601707738434779,1
0.21146113761323782,-0.7972000875071646,-0.0380446388083832,-0.45577601345139385,-1.1237716273983254,0.5746495817450633,0.0,0.0,0.0,0.0,1.0,1.0,3.090176026383433,1
0.6335970146383985,2.44034808064157,0.9882140272067262,0.972874515290539,0.21295656063997018,-0.5633673885661462,1.0,1.0,1.0,0.0,0.0,1.0,0.10078160809904288,0
-0.6787322125302145,-0.5894138134302561,0.03472335042864096,1.0914830194225416,0.011714223591610694,0.47784987655735583,0.0,1.0,1.0,1.0,1.0,1.0,0.9044220678586026,1
-0.9425862442664653,-0.22895476629610684,-0.333834379996594,-1.3603871149975155,-1.0766455351548996,-0.8295722141941979,0.0,0.0,0.0,0.0,0.0,1.0,0.04600240432268262,1
1.0738819276298035,-1.6800191801453968,-1.56466396700274,-1.3628238722183066,-1.3480116005082585,-1.5166421418201745,1.0,1.0,1.0,1.0,1.0,0.0,2.914130828456496,1
-1.430798165842942,-1.458800036007883,0.8260802405953173,1.027994753941993,1.9046253464491982,0.5008908619940768,1.0,1.0,0.0,1.0,1.0,0.0,1.672759805686905,0
0.14468783030966395,0.537470634752302,-1.4690078573993122,-1.7469111618960673,-0.2897404101691833,-1.1003904556226995,1.0,1.0,1.0,0.0,0.0,0.0,0.4075999945713872,1
1.0864378043243388,0.7878703815863298,1.6117738966666924,-0.5823247659738072,-0.1574065466439416,1.1541694974461167,0.0,0.0,0.0,0.0,0.0,1.0,1.7413021143979603,1
0.5672088795981479,-0.7404982745670533,-0.3568500786810202,0.8831266758746341,-0.44890917282025206,-0.18371481606145043,1.0,1.0,1.0,1.0,1.0,1.0,1.5374211936885578,1
-0.14830420689818016,0.08194722489558603,-0.7045784961328053,-0.29626124220456757,0.10109870767654146,0.15196658763284374,1.0,1.0,1.0,1.0,1.0,1.0,1.3796324373408952,1
1.1861958619815882,1.6943710928669233,0.18394905552496305,-0.33413295732835196,0.2023938556943817,-1.1549115344929037,0.0,0.0,1.0,1.0,1.0,0.0,1.5901966591958714,1
0.6133052598039406,-0.4379819651204181,-0.4643026707420316,-0.6294062185952057,-0.905550931671444,0.1493521739801907,0.0,0.0,0.0,0.0,0.0,1.0,0.6697199103685402,1
-0.14251360795144077,-0.576401665082491,-0.8557973415309801,-0.9483711765182616,-0.578253014558007,-0.30815475280090626,1.0,0.0,1.0,1.0,1.0,0.0,1.6851905843627157,1
-0.46546575235506277,-1.880525134332387,-1.146520968891446,0.31262593667561367,-0.12134724537259084,-0.42403164420102635,0.0,0.0,1.0,0.0,1.0,1.0,0.4578233868381792,1
-1.327413410959999,-1.177165762784123,-0.9888337200487181,1.5764785958198761,1.658898227416643,2.137379451083083,1.0,1.0,0.0,1.0,1.0,1.0,0.4795436624517931,1
0.2743806705488009,-0.254135956744617,-1.1051201239922794,-0.22773314996027236,-0.6936898393430574,-1.8271976343457412,0.0,1.0,1.0,1.0,0.0,0.0,0.4902747617509958,1
2.1307745691118627,0.5147528465435897,1.4271212857484332,1.4679802407563842,0.16049311353494378,0.49808746662593684,1.0,1.0,1.0,1.0,0.0,0.0,3.9979280332112226,0
-0.5784175162249754,2.0400838063177185,0.08893865168512192,-0.5146369612927424,-1.226530585833536,-0.3746545450097041,1.0,1.0,1.0,1.0,1.0,1.0,0.6507209302841539,1
0.669768688753337,-0.127131874009873,0.99101647684036,1.6976306495009488,1.0661881433971279,-1.514446156393733,0.0,0.0,0.0,1.0,0.0,0.0,2.0500504061903557,0
0.20777251689817036,-0.5822420044302098,0.5773045696678817,-0.017418294990449064,1.36886290728941,0.13532956714202143,1.0,1.0,0.0,1.0,0.0,0.0,0.7530500897402399,1
2.9655849869846196,0.741120753278666,-0.0796230156607661,-2.249067981555351,-1.912064799165348,-1.431095349407573,0.0,0.0,0.0,1.0,1.0,0.0,2.4595182832256857,0
0.3310849211221687,-0.4854265196284705,-0.1435024496924544,0.5324145350386651,1.2493555576788313,-0.1999324769738233,0.0,0.0,0.0,1.0,1.0,0.0,1.5674715805565533,1
1.3571875602870018,0.31901027421750905,-0.24114932188252064,0.019471043916182932,-0.6718336777968947,-0.48956741165908185,1.0,0.0,1.0,1.0,1.0,1.0,0.4900375170780059,1
2.5487865542907944,1.141918482903464,0.001076757087292285,-0.7574974616682334,-1.588175122734679,-1.1962180152590662,1.0,1.0,1.0,1.0,1.0,1.0,1.8279691457432095,1
-0.6638080172361724,0.07881312619004596,2.472381741957257,-0.12096512140988139,0.39771073325997136,-0.14480508719497373,0.0,0.0,0.0,0.0,0.0,0.0,0.7579536658942568,1
0.565130561121029,1.2662629840688202,-0.4934412827702668,0.4036036218895121,-0.8121375529639847,-0.36604384586671307,0.0,0.0,0.0,0.0,1.0,1.0,0.6668767809744522,1
-0.23637811285696048,1.1214155914570174,1.9269280723673197,0.7461945187784252,1.3909753766182076,0.634407628545484,1.0,1.0,1.0,1.0,0.0,1.0,2.5649090355409925,1
1.3601584975443413,-0.29647918312941407,0.1463971736945715,-0.010095961030322443,-0.794494972821698,0.31674732687199386,1.0,1.0,1.0,1.0,1.0,0.0,4.966010539567192,1
0.3242964656424908,-0.624899251786407,-1.1875352805484671,-1.9318978907035105,-0.760270112685639,0.7526382395057062,1.0,0.0,1.0,0.0,0.0,1.0,1.1325400689739924,1
-0.332303914457627,-1.5424167483333153,-0.8599397061207182,0.13814239101836429,0.648676592745618,0.9829419652717375,0.0,1.0,1.0,0.0,1.0,1.0,2.1368787708921246,1
0.9441545678280148,0.3864254745159774,-0.3904604861264371,0.04869621483777315,0.9861316111732135,-0.6259060256955583,0.0,0.0,1.0,1.0,1.0,1.0,2.0822715968368186,1
-0.6031209885080366,-0.8081469094112487,-0.13906803496521827,0.4214588591415864,0.9305716049358265,1.2119489251428914,1.0,1.0,1.0,0.0,0.0,1.0,2.1402505226756774,1
0.24144674897230273,-0.36478252510671344,-0.2568884558408459,0.3827388297072401,0.2123085651388298,0.6573508180596217,1.0,1.0,1.0,1.0,0.0,0.0,0.7186763820253531,1
-0.9555232502639874,0.16902304788239852,0.7949936246340409,-1.0490493544707842,-0.5317996242444446,-0.876875010223909,0.0,0.0,0.0,0.0,1.0,1.0,0.0975954455389696,1
-1.4467070494350451,-0.8925293697328649,-0.9732687601340924,0.16331315073505756,-1.2282489183430614,-2.2833107648403717,0.0,1.0,1.0,1.0,1.0,1.0,0.17814436524391347,1
-0.917920791459139,-0.8313891371500636,-0.6340165886234542,-0.2756084636333884,-0.9426714415834427,-0.08881172909996982,1.0,0.0,1.0,0.0,0.0,0.0,1.1701497948863107,1
-0.8382123138257279,-0.6714191675567439,0.2767572945332914,0.19823509701317427,0.4581286209198421,1.287648161285721,1.0,1.0,0.0,1.0,0.0,0.0,0.3445671559609893,1
-1.1063509431844505,-1.3065095171588708,-0.6483701046971928,-1.02384389281796,-1.0739585353597516,0.028736121371314524,1.0,1.0,0.0,0.0,0.0,0.0,0.5524223474374719,1
-0.5829121113099267,0.45673078687503166,0.03913795843418572,0.214521979745875,0.2712634542891201,-0.6167985354996943,0.0,1.0,0.0,1.0,0.0,0.0,0.790077161872201,1
0.21129355940035607,-1.3432507320017049,0.010980586326737792,2.187873165385181,0.7811173294864858,-0.5151625165527353,1.0,0.0,0.0,0.0,1.0,1.0,0.29240695144308193,1
0.6153227094457746,0.5504770389521247,-0.021023099444578926,-0.6636372242425022,-1.5563148105802451,-1.6894854083321684,1.0,1.0,0.0,0.0,0.0,1.0,0.850954177821641,1
-0.5033346255006638,0.3011966803664648,0.1913587924913701,0.053578091318332584,-1.2816499374010608,-0.617610518138261,0.0,0.0,0.0,1.0,1.0,0.0,0.4599140978447206,1
1.2350750092304748,1.0902860160695407,-0.3317883285085855,0.17354993750204106,0.14707563263611484,-0.7111432650212735,1.0,0.0,0.0,0.0,0.0,0.0,4.047416626286817,1
1.1050606023172234,1.9186233614245825,0.044011759024521445,-0.4730659702422795,-0.02040791455192079,0.6248340130558032,1.0,1.0,1.0,1.0,1.0,1.0,0.19720179310516478,1
-1.0687222909911223,-0.4871971588690668,0.5124188146586958,0.9625847708933134,1.5191490195787474,1.350320208961626,0.0,1.0,1.0,0.0,0.0,0.0,0.7577044972571999,1
-1.2380032121146898,0.0867411279894199,-0.21462418035364134,-1.3074583152144639,0.17277006975005324,-0.053894636862586415,0.0,0.0,0.0,0.0,0.0,0.0,0.6225109657815966,1
-0.3928400399810227,0.1352716857801455,0.9664619549723488,1.444191536746152,0.7032000199741197,0.7547907099331178,1.0,1.0,0.0,1.0,0.0,0.0,0.2841324389768517,1
-1.0005788080025966,-0.6243429530178102,-2.4751408474304886,-0.5301320701188772,-1.082654570378317,-1.068158872342339,0.0,1.0,1.0,1.0,1.0,1.0,0.32675918187188047,1
-0.6522772851710797,1.279900257761737,0.15953372680136202,-0.7829899155277952,-1.1506559522976947,-0.4611708530318468,0.0,0.0,0.0,0.0,0.0,1.0,0.3521168722185479,1
-1.0754643560149701,-0.04375420577306158,-0.13553982369834994,-1.6173438913306424,0.08819736149925086,0.6885363398755895,1.0,0.0,1.0,1.0,1.0,1.0,0.3974186458088822,1
-0.3102410379586342,-0.5619350384863231,0.18105516318134116,0.023570325370445143,-0.32527131219875816,0.8103215538940435,0.0,1.0,0.0,0.0,0.0,0.0,0.8843153063172022,1
0.9789078837969148,-0.13403744681005,0.48015176942940857,0.5523097612370819,-0.7909939287848952,1.018415774558201,1.0,1.0,1.0,1.0,1.0,1.0,1.5845652968958746,0
-2.0440315139139305,-0.6489484719062665,-0.9237779496199048,0.1357068299622273,-0.2039165188359233,0.3522827504490573,0.0,0.0,0.0,0.0,0.0,0.0,0.5474116502436658,1
0.96005939309335,-0.7649952104818047,1.8744585811076642,-0.8865277783138372,-0.5299898470586251,-0.676264470402207,1.0,1.0,0.0,0.0,0.0,1.0,3.785173889771501,0
0.2811911771498827,1.586706010982427,1.520623256269047,1.1626649879922957,-0.9510370076810536,-0.5869504661415695,0.0,0.0,0.0,1.0,1.0,1.0,0.8831003799918942,1
-0.5218051051045648,0.5933195744316034,1.2463070618265577,0.7838899700068176,0.8573783194460892,1.127566294518919,1.0,1.0,0.0,0.0,0.0,0.0,0.870286875481268,1
-0.2475955063763399,0.9949459360006314,0.5868800147351364,0.013167043146660907,-0.1485421133532686,-0.6601282194574488,0.0,1.0,0.0,0.0,1.0,1.0,0.46533671412763516,1
0.3373996662428755,1.0377170494980874,1.1778896998359683,0.5834948598941067,-0.22430372551543984,1.16024210126038,1.0,0.0,1.0,1.0,0.0,0.0,1.4198479420831307,1
1.0355258066074793,0.38603678725125107,1.4721785124593847,1.1167783760008447,1.529083457442525,1.0865189644008941,1.0,0.0,0.0,0.0,0.0,0.0,1.844985530155894,0
1.9381385430165035,-0.656712541600257,-0.8186841789146028,-0.9823918853453709,-1.4102878630049973,-2.5982336154554995,0.0,0.0,0.0,1.0,1.0,0.0,1.359580197346377,0
0.29293735130253634,-0.22863953282081118,1.2530503952336245,-0.8414365323292015,-0.4673677148181021,-0.9816884466280362,0.0,0.0,1.0,1.0,0.0,0.0,2.607692676656448,1
1.3634289103919157,-0.23325975644664523,0.047368456337705096,1.7995258189031889,0.009412623252310057,-0.20568090955714582,0.0,1.0,0.0,1.0,1.0,0.0,2.213382615561122,1
-0.44404435258341857,-1.2190646726883758,-0.09936078079716426,-1.2733884803535684,-0.43582240079423207,0.4583280759671323,1.0,0.0,0.0,0.0,0.0,1.0,0.6388545150566886,1
-0.49777499392384333,-0.6141468335071185,0.2692344870573227,0.7212702755916622,1.4638188965141947,1.6574270704082366,1.0,1.0,0.0,0.0,0.0,0.0,0.9392300513619362,1
-0.6883838653594034,-1.7083873181081881,-0.5527827045934641,-0.9269928204501281,-1.162783463494836,-0.33560243962118413,1.0,1.0,1.0,1.0,1.0,1.0,2.9561376475841836,0
0.6009843197671781,0.24154723377723203,0.5417806179584987,0.5729296378399268,-0.06691348555154233,1.1412314642888737,1.0,1.0,0.0,1.0,1.0,1.0,2.8959988854491274,0
-0.38712513816675187,-0.9590839422087611,-1.5456194002828212,-0.8410824175158838,-0.6378126577818709,-1.5020418605373431,0.0,0.0,0.0,1.0,1.0,1.0,0.7166910552636158,1
-1.1823740798131297,-0.43113780804846763,1.5126840628772904,1.3883746671597885,2.5377478233171704,3.0043314468891733,1.0,1.0,0.0,0.0,0.0,1.0,0.3142351107154903,1
0.5410948998164344,1.317295875794672,1.863864350279019,1.483130188272148,1.6408539764029972,-0.15372363506381143,1.0,1.0,1.0,1.0,1.0,0.0,1.5781984035189656,1
-1.1129849171940256,-2.3175863563035857,-1.9755649959306212,-1.367278066121398,-2.201566585002519,-1.9948653649729662,0.0,1.0,1.0,1.0,1.0,0.0,0.3296252065947204,1
-0.22050909480919562,-0.28987969675558845,-0.006937656783184012,-0.05667878115073855,0.5644974807540174,-0.012043927683258166,1.0,1.0,1.0,1.0,0.0,0.0,2.084895561389256,1
-1.946473584955357,-2.5351337097173685,-2.4335853738801223,-3.2372163469260173,-0.7925777691471922,-1.626859932458053,0.0,0.0,0.0,0.0,0.0,0.0,0.4183602590497381,1
0.17750496583872113,-0.2849186766712518,0.43708976283815576,1.3128245755794015,-0.3823923079387817,-1.2697648904515817,1.0,0.0,0.0,0.0,0.0,0.0,2.6635869918824304,0
1.1364342307840762,1.3128064162635178,1.7735590088774353,0.8138092700122013,-0.3120368988937198,0.6002485460450089,1.0,1.0,1.0,1.0,1.0,0.0,2.4018055635999263,0
0.5192441467253801,0.4683462826707546,0.3639345284499509,0.09344639927648997,-0.08606746019211657,-0.16751118432620246,1.0,1.0,1.0,1.0,1.0,0.0,0.5537681689408216,0
0.8510633062685485,2.091511438953956,1.4377199315576938,0.46700220485423016,-0.48054664320118506,0.11504444882005257,1.0,1.0,0.0,0.0,0.0,0.0,1.6567293700614034,1
-1.117558025834692,-0.556523762617073,-1.0158409090527412,-1.6819276573700315,-0.6175326183788572,-0.5631792202096565,0.0,1.0,1.0,1.0,1.0,0.0,0.4148043385854332,1
-0.46023873162154444,-0.739592043744683,-2.0734056674490153,-1.7208160527385885,0.11937599216651236,-0.28791577019933445,0.0,0.0,0.0,1.0,0.0,1.0,0.3482457988316456,1
-0.10084796031788358,0.06140413451620596,-0.022324984603252614,0.4083746283663112,-0.2045722758631686,-0.6470595070274149,0.0,0.0,0.0,0.0,0.0,1.0,1.0886218868923623,1
-0.3410664312226096,-0.2590261808463051,-1.9388431566082083,0.41573864113020453,0.6429163007918018,0.06411103970039525,0.0,0.0,0.0,0.0,0.0,1.0,0.41905324122414517,1
-0.770074705832859,-0.8933408828651819,0.2339075967997949,-0.09493641512176841,-0.07941596041790161,1.2216121390512127,0.0,1.0,1.0,1.0,1.0,0.0,0.39889006097533863,1
0.0016692047171636374,-0.737695769708565,1.2160146417528168,0.6846602208227913,0.6663002833078805,1.9019119068972083,0.0,1.0,0.0,0.0,0.0,1.0,2.1840404780746816,1
-0.9007378632901158,-0.2765520322919846,0.5004459025313936,0.29501720732913667,-0.5793745941139788,-1.6343615431666698,0.0,0.0,1.0,0.0,1.0,0.0,1.7528688368417131,1
0.7443076168864999,-0.6293432140447808,-0.607061301886039,-1.7500347965647096,-0.937341012059025,-1.3396911219960521,0.0,0.0,1.0,1.0,1.0,1.0,2.748307320552975,1
1.5329655679414218,0.9754511720343251,-0.500653960733197,-0.2411032160619743,-0.7306419306827567,-0.7432962819497411,0.0,0.0,0.0,1.0,0.0,0.0,0.18539886171447303,1
-1.2030250628240846,-1.1938286176311304,-0.7862355401380487,-1.7204281757881719,-1.057859835820434,0.029533934359216554,1.0,1.0,0.0,0.0,1.0,1.0,1.1189572670867234,1
-1.9994661924649795,-2.5079971386478186,-1.4103254283365285,-0.15089620886930322,0.6652604069105955,0.46038087948264683,1.0,1.0,0.0,1.0,0.0,0.0,0.27618946797655564,1
-0.4370988677261965,0.4323297153180227,1.1805649512130365,-0.8846624901613008,-0.3670449484159973,0.05363010992811411,0.0,0.0,0.0,0.0,0.0,1.0,0.2614985054909284,1
-1.107220636183649,0.4410898880963981,0.881826907846298,-0.16115021639043917,-1.847393596901403,-0.17495320686273397,0.0,1.0,1.0,1.0,1.0,0.0,0.3063354317344857,1
1.995437617214256,1.0192633742965902,0.20552580642929677,-0.012821774141107727,-0.17550116773230268,-0.4102271921462023,0.0,0.0,1.0,0.0,0.0,0.0,1.7256292020654498,1
1.0755515974273238,0.3396921692166565,0.7839655858673589,-1.3479053083405614,-0.13940542989584692,-0.6805088733532075,1.0,0.0,1.0,1.0,1.0,0.0,3.338363344595393,0
-1.0532031267221995,-1.9498406992338504,-1.2249801651395353,-0.3624255333024481,0.26386545486670177,-0.07083565349064837,1.0,0.0,0.0,0.0,0.0,0.0,1.5935368943561736,1
1.768358561472509,0.8113916540256666,-1.4327081740009822,-1.0110405264382358,-0.3206497329384962,-0.4595439632978179,0.0,1.0,1.0,1.0,0.0,0.0,1.4714205991004243,1
0.04656355790669485,-0.7272404668435186,0.6441270933955939,-1.2359098551373486,-1.7812350196435625,-1.4664233354436296,1.0,1.0,1.0,1.0,1.0,1.0,3.360733488645555,1
-1.3747079858702227,-1.5306911716808407,-0.6582660956252098,0.3470183375282445,-0.005609246392936803,1.2121388359347351,1.0,0.0,0.0,0.0,0.0,1.0,1.167237319154419,1
0.36321841211663203,0.7883994431602568,0.34162971620549326,0.48088159690751264,-1.1346170163737517,-1.447325354514659,1.0,1.0,1.0,0.0,0.0,1.0,1.1404503616662642,1
-1.6343067424978193,-0.24258227479041622,-0.743810089385528,-0.10223852583243317,-0.09429694132751988,0.4067231024514754,1.0,0.0,0.0,0.0,0.0,0.0,0.34864678845122277,1
-1.3721517470378954,1.27049343552118,0.16116739255757045,-0.8319340502001172,-0.04287604503142195,0.15402156777303622,0.0,0.0,0.0,0.0,0.0,0.0,0.3859726917526828,1
-0.013875452913094688,-0.554504231563022,0.7627806722444476,1.1222833611104959,2.111987727184966,2.1824858655011834,1.0,1.0,1.0,1.0,1.0,0.0,1.690095804156065,1
0.5777397812523487,0.6261251073114977,-1.7122632288269939,-0.05004774468487208,0.8556439893482138,0.8165876481271885,1.0,0.0,0.0,1.0,0.0,0.0,0.42085405930081465,1
0.27651408342877787,-1.0172106294819732,-0.7196678521156414,-1.7690452759533273,-1.4074784583611917,-0.7866672684069616,0.0,1.0,1.0,1.0,1.0,0.0,1.1977673737583616,1
-0.8443029154376255,-1.2728731490966088,-0.9499948557487082,0.2440405056383504,0.11340909550959918,0.6767076279612116,1.0,0.0,0.0,0.0,1.0,1.0,0.6011237444509124,1
0.12476812406834294,-0.5418370225740561,-0.6256313720484629,1.529155044246622,0.4095885597627212,0.4471243452819675,0.0,1.0,0.0,0.0,0.0,0.0,0.5866001476888547,1
-1.3017220599361519,-1.6381403738230893,0.035325817469325935,0.8442294265718494,-0.46857194221158094,-0.8025191261146618,0.0,1.0,1.0,1.0,0.0,0.0,0.17069483374680997,1
-0.2914978009976915,-0.46522598152794115,-0.25661526301524445,-0.6294251257335852,-0.6968579535804772,-1.7039065780019176,0.0,0.0,1.0,1.0,0.0,1.0,1.4689886497199338,0
-0.47265891707034147,-1.5477734737754991,-1.1158570566778656,-2.9624096804558477,-1.7468289962560741,-1.1365669039522037,0.0,1.0,1.0,1.0,1.0,1.0,1.548827409329876,1
0.2093740960402989,-1.2890141007782427,-0.006608856810538084,-0.7323183401701744,-0.016635742733816072,-0.08095870129705095,0.0,0.0,1.0,1.0,0.0,1.0,3.004611170819679,0
0.7788752233460019,-1.5596727556858698,0.37116722436346483,-0.20796652469416152,1.281336756007098,-0.03743766983095287,0.0,0.0,0.0,1.0,0.0,1.0,2.1121214645493005,1
-0.2971115127995295,-1.6969208796431763,-1.4286796418572205,-1.4323462770957658,-0.5410239169195304,-1.242351869316744,0.0,1.0,1.0,0.0,0.0,0.0,1.207370367853024,1
-0.040741953098492996,0.017659299531903393,1.6124260869299527,0.6719106573008992,0.9238884765365641,0.8048007569674684,1.0,1.0,0.0,1.0,1.0,1.0,1.629589304049386,1
0.5447429816026789,-1.165786436860557,-0.2815334497773007,-0.2983590376959168,-1.5713357433860058,-1.0976462720675861,1.0,0.0,0.0,0.0,0.0,0.0,1.0576614832143645,0
0.3227549720430303,0.8401350103987184,0.6259589691131634,-0.33044089762777107,-0.21260716970039586,-0.9345510224685881,0.0,0.0,0.0,1.0,0.0,1.0,1.2391483656339828,1
0.941316878997425,0.14947066714216414,0.24328463686000518,-0.3177885585599829,0.05785751839366722,-1.8659260376748674,0.0,0.0,1.0,1.0,1.0,0.0,1.4943174574232108,1
0.6085647619999177,1.3660604130161706,0.412955929734176,2.214411461387809,1.1258467462892334,-1.483765621084301,0.0,0.0,0.0,1.0,1.0,1.0,0.3898949939887114,1
-0.9694651527120915,-0.47303390848433413,-2.4092240637350457,-3.3039242064453136,-1.2766175792430647,-0.06095323162988235,1.0,1.0,1.0,0.0,1.0,1.0,0.14208927353912798,1
-0.7550069837288825,-1.199181540905703,-0.5852603213459409,0.6417005241408474,0.7960116931062404,1.5385600536760968,1.0,1.0,1.0,1.0,1.0,0.0,0.18667463633110057,1
0.692414978905217,0.4181058101238247,-1.3885057265181826,0.7985920757747503,0.9350737397495001,-0.2606891301575474,1.0,0.0,0.0,0.0,0.0,1.0,1.8488136380085494,1
-0.5720659098237102,0.34352223772795415,-0.4887575091023393,-1.00422759033297,-1.9347662813879194,-2.3414536175932286,0.0,1.0,1.0,1.0,1.0,1.0,0.3102222431353387,1
-0.6730735855586545,0.3707393818912352,-0.11361231898728208,-1.8163545489972792,0.016083332073593172,0.6055526582960936,1.0,1.0,1.0,0.0,1.0,0.0,1.5392504812940888,1
0.45363492116728404,-0.30897083886729165,0.09695033949137308,1.3559037889124756,0.09442821933913309,-0.18058559773233526,0.0,0.0,0.0,0.0,1.0,1.0,1.390805729075293,1
0.548400558088654,0.5138436417804677,1.4057205450584342,0.15639605170224188,-0.6336534376492254,0.8690311621680816,1.0,1.0,1.0,1.0,0.0,0.0,2.7081310917378043,1
0.9241817081513131,0.25767834863804473,1.8742832212077436,1.5841668314143327,0.26887634246502123,-1.0194878527172646,0.0,1.0,1.0,1.0,1.0,1.0,1.0828440668604153,1
1.918106686277026,0.8725807875834783,0.0407480107252657,-0.9027460531098689,0.17082182813046473,-1.8911411248885888,0.0,0.0,0.0,0.0,0.0,0.0,3.5962543291099456,1
-0.47398625979102255,-3.164519068234944,-0.5906867631962943,-0.1627251577065198,0.3261840525362523,1.7568719868607356,1.0,1.0,1.0,1.0,1.0,0.0,2.9955881906511053,1
-1.4759754000671788,-0.06417461395757858,1.004786223068397,1.118469146722092,0.6736516680080832,1.1209427980214046,0.0,0.0,1.0,1.0,1.0,1.0,1.0508272479650838,1
-0.1773152112246484,-0.4502761307423742,0.08160988171553256,-0.402546535525105,-1.8084336985928975,-2.5884133304930583,0.0,0.0,1.0,1.0,1.0,1.0,2.1164526460826387,1
-0.19427852428715944,-0.6062431165956682,-1.211818282989284,-0.869107360460357,0.4099299830639868,-0.9026584166165081,0.0,0.0,1.0,0.0,1.0,0.0,2.0016999731193734,1
0.2819869910083696,0.7103850072008804,1.4550375971235456,0.7219751428441007,-0.5255731114751997,0.9621966600195804,1.0,0.0,1.0,1.0,1.0,1.0,2.6123292639731504,0
-1.4321322166837582,-0.34632694494084837,0.4842108555751154,-0.38882571954787626,-0.0275835896927439,0.8855178831750166,0.0,1.0,1.0,0.0,0.0,1.0,0.5114143849897085,1
1.3370467906009438,1.4773207423680161,-1.0970530308723585,-0.780795594459112,-1.7232324088897744,-1.1731999636070511,0.0,1.0,1.0,1.0,1.0,0.0,0.4198902360038749,0
0.012429518337245532,-1.0641069381159824,-0.33567024961673164,0.6179746159714535,-1.1291097671440598,-1.4052146094816356,1.0,1.0,0.0,0.0,1.0,1.0,0.9874424846194666,0
-0.8491387709297747,0.23071435626556652,-0.7078022110129397,0.7128488124429411,0.14191765647871274,-1.7842855951393937,0.0,0.0,0.0,1.0,1.0,1.0,0.4204132096425507,1
0.13091357304204967,1.2245889433717918,0.46110744721824437,1.036336664829316,0.4862823105995113,0.14197931777023443,0.0,1.0,0.0,1.0,1.0,0.0,0.2224743289568477,1
-0.6274896086157016,-0.8837021278230981,-1.0389396630417846,2.4175819493125443,1.307958358564461,0.3978327602842691,1.0,1.0,1.0,1.0,1.0,0.0,0.5383558360477543,1
-0.22139725409320737,0.11369975512226863,-0.14383641709502668,-0.03140705784022494,-1.3835696622392115,-0.921031019735437,0.0,0.0,0.0,0.0,0.0,0.0,0.6650863765677029,1
-0.7372843529283349,-0.28694690698588504,0.8479206838992532,-1.0594182180883203,0.013619191576396752,-0.05014775109189492,1.0,0.0,0.0,1.0,1.0,0.0,1.1647229032567217,1
-1.770318003112124,-1.5736791947296958,-0.7546930718450284,-1.1192926791257947,1.0112280570683987,1.0307903007988928,1.0,1.0,0.0,0.0,0.0,1.0,0.17155931376043146,1
0.07267337029432101,-0.5508312265495934,-0.4952983483443884,-0.28286373543832155,0.5029598304515003,2.1324393405230335,1.0,1.0,0.0,0.0,0.0,0.0,0.3188719425145268,1
0.9287493592003989,1.3508917409017278,1.197455231718423,0.4483219796660636,2.299985158338368,0.06694317599433391,0.0,0.0,0.0,0.0,1.0,0.0,1.6708628580205047,1
0.4124190281306543,1.8762506727998027,0.3118237610809137,-0.48847182401923667,0.9075684345865814,1.7616474063935763,1.0,1.0,1.0,1.0,1.0,1.0,1.255390583517142,1
0.28698199320417295,1.2925340930424443,-0.19750836402876473,-1.960827434034431,-0.89109078573193,0.15900981278926238,1.0,0.0,1.0,0.0,1.0,0.0,2.1494294708004635,1
-0.3314842484418189,-1.8636452209417347,-1.654857376789604,-2.3650814990694906,-1.780791747965735,0.09776078469185691,0.0,1.0,0.0,1.0,1.0,0.0,0.7482558217466472,1
-0.3917071872386627,0.25756203090371327,0.008985476657929658,-0.7973437041216638,-1.2905503901637814,-2.0789018456042645,0.0,1.0,1.0,0.0,0.0,1.0,1.1815893569653737,1
0.8344301519384864,-0.42526361986662037,-0.08960282459716044,0.9785346618762364,-0.09231372046601703,-1.4522790096241212,1.0,0.0,1.0,1.0,0.0,1.0,0.6563452016781329,0
0.20006666856608868,-0.343562584518079,-1.5892509639432515,1.231442237709368,0.4805985002384869,-0.15905706796417,1.0,1.0,1.0,1.0,1.0,0.0,1.5231896909557243,1
0.2741973086599156,-0.6128786318131494,0.8114798036631274,1.0807307040610088,0.0029193440547756297,0.6929089314230032,1.0,1.0,0.0,0.0,0.0,0.0,1.9702541339915711,0
0.3015774286740611,0.09441928032444263,0.39242656974045886,-0.8659133008691323,0.6595446076843824,0.9983290835396987,1.0,0.0,1.0,0.0,0.0,1.0,0.6321871806163902,1
-0.5948800829334607,-0.45407538402208103,0.2574258477310135,1.1701896583403044,0.7594732591763992,1.440671177254055,0.0,1.0,1.0,1.0,1.0,1.0,0.3119345011085676,1
0.3302074340957893,0.6379294008365863,-0.7071214415059219,-1.202570142788487,-1.0827016673431058,-1.0664111606082158,0.0,1.0,1.0,1.0,1.0,1.0,0.6409476818202028,1
0.6942030857447418,-0.05376292181820293,-0.3773052143243757,0.32549410749805335,-1.1054119208822903,-0.2017970721084338,0.0,0.0,0.0,0.0,1.0,1.0,0.958644044367373,1
0.9528122258084435,0.7990700503123744,-0.05774966464201065,1.4782262035732905,0.2052585074387784,0.5634923883570134,0.0,0.0,1.0,1.0,0.0,0.0,1.6299506229254086,1
-0.3243791900183884,0.5768569559495546,0.5474061128087195,0.8553294310385094,0.2938948454464504,-0.12091232716423696,1.0,0.0,0.0,1.0,0.0,0.0,0.22313440232958956,1
-0.00676891296854008,0.5320921805090307,0.9000385363486267,1.236348557355527,-0.6391908637484184,-0.8220042097509517,0.0,0.0,0.0,1.0,1.0,0.0,0.42073686299033103,1
0.1701566182956891,-0.6313621082482936,0.6960028386858699,0.6971244829305159,1.0303270086752936,1.9108661717114426,0.0,0.0,0.0,0.0,0.0,0.0,0.7038036202175685,1
-0.7375613070499883,-0.6647463554588247,0.5422029961210215,1.3540971123144856,0.6181470514437446,0.5150295020406607,0.0,0.0,0.0,0.0,0.0,0.0,0.9463698281227941,1
-1.2444284236743428,-0.35652314381177524,-0.7497440493372408,-0.12502328427602258,-0.6193141761785367,-0.9602727627015849,1.0,1.0,1.0,1.0,1.0,1.0,1.2580821868128307,1
-0.903752413302685,-0.46144101283425526,1.138335882948905,-0.316983860473369,0.013731405821629907,0.43033517576644514,1.0,1.0,1.0,1.0,1.0,0.0,2.6027292534791333,1
-1.4779427299346986,0.15335293862437843,-1.630492333363243,-2.38397977855475,-1.2810532465916595,-1.330079200515453,0.0,0.0,0.0,0.0,0.0,1.0,0.1965632691210344,1
0.39731419644292093,0.5445022756352714,0.4270577716031398,-0.41456970425666323,-0.14423236016308805,-0.4127351702148922,0.0,0.0,0.0,0.0,1.0,1.0,0.6885322607715588,1
-0.6423927582017123,-0.014890495672618784,-0.3232831896311831,0.19799003780088123,-0.1899678769810137,-1.3462161479658301,0.0,1.0,0.0,0.0,0.0,0.0,0.6451040502028338,1
1.5259264643934265,1.490239831779584,1.2884810141019845,-0.09929184574078105,0.026064325324595447,-0.41449182193930384,1.0,1.0,1.0,0.0,0.0,1.0,2.496881902438097,0
0.3795290403428144,-1.22072158589795,-0.30198569216857235,-0.6603297563732367,1.0882905498487059,0.41663874844690524,0.0,1.0,1.0,0.0,0.0,1.0,1.2203539245152315,1
1.7925403822554091,1.756694451613312,1.926333666717353,1.5086668050930605,0.7194044403373534,-0.12518829069507523,0.0,0.0,0.0,0.0,0.0,0.0,1.0854186238809307,1
-0.010511262134897871,-0.3654970012393888,-0.5974851952226529,-0.6507691746665346,0.4134857102622699,0.19954824020253797,1.0,1.0,0.0,1.0,0.0,0.0,0.8434457860989162,1
-0.6057847841259287,-2.354437463802756,-0.8927117203325097,0.8352889001383967,-0.7026536896756796,-1.2596606172788722,0.0,0.0,0.0,1.0,1.0,1.0,0.9004824983995672,1
-1.3510754013817163,-0.8353192676505755,-0.7612344288628753,-0.743575682221515,-0.2705802667615796,-0.5233164625834047,0.0,0.0,0.0,0.0,0.0,0.0,0.5925076787688753,1
1.3391161995015752,0.7199160357788148,0.6436699442843576,1.1272397822798408,1.9077510399782744,2.0653127651773686,1.0,1.0,1.0,0.0,0.0,0.0,0.512117045883405,1
-0.370698648376073,0.1840234112686154,-0.9945864606523713,-0.982633581176344,0.588046176156121,-1.0289719820577532,0.0,1.0,0.0,0.0,0.0,1.0,0.15222753774531353,1
0.614373318614802,-0.31680141163328074,-0.32524187354603007,-0.2255571210046616,0.46495504390812403,0.5879848844368866,0.0,1.0,1.0,1.0,1.0,0.0,1.8035538806669156,1
-1.2821355668002816,-0.9846423647774695,-1.7628499469641097,-1.3070076418906773,-2.0006966469977168,-1.6909818014566766,0.0,0.0,0.0,1.0,0.0,1.0,0.3123302223131831,1
0.6389399391327859,0.015004660885294063,0.26049658561495886,-0.8114924875663027,-1.9494465660931712,-1.3132698834488192,0.0,0.0,1.0,0.0,1.0,0.0,2.009011827068953,1
-0.037185065332607785,-0.41427400349258586,-0.07310091444410985,0.8439158869136356,0.282772178736752,1.707854756020076,1.0,1.0,1.0,1.0,0.0,1.0,2.075591091146531,1
-0.263112256358958,0.3529970513476477,-1.5072659264584614,-2.4032525412566317,-0.4067891190968087,-0.912055512802777,1.0,1.0,0.0,1.0,1.0,0.0,0.2541680839928087,1
-0.36185018222590726,-1.398280231307516,0.3693953113279867,-0.8523728129061693,-0.5932698638334518,-0.7495887760771969,0.0,0.0,1.0,0.0,0.0,0.0,0.36125641213925747,1
0.21214149355540568,-0.6140349495297774,0.39998283141011665,-0.5895527877322017,-0.4058292953932416,0.3330566182458215,1.0,1.0,1.0,1.0,1.0,1.0,1.5595588015950013,0
0.6639948197897598,0.07859962858106145,-0.8593881399806407,-1.3087251484524154,-0.5878595366430035,-1.3394148679524855,0.0,0.0,1.0,1.0,0.0,1.0,1.8932020888413679,1
-0.664295213482138,0.8801287777079942,0.17917398655205283,0.12010956257487336,-1.397876485270746,-1.6627052017924044,0.0,1.0,1.0,1.0,1.0,1.0,0.26736563330584023,1
-0.4815439418208077,0.01592237213386224,0.4599051598004128,-0.0955906118939629,0.6373705296185477,0.11251458697954955,1.0,1.0,1.0,1.0,1.0,1.0,0.9751185453420079,0
-0.4509821774229284,-0.8747677226967985,0.30356476497904555,-0.028393173917915914,0.11284118450315984,0.1906552002878701,0.0,0.0,0.0,1.0,1.0,0.0,0.9990743914456073,1
0.8080791248605678,0.2345499361820222,-0.21392618225007215,0.08301266949460699,-0.8146228201231912,-0.8883398382707959,0.0,0.0,0.0,0.0,1.0,0.0,1.6319957389866124,1
-0.8089703479765689,0.29661916423427054,0.2979710218188468,0.7688803854049154,1.1097731101200716,0.8004525007746855,1.0,0.0,1.0,0.0,1.0,1.0,0.7965649241282461,1
-1.576751525163853,-0.4220689227146502,0.6339295675935415,1.130161500988584,0.11262802690658547,-0.15391840000431145,1.0,0.0,0.0,0.0,0.0,0.0,1.7893140793258466,1
0.31132007116735055,0.2484751068987084,0.34809986588801844,-0.13815552565307207,-0.18713144383806532,0.2916282893743281,0.0,0.0,1.0,1.0,0.0,0.0,1.1491893298328262,1
-0.18076411864396924,-0.6350202202449247,-0.894907772418689,-1.4270001441577065,-0.22194234887033554,-0.7226205881205627,0.0,0.0,1.0,1.0,0.0,0.0,1.1006872233043505,1
-0.1689470720777818,-0.2888084040432662,-0.7555394120508423,-0.23268197444186817,-0.8576984333690499,-1.371003286428868,0.0,0.0,0.0,0.0,0.0,0.0,1.1947242380403869,1
-2.0414817555058877,0.055404290100204326,-1.0485368173667038,-0.8032847930720013,-0.650590949831267,-0.21536576516354256,0.0,0.0,1.0,1.0,1.0,1.0,0.18467205305919934,1
0.5673970659150729,-0.6854370445671889,0.3353465368994385,-0.06534470218783117,-0.42951001486923895,1.0927126500957602,1.0,1.0,1.0,1.0,1.0,0.0,2.6696634491430533,1
0.03869011547615528,0.951907443599009,0.41078361987675616,1.0396067303233947,0.8040911392985917,0.9785962398274546,0.0,0.0,1.0,1.0,1.0,1.0,0.9948992436469127,1
0.7058391254132657,0.14924518235821635,-0.46563858259655727,-0.7053207244108973,-0.4577514617897913,0.48471327911623757,0.0,0.0,1.0,1.0,0.0,1.0,1.7092610319001966,1
0.2893217185368217,-0.7450174814784898,0.6223289298739934,0.7941989025566123,0.1253326891330897,-0.7893618127684103,1.0,1.0,1.0,1.0,1.0,1.0,0.791799070874639,1
-1.0352227781052021,-0.013560395290340447,1.4449792817261067,-0.018972376297061076,1.512356727218868,1.091159163430901,0.0,1.0,0.0,0.0,0.0,1.0,0.591841393647681,1
0.2830512666023309,-0.833400271733938,-0.8631197948280206,-0.8614074950772602,-1.9681014748689194,-1.4819195430664678,0.0,1.0,0.0,0.0,0.0,0.0,0.44590599975716566,1
-0.25317612968163633,-0.2882351104660603,-0.7457968215863874,-0.20835440393283855,-0.24689801832613467,0.9134137525788488,1.0,0.0,0.0,0.0,0.0,1.0,1.4127676301863388,1
-0.20547499591161422,0.5912599792090912,-0.2504386138436345,1.3224335334561927,1.630243865257836,0.7439943943944954,0.0,0.0,0.0,1.0,1.0,0.0,0.6745145080481239,1
-0.847442523684158,-0.14949340781194753,-0.915131523947465,-0.5246906697741833,-1.064758402796291,-0.27508701854054923,0.0,1.0,1.0,1.0,1.0,0.0,0.4101111846604172,1
0.3395299542458866,0.581106387411021,0.15189981690903065,0.08651843611565325,-1.3311962209901946,-1.0440144323297638,0.0,1.0,1.0,0.0,1.0,0.0,0.7961918904609099,1
0.5244330944360428,-0.3987293953088191,-0.20225482374220713,-1.1632574693718114,-1.7999266441636743,0.17401192443986424,0.0,1.0,0.0,1.0,0.0,1.0,0.6966779812431945,1
1.1704250261948608,0.5128128404417402,0.7364959322566574,0.8131828563681099,-0.1000299092819148,-1.9018983227501287,0.0,0.0,0.0,0.0,1.0,0.0,1.5990696935927158,1
0.9912155630172864,2.0862896223959133,0.806361828713407,0.7860022311206943,1.12421086025651,2.0574186304999573,1.0,1.0,1.0,0.0,0.0,0.0,1.0395346831095846,1
1.7567675633870334,1.0098393307955924,2.08066287394088,2.028648270886174,1.2650588626590589,0.2561981318852833,0.0,1.0,0.0,0.0,1.0,1.0,2.8709442555894014,0
0.615887725810606,0.3704562625027984,-0.44484867669525785,0.7230008544838241,1.7840635762235335,0.9064067668276975,1.0,0.0,0.0,1.0,0.0,1.0,0.47468670486345854,1
-0.012150022595972873,0.40143781051629723,0.08093239361889427,-0.5392398988625955,0.28976447625972335,0.5717288658001503,1.0,1.0,1.0,1.0,0.0,1.0,0.7965139846346885,1
-0.5103561602100923,-0.17685057581672511,1.0139720842475646,0.2259250222734342,-0.3827476980967459,0.6729576269065873,1.0,1.0,1.0,0.0,1.0,0.0,0.4474508144456161,1
-0.08920868177993978,-0.6279560600230015,-1.3960271473228498,-0.5127362376687409,0.8165052112536405,0.4102781665313361,1.0,1.0,1.0,1.0,1.0,0.0,0.7778615690181566,1
-0.16661040437126334,-0.1725913817358468,-0.6129486559208839,-1.0066416189121785,-0.5886786206361628,-0.1788872636665523,0.0,0.0,0.0,0.0,0.0,0.0,0.4750954821351178,1
-0.7511144442516711,-0.5027443473148037,0.03342532785718534,-0.4792455301605935,0.03578228578167539,1.0131354846202938,1.0,1.0,0.0,0.0,0.0,0.0,1.4783707756022169,1
1.64263393510605,2.424931270685409,0.7661826867790591,1.8517150566276308,-0.6750928168111497,-1.6468883478033025,0.0,1.0,1.0,1.0,0.0,0.0,0.2343309887844226,1
-0.031677718430664366,-0.06825606679694143,-0.9344069717428514,-1.5346462096528612,-0.7873931846714612,-0.5812970047614285,1.0,1.0,1.0,1.0,1.0,1.0,0.8419473757358323,1
-3.0565174443542262,-1.4168929332028084,-0.249330143241401,-1.4356267088298702,-0.5360368906786128,-1.1400445587268055,1.0,1.0,1.0,1.0,0.0,0.0,0.11367505204977625,1
3.3470527558431544,1.1889100958932393,-0.7992885238908298,-0.8596940777398254,0.5668847639398705,-0.14652759027313145,0.0,0.0,1.0,1.0,0.0,0.0,2.205536152400089,1
-1.9231157677489665,0.36885181783467785,0.5989366134460294,2.1073408439223935,0.6556590927071523,0.7595001767508758,0.0,1.0,1.0,0.0,1.0,0.0,0.2613582370489703,1
-0.8902001628857078,-1.1646766987059602,-0.9085556931337271,0.18358209600037326,0.840103667097321,1.320059852969984,1.0,1.0,1.0,0.0,1.0,0.0,1.4386124354656564,1
-0.7152115648043319,-1.003848253888512,-0.22904671884072195,0.19056447736045773,0.613068409409038,-0.664251643751922,0.0,1.0,1.0,1.0,0.0,0.0,0.6965335450700522,1
-2.15120071556514,-0.8886335000323424,-1.9521875702118963,0.35462851353802344,1.2050470551046841,0.23598764591650437,0.0,1.0,1.0,1.0,1.0,0.0,0.19225271349523018,1
1.0188754184296176,-0.07067440302703684,1.144608175273939,-0.0026621565326267124,-0.6311544084338505,-0.33619379262451,0.0,0.0,0.0,1.0,1.0,1.0,4.067297335657597,1
-0.24615951493494684,1.6360353559090393,0.6354917788344983,0.40055807946123545,0.40977581659941137,1.729022661774108,0.0,0.0,1.0,1.0,1.0,1.0,0.671009970208416,1
0.7282778610092977,-1.390018065977406,-0.611907839793232,-0.5005798559318267,-0.2563812588437409,0.34548264885282143,0.0,0.0,0.0,0.0,0.0,0.0,1.8057718389012019,1
-0.7736052966114725,-0.65677481513866,-0.6734583700688694,-0.6537385984449021,-0.9618825297967033,-0.17309445361672762,0.0,0.0,0.0,0.0,0.0,1.0,0.5507600046149929,1
1.5241686587989043,1.4347808074622492,0.14615851976901845,-0.13637155740380588,0.5396414382513551,1.4770805257504775,1.0,1.0,1.0,1.0,1.0,1.0,1.45586569819926,1
1.9412062572364284,0.3892230362081572,0.218819815634959,-0.6247032186125515,-0.6492391929800572,0.6404041608786074,0.0,1.0,1.0,1.0,0.0,1.0,3.165104645083686,1
0.7363588456955638,0.566786130011604,0.23438719378951817,-0.8838547689875115,-1.3151362491496288,-0.21314186743361846,1.0,1.0,0.0,1.0,1.0,1.0,1.467786918601514,1
-0.1302222995840753,-1.2881951747787659,-1.8859502324130257,0.8195847847979911,-0.6855587729084637,-0.3460102497179684,1.0,1.0,1.0,1.0,1.0,1.0,1.619078901595368,1
-1.2478078368066212,-0.19132140573277787,-0.4556455223389649,0.6987338710631699,0.3753672187657169,1.4931886561932344,1.0,1.0,1.0,1.0,0.0,0.0,1.550516127109501,1
0.6442596488909149,-0.7195715747184364,-0.9971203396649745,-0.2747002309126312,-2.354044851660898,-2.039169915719916,0.0,0.0,0.0,1.0,0.0,0.0,0.15491649983925257,1
-0.14552846194495908,-0.7422027143692528,-1.3965559478804837,-0.5995451086568121,0.6178606727599073,1.515186836881826,1.0,1.0,0.0,1.0,1.0,0.0,0.6800867444926486,1
0.37928805898763884,2.113782407553853,2.459914900000809,0.7059663030763484,-1.369779261745139,-0.6685275011433153,0.0,0.0,0.0,0.0,0.0,1.0,0.8230433729935039,1
-0.7571105379705179,0.17039800207146927,0.5004339437201385,-0.858068118488984,-0.09378471809491133,-1.9464257357691337,0.0,0.0,0.0,0.0,0.0,0.0,0.6107598987248088,1
-0.023667269220597746,-0.5733441342700748,-0.3879898018938021,-2.0086205381372895,-0.41223574498226534,-0.6331556492952566,0.0,0.0,1.0,1.0,1.0,1.0,2.4234760727183855,1
1.1662479733696685,-0.1533644445502667,-1.0387204910449501,-1.729639322651873,-0.5959451565592128,-0.0680820853100366,0.0,0.0,1.0,1.0,1.0,1.0,1.6756579407736272,0
-0.7092117267421506,0.2770289347039933,-0.45585905554622286,-1.66735826341575,-1.1357116949805706,-1.095896796358932,0.0,0.0,1.0,0.0,0.0,0.0,0.8617132423651338,1
0.9238698647491335,0.7596017957361636,0.011905391957126393,0.49729562401826555,0.33508883860577576,-0.10979467905150053,1.0,1.0,0.0,1.0,0.0,0.0,1.3249389693868698,0
-1.301944164787806,-0.423109338211108,-0.22463106371837008,-1.2074739107223678,-0.8732625360615439,-0.6022684546792011,0.0,1.0,0.0,1.0,1.0,0.0,0.3361111043737502,1
0.6543735040618895,0.22960007586737288,0.9469203262007586,-0.13439576929178612,2.1421694560562683,1.8637811668948363,1.0,0.0,0.0,0.0,0.0,0.0,3.138274206203268,1
-0.2608002578579288,1.3212363011725095,0.18750641937613885,-0.06354982321110964,0.5862340004217296,0.07709576594497632,0.0,1.0,1.0,1.0,1.0,0.0,0.20420089339101324,1
0.11241364903388915,0.37628273473955653,-0.08034108340053428,-0.6250311439498218,-0.7868827979339656,0.2973175639713475,0.0,1.0,0.0,0.0,1.0,1.0,0.3334407283487904,1
0.07799757004157414,0.5592733921579012,-0.3045520096276347,1.6750685915128884,1.25435287747777,0.4899413610285378,1.0,1.0,1.0,1.0,0.0,0.0,0.522021354559832,1
-0.6011728082887051,-0.19815826426275565,0.5421574539732112,0.2518143578081903,-0.7273070152672664,-0.11218347861963315,1.0,1.0,1.0,1.0,1.0,1.0,2.889018979606861,1
-0.15805287697315806,-0.8590261921350769,1.1754765298971261,-0.8177205637975415,-1.1837446746424845,-0.3874964066227729,1.0,0.0,0.0,1.0,0.0,1.0,2.9264948339084498,0
-0.40846299934211716,-0.15433544091422596,1.1212314869960052,0.6045378667026491,0.8408533707720315,1.5172533707916187,1.0,1.0,0.0,1.0,0.0,0.0,0.727055696694011,1
-1.3240103693818708,0.4795062720564366,-1.3513734837721814,0.053933729985597444,1.2135143218494127,2.391337715016522,1.0,1.0,1.0,1.0,1.0,0.0,0.19666405408269405,1
1.7799169642219852,2.2851847375525596,0.7267338834786525,1.0895422006487023,0.20913241484726447,0.6288850305031106,1.0,1.0,1.0,1.0,1.0,1.0,1.9503588571961716,1
0.3077665911395784,-0.4900571453915389,-0.42088283180095604,-0.6930694985777454,-0.3660716310318009,-0.4108430394757325,1.0,1.0,1.0,1.0,0.0,0.0,1.2472161200454797,0
1.454946711507864,-0.25170811743587135,-1.3252599953403192,-0.4251527622496889,-0.4657345368170401,0.8728145794856124,1.0,1.0,1.0,1.0,1.0,0.0,3.562112644379629,1
0.2906186759028383,-0.5545022125625431,-0.10146114189586253,0.29330675475956497,-0.2804047069793242,-0.8205631888845648,0.0,1.0,1.0,1.0,1.0,1.0,1.181597882176875,1
1.819926497819273,-0.7418757835132741,-0.35151022175029495,-0.19666537554988367,-0.7737289208893189,-0.5846198793437126,0.0,0.0,0.0,0.0,0.0,0.0,1.292078296354485,0
0.4260686500509578,-0.6962208504710948,-0.5917065368582188,-1.7460982288927722,-0.9712972537197418,-0.21362097962762527,0.0,1.0,0.0,0.0,0.0,1.0,0.3485654799327523,1
0.8913848400103711,1.655061788106386,-0.025935347739341086,-1.0328662973071363,-1.358799493383193,1.2090570638881633,1.0,0.0,0.0,0.0,0.0,1.0,1.2225498559502608,1
1.1701492675771081,0.2996549048320961,0.05309457916134797,0.07847711245386015,-0.4416755765329858,-0.6651197197281723,0.0,1.0,1.0,1.0,1.0,1.0,0.6841523571908169,1
-0.7421465722327183,-1.5308641982762592,-0.9671221311639029,-0.4488901556138611,0.7785658412905818,0.7498076608274297,1.0,1.0,1.0,1.0,1.0,1.0,1.086066893244883,1
0.21331979376369667,0.4855773301252144,0.6070954342699197,1.860423792395704,1.1791336637586716,0.14594539084136504,1.0,1.0,1.0,0.0,0.0,0.0,1.183616050584929,1
-1.2898207437675617,-1.4562673074572516,0.0816166815396235,-0.13733146810066993,-1.530003506879108,-2.33353267655335,0.0,0.0,0.0,0.0,1.0,0.0,1.0257782344388395,1
0.0876409835020605,-0.7176458814185869,0.3347967866491784,-0.024266249934852577,1.4510808920267209,2.264297758354193,1.0,0.0,1.0,0.0,0.0,0.0,4.921154624829038,0
0.5650457329084663,0.019069060976864248,-0.6606357793153403,-0.4027687543283541,-0.14919552304204803,1.0204363961446103,0.0,1.0,1.0,0.0,0.0,1.0,0.6054138497740469,1
-0.6064204723323331,-0.07323860364440736,1.4261699487790425,0.9891239985834933,1.4368190897479562,1.363932930008611,1.0,0.0,1.0,1.0,1.0,0.0,5.261072042047648,0
-0.9071075413692877,-0.9722137884282052,-1.2201788466259147,-1.2057383567181823,-1.5064746517103222,-1.9889064823544278,0.0,0.0,0.0,0.0,1.0,0.0,0.13844316875227083,1
-1.1168500795611633,-3.2582043546437154,-0.9882311359812115,0.4444603089903901,-0.0643255791484282,1.3177125483704177,0.0,0.0,0.0,0.0,1.0,1.0,1.7873420871517518,0
2.2980804671910775,1.1607671732405558,0.2612071704123341,0.7730282030293113,0.02598338217108724,1.4291961845737007,1.0,1.0,1.0,0.0,1.0,1.0,0.9480020752197408,1
0.09550634045642588,0.18928819438559188,-0.1545599355851319,0.6967882896609991,-0.1943544815518535,-1.3079673143849153,1.0,0.0,1.0,1.0,0.0,0.0,1.503843275825287,0
-1.6367534114460214,-1.3745546406570532,-1.03637081444158,-2.5399528091999626,-0.5888025113199912,0.2248157171298294,0.0,0.0,1.0,1.0,1.0,1.0,0.7850847366491469,0
0.2216158605383721,-0.3996486854255261,-0.8366426766726517,0.12623410847776695,1.4646082658149286,-0.19524564348186801,0.0,0.0,1.0,1.0,0.0,0.0,0.45021894736276674,1
-1.7617642116750787,-0.9635664970491497,-1.5753059974070427,-1.5782009921881572,-0.5381676879896886,-0.36887396820862745,0.0,0.0,0.0,0.0,0.0,0.0,0.5042956356181676,1
0.5591945427832263,0.4979236454751886,1.4642948004068321,1.2529369859880573,1.3184807087784367,-0.20942617044015446,1.0,0.0,1.0,1.0,1.0,0.0,2.9145018782259373,0
-0.2721703003855256,-0.5535436780682212,0.7178056624458063,-0.4340709709144143,0.4445898561591521,1.642301009307351,0.0,0.0,1.0,0.0,0.0,0.0,1.568624676325165,1
1.6537127743319227,1.9108017331153684,0.9618011195158467,-0.19829491166354438,0.354207817088483,1.2416207250807993,1.0,1.0,1.0,1.0,0.0,0.0,2.0378275951161196,1
0.5807365569487207,1.832761260284847,2.940868438321999,2.245875549254252,2.0347634861008124,0.1831366552231496,0.0,0.0,1.0,0.0,0.0,1.0,0.5478059571314107,0
0.5552434154392332,-1.2843007028925157,-1.9655436267346778,-2.0232438740595966,0.8118157187557126,0.7830387969434095,1.0,1.0,1.0,0.0,0.0,0.0,1.1193565935302958,1
-0.675026735969781,0.4193864015181248,2.3564672703333227,1.0838922738370245,0.08886474533542722,0.7604823681662357,1.0,0.0,0.0,1.0,1.0,1.0,1.7615416946147466,0
1.8347297508438984,0.7939040194675453,1.4643614519412267,1.1069893124473156,1.1510124966436923,-0.2565339175501553,0.0,0.0,0.0,1.0,0.0,0.0,2.929957704038549,1
-0.10939703951565401,-0.12541767563583736,-1.424240636795784,-2.1165056573756944,0.030836472354685302,0.8641877275952622,1.0,1.0,0.0,0.0,0.0,0.0,0.9214165934286088,1
0.5658316463589533,1.4737081124864644,0.6242986397884647,0.8284896477175456,0.31605319480154864,0.48656950627455425,1.0,1.0,0.0,1.0,0.0,0.0,0.8776289119058694,1
-0.7992269870611034,-0.6133815639627287,-1.8168568637611813,-0.5693494358082871,-0.8476370379426104,0.974392636702667,0.0,0.0,1.0,1.0,1.0,1.0,0.41393427506418495,1
0.5409330991536258,0.6582106722604301,1.4108699521289259,2.183340408285127,1.2306066281642547,1.0574233607414358,0.0,1.0,1.0,0.0,0.0,0.0,2.4186385963397754,1
0.10037838651563244,-0.7482123680143427,1.0048135928727466,-1.8846332192870225,0.17128166992956229,-0.9917426799072049,0.0,0.0,1.0,1.0,1.0,1.0,2.3694032346589933,1
0.6380445880592143,-0.026785106127781937,-0.40531614401101473,0.5592429519280485,0.03571468787901391,-1.3718035106488917,0.0,0.0,0.0,0.0,0.0,0.0,1.288726093897749,1
-0.6980764197192053,-0.4467146291130579,0.5817944371376742,1.9389541109942536,0.35401466044053465,0.2589746801201725,1.0,1.0,0.0,0.0,0.0,1.0,1.0112894766235112,1
0.8729053221095673,0.31120431266813603,1.2556874120969397,0.7706844147655516,1.1777078828556915,0.8413946813500159,1.0,0.0,1.0,1.0,0.0,0.0,1.4422265427950312,1
-0.9956717334958453,-1.1792878731652772,-1.3159224889007997,-0.9957645020944805,0.19845852409626535,-0.7408776732509639,1.0,0.0,1.0,0.0,1.0,1.0,1.4180545205845556,1
1.3337225157710233,-0.4005174077456721,-0.11077988660587867,-0.3103955769520418,-0.7473371182670632,1.322957099262041,1.0,0.0,1.0,1.0,1.0,1.0,2.1212733280197336,1
0.48595982855803616,-0.8341242742527132,0.9506410664836407,1.0583099232790614,1.0700883180347849,0.09176205090174572,0.0,0.0,0.0,0.0,0.0,1.0,3.4669194828293524,0
-0.2238104105173819,0.5820598920240919,-0.36955692178053456,-1.2324299517290367,-0.7836119067504157,0.014656089385761696,0.0,0.0,0.0,0.0,0.0,0.0,0.7752932676047973,1
-0.7418903421599944,-0.38468256599546935,1.3194274198127727,1.5039716237901082,1.2951892233730715,-0.17539756332532305,0.0,0.0,0.0,0.0,0.0,0.0,0.22900636767058033,1
0.32854062843477894,-0.7223269565054175,-1.8115450787538434,0.9579521920294479,1.9159811729437233,1.932380219438396,1.0,0.0,1.0,0.0,0.0,1.0,1.3756937235413265,1
-0.7067772705544144,-0.1979787911225439,-0.1597062331147158,-0.015608870153057078,0.45423135218954047,0.2578078965723347,1.0,0.0,0.0,1.0,1.0,1.0,1.1130199222525348,1
2.009266835786213,1.2980883414830298,1.7652219512089655,-1.0680163733124004,-0.23455503688917256,-0.6434294214262968,1.0,1.0,0.0,0.0,1.0,0.0,2.6429659705144117,1
0.6042416749088464,-0.34091013958119754,0.15830661747508226,-0.1710186702983493,-1.4181172758058156,-0.8660067398773587,0.0,0.0,1.0,1.0,1.0,1.0,1.79388231896324,1
-0.02647587917366017,1.165559933071023,-0.1861261648553176,-0.27433424028632647,0.15477681521936734,0.11710283877409546,0.0,0.0,1.0,1.0,0.0,0.0,0.31213131345626133,1
0.6402517140984331,-0.8380755151171944,0.6684438017159924,0.2626594243273735,0.590095111984352,3.059817536816672,1.0,1.0,1.0,1.0,1.0,0.0,1.6638345087627853,1
0.14031450181341024,1.098459357183194,1.038941586176028,0.9518107490059698,-0.2653649799929514,-0.34153678747638977,0.0,0.0,0.0,1.0,0.0,0.0,0.8846906953783779,1
0.2762155725648119,-0.33758697867607323,-0.060023044079192324,-1.3916402505619923,-2.028988578741048,-0.9500457424397308,0.0,1.0,0.0,0.0,1.0,1.0,0.5434465770689779,1
-0.39142249306116655,-0.3111988161015826,0.3946795875139705,0.9154300809849384,0.8476609264489946,0.35789751584866347,1.0,1.0,1.0,1.0,0.0,0.0,1.0298193257011627,1
0.7282354679507161,1.047755661868785,1.486873184885727,-1.217081738353303,-1.1730017313945869,1.8488581972442364,1.0,1.0,1.0,0.0,1.0,1.0,2.3893545223792927,0
