0.6482921409901117,-0.4776599644567825,-0.5790929890828095,0.04809644618622041,-0.29298030058834534,-0.8316584250879867,0.0,0.0,0.0,1.0,1.0,0.0,0.6442745420969633,1
-0.04960319079460655,0.23404631744244273,0.6628989415068538,0.40305812011263226,-0.061124734533157817,-0.4529827534876478,0.0,1.0,0.0,1.0,1.0,1.0,0.4033767561443899,1
-0.4953133838811078,-0.5853956129119418,-0.4472001837199573,-0.5931432422446397,0.9914685713708506,1.9701661760252684,1.0,1.0,1.0,1.0,1.0,1.0,1.8976418065411456,1
-0.22464416387816344,-0.6219933207838934,-0.10084071245254483,1.0053563758093325,1.7593522694009984,1.0895740189192258,0.0,1.0,1.0,1.0,0.0,1.0,0.8956527587227219,1
0.9502943310477675,0.275145165762663,0.2190919610256252,0.20286582184946708,0.5145427676931634,0.34413961584892167,1.0,1.0,1.0,1.0,1.0,1.0,2.622581044985415,1
1.0731360255881566,-0.31959253423057643,0.5539822817298198,-1.6584054110897974,-0.8260815000650116,0.49546916801484614,1.0,1.0,0.0,1.0,1.0,0.0,2.6920571933050246,0
-0.6850663658038795,-0.8120794126580253,-1.1406457466788025,-0.6038570786228443,-0.37339631078528895,-0.5395368565895585,0.0,0.0,1.0,1.0,0.0,1.0,0.4094456913133665,1
1.9409509754015264,0.6942836205629703,1.1946992831533532,0.4609030213121618,-1.1568500955048224,-0.10245762145721399,1.0,0.0,1.0,0.0,0.0,1.0,4.998443011144622,1
-1.3324338252327408,-1.3280127267929054,-2.738155632644847,0.046340875154703046,0.8834926007213637,1.5228795287302463,1.0,1.0,0.0,1.0,0.0,0.0,0.22848165839283605,1
0.6209992873877478,0.8353882826663337,0.33935962125860186,0.11243963046301361,0.9003572002019679,0.9257288373930375,1.0,1.0,1.0,1.0,1.0,1.0,0.8226164219076646,1
0.9234680899928943,0.7328093618612678,2.2634796147335496,1.2227439841362326,1.1881168929417218,1.0461239402978866,1.0,1.0,1.0,0.0,1.0,1.0,5.439386286688423,0
-2.7545315186328763,-0.669337033246254,-2.0181752274930203,-0.3522189346958427,1.2613023652728632,-2.207876988935066,0.0,0.0,0.0,1.0,1.0,1.0,0.14375706229072435,1
-0.4157825008802805,0.5887754470616982,0.7181022063251665,0.04457266089967957,-0.31637234186226204,-0.466976671266885,1.0,1.0,0.0,0.0,0.0,1.0,1.064779893935558,1
2.151896893787271,1.5907739459564683,2.414220619994239,2.4553898959156317,-1.4864461856407098,0.08217496153365576,0.0,0.0,0.0,0.0,0.0,0.0,3.9535084163902323,1
0.86272494946656,-1.183428113375548,-1.9040323842982019,-2.7379694355722775,-0.9673805868412647,1.0433559224236282,0.0,0.0,1.0,0.0,0.0,0.0,2.5807702774805588,1
2.02540707293469,2.3683323825358538,1.5954488875994686,0.20487777369850718,0.13554120386879862,0.36515361915439287,0.0,0.0,0.0,1.0,1.0,1.0,0.7041293807914515,0
-0.8383119025771286,1.6352083340742387,2.1385922084258393,0.1261259343781868,-0.551615030529274,-0.9852414108448437,0.0,1.0,1.0,1.0,1.0,0.0,0.16771212132414723,1
-1.2768228712286704,0.4798071302810683,0.42629514346681907,0.5542752217376756,1.2416898947232398,0.7507973627709394,0.0,1.0,1.0,1.0,1.0,1.0,0.2709207486679035,1
3.358786852714243,2.291900193663457,0.07784454695147609,0.18492420428663553,-1.1673016313781064,-1.116324380369774,0.0,0.0,0.0,0.0,1.0,1.0,0.694571067747814,1
-0.0356435648708061,-0.5821651683460652,-0.626984341209078,-0.4891886409605049,-0.6921823154294523,-0.24801658897227677,0.0,1.0,1.0,0.0,1.0,0.0,1.087887514468775,1
0.938730185016876,0.14790022015724721,-1.3331039255289052,-0.5154117000441709,1.3132483899353755,0.14731077807534051,1.0,0.0,0.0,0.0,1.0,1.0,1.1818435033727723,0
0.32784431573526246,1.0052943522401694,-0.3793445412021046,0.08620749067168208,0.22332109586141688,-0.4441273909157358,0.0,1.0,1.0,1.0,0.0,0.0,0.9368697491369383,1
2.081557336379207,1.8000682373754204,0.5047157130322105,0.722068134485564,0.4228903353354736,0.2531907672660006,1.0,1.0,1.0,0.0,0.0,0.0,1.2485156487796758,0
-1.3309740562562713,-1.082376767286185,0.1446852686116324,0.37798129347639214,-0.6587436840199606,-0.764095418740841,1.0,1.0,0.0,1.0,1.0,0.0,0.7358742276965562,1
0.47228871381700605,2.0758607289711306,0.7769431991823003,1.586047404926907,0.7624602772453071,-0.5340341880367548,0.0,0.0,0.0,1.0,1.0,1.0,1.0892125089619542,1
0.853233096856558,-0.23515488898045753,-0.3626044803288477,-1.1711456431927831,-0.6273030153863285,-0.04019692855386623,0.0,0.0,0.0,0.0,0.0,1.0,1.6484584492100158,1
1.065058988689458,0.4676325608836749,0.7778816996685063,0.9812400940755363,-0.2768383389131958,-0.6046288173998778,0.0,0.0,0.0,0.0,0.0,1.0,1.4665507583438835,1
-0.23181851676195672,-0.6168790855652567,-0.2201909937141259,-0.46259443707715775,0.891873238904259,0.8314733913521619,1.0,1.0,1.0,0.0,0.0,0.0,2.1732119523901137,1
1.2228920109063284,2.6615224921055347,1.8263672585650412,1.598121545414538,0.4399230223040415,0.016599612954900995,1.0,1.0,0.0,1.0,1.0,0.0,1.2000045655230898,1
0.5725373763852273,2.0531448487418342,1.6084964000431583,0.5489311057824549,2.5989001071588738,2.577711361045934,0.0,1.0,0.0,1.0,1.0,0.0,0.27559383167032697,1
1.8875781852902778,2.668594772529664,1.827823452146218,0.21790461465551844,-1.1829991401088171,-0.23451298556840985,0.0,0.0,0.0,1.0,1.0,1.0,0.8389728992034404,1
-0.5698057412599389,-0.9978636080167985,-0.7563693293261059,-0.3220731865041934,-1.0230275961952269,-0.7869645297383681,0.0,1.0,0.0,1.0,0.0,0.0,0.8602386859407031,1
0.15942427079352944,0.807688741774243,0.24932680542689983,0.06234312628850639,-0.5714507220816352,-0.9896581575653588,0.0,0.0,0.0,1.0,1.0,0.0,0.6095706573286735,0
0.5653321602929482,0.3091296538551715,0.36194700439766647,1.8515323878631698,0.5560858799179573,0.39645420410603915,1.0,1.0,1.0,0.0,1.0,1.0,3.363451937429384,1
0.326994144425846,0.7906700847842447,0.023581507296200267,-1.4057882995903896,0.6469020746744136,1.240761263545691,0.0,0.0,0.0,0.0,0.0,0.0,0.5532216448133077,1
-1.1292796227013593,-0.6642068073425978,0.5712960817888925,0.4885248620872327,-0.16962226325875984,-0.816956522341983,0.0,0.0,0.0,1.0,1.0,1.0,1.522408715054982,1
0.5025163579033528,2.090370339523194,0.8431288157698877,-0.007522825062737296,1.0132015693345886,0.36758809567848233,0.0,0.0,0.0,1.0,0.0,0.0,0.5546986054006966,1
0.6126827964718269,0.3410189398922193,-0.3090643189018494,-0.10129169788807858,-1.059493749466945,-1.3803991832242537,0.0,0.0,0.0,0.0,0.0,1.0,0.8866858893740047,1
-1.1836946197578138,-1.3904054832594859,-0.8158694672391712,0.18022432000819474,-0.8356660560006969,-1.9581328437092538,0.0,1.0,1.0,1.0,1.0,0.0,0.4111562078854658,1
-1.0199855651905598,0.18518347829692863,-0.6827699433447335,-0.5782375808513931,0.0755564202379998,1.7499761421226134,1.0,1.0,1.0,1.0,0.0,1.0,0.3574713715447412,1
0.47837063182596723,0.5414467134944555,0.43507685393221623,0.7033538481447822,-0.09407353251674244,-0.0809918374910833,0.0,0.0,0.0,0.0,0.0,0.0,1.3642873542024094,0
0.6015881966074372,2.1012964405413967,1.4982644583693159,0.7741222298211424,1.733994462563018,-0.24302011498035536,0.0,0.0,1.0,1.0,0.0,1.0,1.1550448919699852,1
-0.9045252067867617,-1.6587791058588843,-2.150063171901951,0.2531120495589555,0.183749940358952,1.5173511887760998,1.0,1.0,1.0,0.0,1.0,1.0,0.596628808669913,1
-0.45732764664010833,-0.3866642015460742,0.7494150563238048,0.4436674839692692,0.4501870660537204,1.4140599034769685,0.0,0.0,1.0,0.0,0.0,0.0,0.8646515854440187,0
0.14128545202103582,-0.3470958975879236,-2.0071009979743257,-0.7673081905682612,-0.48797018847673856,-0.07137196510792201,1.0,1.0,1.0,1.0,0.0,0.0,0.16337867932137698,1
-0.28911106462924663,0.5722415457194899,-0.2507658721634671,0.21274714948328596,0.5479857285428913,1.2581857497248647,1.0,1.0,1.0,1.0,0.0,0.0,1.118366699529561,1
0.011158520335597295,-0.9859786442216907,-1.8121921033321438,-0.9050402674092127,-2.190783914011656,-1.1763746170999316,0.0,0.0,1.0,1.0,1.0,1.0,2.0834409396337072,1
-1.8867171027688256,-0.7527757515890764,-0.15851395704487567,-1.644694925415945,-0.0839847949739368,-1.5402133452089173,0.0,0.0,0.0,1.0,1.0,1.0,0.2739357239025824,1
-0.07902803098441637,0.8341180277145024,0.28412028221581537,0.4113746628874419,0.2651009451499706,-0.6539945422907676,0.0,1.0,1.0,1.0,1.0,0.0,0.34311540374282573,1
-1.193150987944963,-0.7725397212327499,0.7747782183741455,-0.6086582402291183,-1.6008483950224515,-0.11119167866918009,1.0,1.0,1.0,0.0,1.0,0.0,2.2813607396376008,1
0.6124114135945637,1.689088864082635,1.8646429766744141,1.1725240084241018,0.2494789684127743,0.40799205661177507,1.0,1.0,0.0,0.0,0.0,0.0,0.8142222357240089,1
-0.22072994903560733,-0.1704051561266627,-0.27761306788304496,-0.9592279660053582,-1.2153879308683222,-1.5339844751551108,0.0,0.0,0.0,0.0,1.0,0.0,0.46511394732096856,1
-0.8603644536058371,1.4261124152752895,0.721614040572696,-0.6324550194554092,-0.22881292631699246,-0.08299645028459314,1.0,1.0,1.0,1.0,1.0,1.0,0.686187106475354,0
2.022333538110779,1.7222855565578608,1.5004149578548798,-0.5098987737974419,2.3961812022540756,0.6181808422449091,1.0,1.0,0.0,0.0,1.0,0.0,1.5794895053708637,1
0.26802979166835844,-0.9632117083769449,-0.04450246528061827,0.4306024897562923,0.27217885391077473,-0.6964720380344216,1.0,0.0,0.0,0.0,0.0,0.0,4.6486240599732245,1
-0.5557461354350837,-0.15360884155818424,-0.6881022911457542,-0.48758563394896026,0.2516645553550211,-0.23281543313229036,0.0,0.0,0.0,1.0,1.0,1.0,0.2499374045576711,1
-0.904561503534904,-1.4202202999657572,-0.3470191865955316,0.9149357225426521,0.7867989274893943,1.3102252531807776,1.0,1.0,0.0,0.0,0.0,0.0,0.7194584548083597,1
0.4904796415805486,0.5187095680873864,2.207938652767402,1.5894943947988367,1.7078653998615534,0.4568117180111543,1.0,1.0,0.0,1.0,1.0,1.0,2.4824283708031563,1
0.6827351792091007,1.3402825112970937,1.1268648413213056,-0.07838113816002251,1.2783587442487885,2.6510844512081544,1.0,1.0,1.0,0.0,0.0,1.0,2.5964207890240965,0
0.08847165996609244,-0.7105039345979115,0.9524224091718931,0.6410642961013105,-0.09263413753806994,0.3691665056006396,1.0,1.0,0.0,0.0,1.0,0.0,0.7080039508237482,1
0.5564836717736714,-0.7812417807544889,0.6114518316011032,0.9968257011501553,-0.4917244597437405,0.6179719976050472,0.0,1.0,1.0,1.0,1.0,0.0,1.5949532990449375,1
1.0997910426409374,-1.590754716028495,1.1075473518667838,0.8208220308380574,0.4445041689189945,-0.5872586808382314,0.0,0.0,0.0,1.0,0.0,0.0,3.900126543234844,1
-0.2586999327392164,0.1434271666625726,0.668405975613752,1.0702036690492707,-0.7535021532249806,-0.7316082397779536,1.0,1.0,1.0,0.0,0.0,0.0,1.858321753091265,0
1.1806544578889198,1.1547971593989923,0.6032141112631196,-0.7873319838127915,-0.5371327939261874,-0.330671931995599,0.0,0.0,1.0,0.0,0.0,0.0,2.6766669750711687,1
0.21323676679453277,-0.3936874343454865,-0.7538118248376435,0.1646841168374482,0.3564741329356051,0.8407617721671812,1.0,1.0,1.0,1.0,1.0,1.0,1.920712146124353,1
-0.39700260244210955,-1.2115810463964005,-0.05204830894690434,-0.0037627563019829173,-0.9788149637176242,2.1100119752044963,1.0,1.0,1.0,1.0,1.0,1.0,3.7040000033591403,1
-2.1347284586764923,-0.36341252995566864,0.36143802761038535,-0.17093011172183678,0.3478612335670188,0.12437702282329216,1.0,1.0,1.0,0.0,0.0,0.0,0.5607446861888296,1
0.3725217525404798,-0.0399564080201375,-0.8453328702443959,0.6095830979874777,0.7835036192803446,0.2091780591082206,1.0,1.0,1.0,1.0,0.0,0.0,2.515128901887005,1
0.03089010497587865,-0.7165182843213465,0.07046783103132455,-0.10065140003695341,-2.221919296570044,-1.300857009525992,0.0,0.0,0.0,0.0,0.0,1.0,1.3640471251202577,1
-1.088073986000134,-2.0621899137103252,0.20452662275176203,-0.9565984124779543,-0.04602996818607585,0.19097203142719285,0.0,1.0,1.0,0.0,0.0,1.0,1.3644064975882517,1
2.3396224534142624,0.3277381496641163,-2.1052872644441547,-1.2520924365337815,-1.357988807525376,-1.2155673594588876,0.0,0.0,0.0,1.0,0.0,1.0,0.5622370136319689,1
1.4652807263625582,0.6302893547929537,0.14497444645994753,0.3183869810571213,0.43870444400673836,-0.8610283682052771,0.0,0.0,0.0,0.0,0.0,1.0,0.9894767858536975,1
-1.5757719793669795,-0.1108505716740722,-0.7363330674673743,1.1256412261098152,0.44378265220855034,-0.708523497861456,1.0,1.0,1.0,1.0,1.0,1.0,0.5616544009111596,1
1.7102638827636547,0.9692588515623825,0.6197078807065002,-0.030795656547423823,0.3903767329209292,-0.58801273711412,0.0,0.0,1.0,1.0,1.0,0.0,3.4426797019636863,1
-0.3476727953773618,0.1050101588947655,-0.6833297150523655,-0.450313735866923,0.22901232191178228,0.34641528368376323,1.0,0.0,0.0,1.0,1.0,0.0,0.9630654938457074,1
0.7607186993782717,0.9843175562841731,-0.9004405154014731,-0.6920276198404892,-0.6545544997687669,-1.351128469609711,1.0,1.0,1.0,1.0,1.0,1.0,1.5491165487454412,1
0.548100735874794,-0.3745994284109341,0.2604513213487486,0.8241961503041543,1.1459124745480287,0.36938214020314303,0.0,1.0,0.0,1.0,0.0,0.0,0.9883203298934853,1
0.4824869746821337,0.020521293153925164,1.1304429105566718,0.11745123497397102,0.694544561362172,-2.1036859866787374,0.0,0.0,1.0,1.0,0.0,0.0,2.417096072293887,1
-1.2749583857928504,1.1308252394869835,-0.3873365626343611,0.43441820026575784,0.26721638275710413,1.1478616954880196,1.0,0.0,0.0,1.0,0.0,0.0,0.13629745830615225,1
-0.4356100134972498,0.08134158523743062,0.44444331915581864,0.42626933411358986,0.45508925678553225,1.0662487094351893,1.0,0.0,0.0,0.0,0.0,0.0,0.8806170888460584,1
0.32632347484703755,-0.3160532591633452,0.4108391513720369,0.9664177772325557,-0.1248475061887075,-0.4228176979658664,0.0,1.0,1.0,1.0,1.0,0.0,1.2588247980622675,1
-2.6402917498367997,-1.1287368976082186,-1.5720212728360787,-0.7375414140228707,-0.9631278275387037,-0.6862130564931544,1.0,0.0,1.0,0.0,1.0,1.0,0.22904800508287684,1
-2.3186318567904185,-1.373950127861058,-1.8336579271260076,-1.7004427274762233,-0.517722608713505,0.32288990694400105,0.0,0.0,0.0,0.0,0.0,0.0,0.35115237572859337,1
-1.018664033745812,-0.9843079412798234,-1.6887214724491495,0.0953883447687965,0.27166681501799533,-0.9699688797443893,1.0,0.0,1.0,1.0,1.0,1.0,0.33975424488563905,1
0.01665270019034849,0.4992194827087951,0.22712047708709918,1.753034399253123,1.1035447169012575,2.4694704674303414,1.0,1.0,1.0,1.0,0.0,0.0,0.6007800411793579,1
1.135536485461993,1.1805771540370658,1.9312707166216363,0.6135809498629765,0.028154907687718264,0.3303053994804317,1.0,0.0,0.0,1.0,0.0,0.0,1.3088795469770318,1
-1.142613063422,-1.6189837810164933,-1.6355697161540579,-1.517551540255115,-1.6707955353634953,-1.7900669560224047,1.0,0.0,0.0,0.0,0.0,0.0,1.14668182805316,1
0.7725784813676702,1.2698223388147114,1.3987730267690546,1.6774895994643761,0.5610320663706587,-0.9804678744920253,0.0,1.0,1.0,1.0,1.0,0.0,0.6785829502856713,1
0.24778743722763494,-0.732885652216185,-1.2874296939830392,0.4053631584272369,-0.3760199690371662,-1.420028619189303,0.0,0.0,0.0,0.0,0.0,0.0,0.21938287895715863,1
-1.2127901610808087,-1.0663493078873376,-0.6206355144863098,-0.17438705954934272,-0.5628005021095395,-0.7218310739245886,0.0,0.0,1.0,0.0,1.0,1.0,1.3645763454940825,1
0.888826205844099,-0.7624765898366127,0.30123767186638545,-0.9918156506654813,-0.58808343143815,0.30265776283661955,1.0,1.0,0.0,0.0,1.0,1.0,4.551822192100817,1
-0.19235255921992958,-0.02294966202400635,-0.48560906362443124,1.1858038132759412,-0.32212811807567926,0.5215687212524719,1.0,1.0,0.0,0.0,1.0,0.0,0.41620052485379166,1
1.4974011702544978,0.9084100880707375,-0.31092962807367625,-1.5186815165938188,-0.09098592301435786,1.4120292542060584,0.0,0.0,1.0,1.0,0.0,0.0,2.064403866329587,1
-2.02261346333842,-1.6309428591905228,-2.0873413093508235,0.6037383030964327,-0.32273898641126486,-1.672629448373897,0.0,0.0,1.0,1.0,0.0,0.0,0.4983681802232208,1
-1.8043327377812404,-1.9652949105681599,-0.9196443471565523,0.2506043851445633,0.7088049766197525,0.5081936743136715,1.0,0.0,0.0,0.0,1.0,1.0,0.9914217609835511,1
-1.0646771746379868,-0.8581995226104735,0.5925346835901725,-0.42559996604619704,-1.5298528546148193,-1.6194522974914305,0.0,0.0,1.0,0.0,0.0,0.0,1.1131924450415724,1
1.1670523520418694,2.2316184452946866,0.9716359044484975,0.9809544423372367,-0.24934364977368143,0.1336736328063455,1.0,0.0,1.0,1.0,0.0,1.0,0.517160009178538,1
-0.0239084114400977,-0.11576618828751624,0.6856762499293382,0.019146646601122124,-0.45871706480781954,-0.354781348178519,0.0,1.0,0.0,0.0,1.0,1.0,0.8280489509508846,1
-0.551685260980475,-0.5347379104706775,-0.5157274745396544,-0.4373493265241023,0.9235357692756759,0.9568207629166725,0.0,1.0,1.0,1.0,1.0,1.0,0.5254350835224123,1
2.5266545935791083,1.087006345955445,-0.6138816999967491,1.7172710265638351,-0.8761958558235968,-0.507870709126739,0.0,1.0,1.0,1.0,1.0,1.0,0.4163188999222899,1
-0.4399308987697707,-0.46164324339503227,0.22253190161159253,1.3862563170065,-2.262272100938749,-1.2209144001932501,0.0,0.0,1.0,0.0,0.0,1.0,0.736585861882331,1
2.007079850390199,0.7830997888707187,1.259319326736935,1.3481531921468737,-1.49796464423994,-1.0015124152771715,0.0,1.0,1.0,0.0,1.0,1.0,3.74621599441032,1
-0.0381049748631306,-1.5483803383232966,-1.4484288550065392,0.5510681626904318,-0.4756080113166596,-0.6151516968805865,0.0,0.0,1.0,0.0,1.0,1.0,0.17379641892890837,1
-1.6216712904293504,-2.108358265699036,-1.2694422922114315,-0.6709259286910135,-0.8217757782931644,-1.6090696447843282,0.0,0.0,0.0,0.0,0.0,0.0,1.0226037705152249,1
1.734721090317573,0.1674818643921882,-0.10859752940491847,-0.2917156851250251,-0.4986982561145641,-1.009652892808672,1.0,1.0,0.0,1.0,1.0,1.0,1.0226256881366986,0
-0.9013226683229125,-0.29513404867863674,-0.2088360273572147,0.6730145265440024,1.0897273104451775,0.8460522324939369,0.0,1.0,0.0,0.0,1.0,1.0,0.4216940513971173,1
-0.17549287716942627,-0.9242996057192839,-1.8910566533437818,-0.24790197828120428,0.5829364351975299,0.6327246399588374,0.0,1.0,1.0,1.0,1.0,1.0,0.7059319710699705,1
-0.53626696089886,1.032869500903467,1.0092907808879414,0.9797215582760171,0.051549762548540955,-0.16978344146051363,1.0,1.0,1.0,1.0,1.0,1.0,1.0869068120539018,1
1.7739944603932647,-0.02622760633145484,-0.2557246976994744,-2.4508735214213595,-0.5126634614331678,-0.6050320794831632,0.0,0.0,0.0,1.0,0.0,0.0,0.2823857177811459,0
-1.576120705129697,-0.21224914521507288,-0.4891988426773531,1.7529082250233352,2.1227213018377555,-0.5472260861926118,1.0,1.0,1.0,0.0,0.0,0.0,0.28409360522783345,0
-0.5578544260572755,-1.0169120686183855,-0.3734010653492443,0.5035886159604372,-0.49728919626883095,0.8479604019489955,1.0,1.0,1.0,1.0,0.0,1.0,2.6662546650275867,1
-0.8092254547564209,1.235771543438588,0.10619214618903301,0.33101715955174327,1.351622751380424,0.3211680684500892,1.0,0.0,0.0,0.0,0.0,1.0,0.07180206131337474,1
0.00914089739275815,0.8226331356370964,-1.6845036881050306,-0.7913765893176614,0.35862720665635794,1.1797975865955843,1.0,1.0,1.0,1.0,0.0,0.0,0.6189298231726869,1
-2.059905576921723,-1.7127833951904572,-0.2619582076067067,-0.38112882024595274,-0.3077201648596454,0.6964816544740907,1.0,1.0,1.0,1.0,1.0,1.0,0.9390303802749322,1
1.010855563537525,0.8004796706670764,0.810446654601268,0.4063262259185463,-0.35003078584409303,-0.7537349148054402,0.0,0.0,1.0,1.0,0.0,0.0,0.6362900959682661,1
-1.939747393315977,-0.7082308811044081,0.5149058709911158,-0.12261212277576107,1.3315785069610613,1.867151507109976,1.0,1.0,0.0,0.0,1.0,0.0,0.7265104557582654,1
-1.4380189878492762,0.03108352760674841,0.22419992304482525,0.8233743749295717,-0.7565071686679948,-0.2520387385460092,0.0,0.0,1.0,1.0,0.0,0.0,0.967490912732002,1
-1.4662363309007114,0.45045331521700954,0.7988896836354096,2.085308586709706,2.2348468635260135,1.8859910274662148,1.0,0.0,1.0,0.0,0.0,0.0,1.1126618116840465,1
-0.10347851985619042,-1.0541853987677772,-0.49738823406567056,-0.9273896048428115,1.2523623104594344,-0.32708797059865646,1.0,1.0,1.0,1.0,1.0,1.0,1.2879468216964636,1
-0.20279596450531903,-0.24903854369557626,-1.9263972339993876,-0.8865377028020688,1.1707829830181997,-0.4426054070177609,1.0,1.0,1.0,0.0,1.0,0.0,0.23522533006838162,1
-0.35529974953642385,0.14739544053914955,-0.4257800939356364,1.1645934970427947,1.0453985084797073,-0.6326659962503104,0.0,1.0,0.0,0.0,0.0,0.0,0.4150685031722298,1
-2.0900511717997103,0.8484318519413925,-0.5458887108919788,-0.2855685964876386,0.803979172286377,-0.5187104547690288,0.0,0.0,1.0,1.0,1.0,0.0,0.35910105556281396,1
-0.47646952821880323,-1.7749394780853984,0.4259853803364196,-0.5843505218968666,-0.27361948731993335,-0.7569711100434021,0.0,0.0,0.0,1.0,0.0,1.0,0.30210845941857495,0
0.6116226262606761,0.44397069964350094,0.5591956407637599,0.1347755344819119,0.18670545388607135,0.6555969523563139,1.0,0.0,1.0,0.0,0.0,0.0,3.125882356653064,1
-0.1902427162272479,0.5860292262875483,-1.1354888248463724,-0.5966407414720415,1.6857952930692983,-0.6382397767946837,1.0,1.0,1.0,1.0,1.0,1.0,1.1654171557597397,0
-0.33637410351881236,0.43666238780640093,-0.7942229729841999,-0.7693780931276084,-0.6246357682424166,-0.036083494427449646,0.0,0.0,0.0,0.0,1.0,1.0,0.6288472094290523,0
0.3611779788353956,0.9273874104418004,0.9704393915573175,0.8719648339410084,0.3500818120855969,0.29454526546119414,0.0,0.0,0.0,0.0,1.0,0.0,0.6965961554842356,1
-0.8136817434507646,0.10421359999812176,0.14716489116108353,0.6799864376207457,-0.5426811453916758,-0.0060270367969833104,0.0,0.0,0.0,0.0,0.0,0.0,1.0145707623024653,1
-0.537792061270949,-0.111006356557972,1.3117916592165493,1.2606598916859817,-0.47462819752253255,-1.3146433900583694,0.0,1.0,0.0,1.0,0.0,0.0,0.7895006443556584,1
-0.5571203206204167,-1.96689171907569,-0.2652715381245676,0.08514944994204114,-0.5085902023176487,0.17164692854221292,1.0,0.0,0.0,0.0,1.0,0.0,2.038999145953246,1
0.9817419173730111,0.16492254134223838,-0.7456704744913815,-1.021122816229736,-0.8508185261324814,-0.4155596755152991,1.0,1.0,1.0,0.0,0.0,0.0,1.9159864584125643,0
-1.1643284293352474,-0.548636063167022,-0.5621563146426225,1.393062912324631,-0.7670764070759654,-1.802954599157998,0.0,0.0,0.0,0.0,0.0,0.0,0.6150637620548977,1
-1.2026462899466375,-0.8894971390831653,-0.881159816747523,-1.4278087944672917,0.7476313801976516,0.859736267858551,1.0,0.0,0.0,1.0,1.0,0.0,1.8615100343011337,1
-1.0350131785736014,-0.5201038919669153,0.03376132864465415,-1.7582952762649113,-1.5893665107704391,-2.195880807135197,0.0,1.0,1.0,1.0,1.0,0.0,0.41575927532613444,1
-1.6965908877050504,-1.200766219223726,0.22986059623717722,-0.5425942775721502,0.972071740971446,2.0279103639945544,1.0,1.0,1.0,1.0,1.0,1.0,0.8811173023702737,1
0.8368885056996198,1.1023355570096522,0.4022159861846722,0.6317715197465101,1.6714976773671706,0.8744258903332125,1.0,1.0,1.0,1.0,0.0,0.0,1.8565761725037442,0
-1.3165188872705549,-0.6056706459653975,0.6232797371666462,-0.7980759502410324,-0.4839712371344921,0.22635225124303118,1.0,0.0,0.0,1.0,1.0,0.0,2.3894683896646205,1
0.5957810349518535,-0.2629680376285423,-0.09376375500951932,0.561204483964657,-0.06566462875302277,1.1541390492545185,1.0,0.0,0.0,0.0,0.0,0.0,0.7902587948144737,1
1.1294688273646547,0.5379106837626214,0.600529592814305,0.11334158692052874,2.4310423994566492,0.8337675255903377,0.0,1.0,1.0,0.0,1.0,1.0,3.0211729227292783,1
-0.8006760403960944,-1.6002161451673678,-0.9216013770012915,0.09671502292793362,0.4084112954783074,-1.1195457940891007,0.0,0.0,1.0,0.0,0.0,0.0,1.5015335366762919,1
0.4658814022182796,-0.006841031965070139,1.1232202317102833,-0.8826809560330167,0.4086142420470546,0.6180699689151337,1.0,1.0,1.0,1.0,0.0,0.0,1.805942773481903,1
-0.3033390502281439,-0.17588802407855111,0.823984756372626,0.8431531858060848,0.5009045420638801,0.3551150674506327,0.0,0.0,1.0,0.0,1.0,0.0,1.5084992484416724,1
1.3128316802283102,1.1360741866640385,-1.0092887215847763,-0.20558437095836982,0.08684089315157917,-0.44777782868293287,1.0,1.0,0.0,0.0,0.0,0.0,0.5688431790641997,1
0.8609976812468154,-0.4999430916513593,-0.06489309042416021,-0.10037926408166219,-1.87461257365264,-0.8302631029567621,0.0,0.0,1.0,1.0,1.0,0.0,0.8086036386170745,1
0.5203420663109781,0.7214089997134954,2.2920288454229985,0.59819168916369,0.9396739014416396,0.9373785796258123,0.0,1.0,1.0,1.0,1.0,1.0,0.5994333013529674,1
0.3367078499050332,0.21562993303365224,1.294976670453383,1.6621782039087323,0.967203638919939,0.7172292574191036,0.0,1.0,0.0,0.0,0.0,0.0,0.48820580353165716,1
-0.3252505684907679,-0.0543033201226482,-1.0894284487974335,0.4898357035385377,1.6721111482610873,-0.13157416060546046,1.0,1.0,1.0,1.0,1.0,1.0,0.6576626456634553,1
-0.00404126516261596,1.6685346661496907,0.9587984137910328,0.29615852630779765,-0.014125417094267656,0.23464573644778747,0.0,1.0,0.0,1.0,1.0,1.0,0.5574563677634317,1
0.17250369970536508,1.9498483279883991,1.1882714835207964,1.0269884655756691,0.33356794866857203,-0.16609601302042143,0.0,0.0,0.0,0.0,0.0,0.0,0.36101842495338254,1
-0.709010997510741,-0.6007585993306379,0.7148429139741993,0.27689419880713245,-0.43348402752003606,-0.6190202953255817,0.0,0.0,0.0,0.0,0.0,0.0,0.6990326866639346,1
1.5609985473238686,-0.201169756075972,0.019997618272408712,-0.3057290996480686,0.43082420707966335,-0.25582866777268987,0.0,0.0,1.0,0.0,0.0,0.0,0.12708089126203223,0
-1.6542181941286047,-0.23165604903871334,1.0450112347858653,-0.9522842824690197,0.4058001386643199,-0.09580743526905904,0.0,0.0,1.0,1.0,0.0,0.0,0.19376020257749002,1
-1.1778796785040493,0.36016099795765194,-0.25161599171180443,0.7311226470182481,0.8640728160629563,0.31638118973146645,1.0,1.0,0.0,0.0,0.0,0.0,0.20871019129707538,0
-0.917148387792728,-1.2648741033563182,-0.8817460399931464,0.6148855488349478,0.5827800224214018,0.18570001892432944,0.0,1.0,1.0,1.0,1.0,0.0,0.3253247085245448,1
-1.0866250626761302,-2.0882772906696987,-1.3891404022133946,-1.2238996261897597,-1.4498211376766361,-0.3056866958621064,0.0,0.0,0.0,0.0,0.0,1.0,0.3859489264660774,1
-1.3074871623822537,-2.322220084216924,-2.7032394722331943,-0.5641782774203612,-0.18849177240406456,-0.17191058668732434,0.0,0.0,0.0,0.0,0.0,1.0,0.13416789943372914,1
-0.8403214281647268,-0.07529292195355458,0.5941131774560435,1.824050506504487,0.5261477527978018,0.9361178622474263,0.0,0.0,1.0,1.0,1.0,1.0,0.6190308028251148,0
0.6829195444465116,0.2416349895704263,-0.04742017883617933,-0.017696299961972105,-1.7851542601114463,-0.12361788051842863,1.0,1.0,1.0,1.0,0.0,1.0,0.7152635710573831,0
1.3581440934140723,2.10272935056552,1.1929109216507543,1.5226989217396283,1.6180310166296117,0.8083023456716932,0.0,0.0,0.0,0.0,0.0,0.0,0.9846796423988791,0
0.7656316492245189,0.5333415393980404,0.3825201571366045,-0.13094230499416715,-0.45476245796382553,0.9609834564055305,0.0,0.0,0.0,0.0,1.0,0.0,0.8672374514539298,1
0.13285262261866815,-0.20392141386931198,-0.22770634978799947,0.2913662771688019,-0.792864081800824,-1.462181070351821,1.0,0.0,0.0,1.0,1.0,0.0,1.7297834539876022,1
-0.020692943561089642,-1.3092452846874763,-0.6677641119218508,-0.5816625693110795,-1.3953766528608487,-1.251117739364312,0.0,0.0,0.0,0.0,0.0,1.0,1.2174908568943812,1
0.334898103594708,0.21872543896186014,0.06341108514104682,0.041134840996400135,-0.7419803553796925,-0.3304305547309529,0.0,0.0,0.0,1.0,0.0,1.0,0.9925835696901754,1
0.46751304076318767,1.3806397629570866,1.112283335718004,0.5412734278048724,0.9246705848252923,2.036973654909607,0.0,1.0,0.0,0.0,0.0,1.0,0.720075929029189,1
-0.3176165128924101,0.6980885541103949,-0.2056910315818402,-0.5762823054591315,-1.3389848822108907,-1.1852771819099677,1.0,0.0,1.0,1.0,1.0,1.0,0.8563639123139482,1
-1.8246259805138205,-1.5924959752316088,-1.4692202017541298,0.5905855629173881,-0.5783359127316885,-0.7031387019054256,0.0,1.0,1.0,0.0,1.0,1.0,0.7296739150465654,1
-0.37673840992499014,-1.2344750816248067,-0.5144171383814603,1.0102072143881464,2.187310350512665,0.888108761080229,1.0,1.0,1.0,0.0,1.0,1.0,0.9046097846172256,1
-0.013742026380982895,0.689178047604336,0.7617470334554196,0.9953888052471858,1.3025374055751266,0.11706521375501895,0.0,0.0,0.0,0.0,0.0,0.0,0.8169752603610224,1
-1.1848290281124825,-1.5372542416834278,-0.5968767757419443,-0.6495144269319969,-0.006871284060771697,1.104053091269371,1.0,1.0,0.0,0.0,0.0,0.0,0.7752201321196306,1
0.16920152544602077,0.07951943838193691,-0.20639331399699945,-0.4709764287053446,-0.5344692003856103,0.49030091042538854,0.0,1.0,0.0,1.0,1.0,1.0,0.4210895386590417,1
-0.5371229640481046,-3.0759670206225938,-1.0680353639811049,-0.9403605466273824,-1.3498862903692546,-2.874630932809012,0.0,0.0,0.0,1.0,1.0,1.0,1.3499639935892442,1
0.3552392960946998,-0.6310522118992276,-0.24145947938013795,0.41938237437743603,0.3704329009849204,-0.3106162893174727,0.0,1.0,1.0,1.0,0.0,1.0,1.6302370325177649,1
-0.0005481144360589088,0.6794217511117913,0.8341846856035287,1.1358340753378875,-0.31466414405654664,-1.5123685236654234,0.0,0.0,0.0,1.0,1.0,1.0,1.0237072431045113,1
1.358791807045329,1.266908588517814,-0.18150064525233553,-1.001709481241615,-0.7614700788814678,-1.1178039868404301,0.0,0.0,0.0,0.0,0.0,0.0,0.7664004603192315,1
0.6709086685935169,-0.5206517876407661,-0.62411265463403,1.4528049867231543,1.1263362996976678,-0.030820256536457424,0.0,0.0,0.0,1.0,1.0,1.0,1.2410481432825047,1
-0.9867824211790366,0.738373468202897,0.022604134233010612,0.15223666676285524,-0.18678744750178533,-1.0462001551226467,0.0,0.0,0.0,1.0,1.0,1.0,0.09162943424104067,0
1.0397315354367063,0.1567858042156345,1.4503554086455221,1.5741352662672206,0.6827319710818269,0.7215411745253932,1.0,0.0,0.0,0.0,0.0,1.0,2.6157840653248643,1
-0.036808394724186386,0.9961281513479527,0.21670317048898655,0.14630772440914366,-0.015098951850118263,-0.21556042440278392,1.0,0.0,1.0,0.0,0.0,0.0,2.3735049904372914,1
0.2097400701874312,-0.4284127748709155,-0.9549462845416167,1.1824490246990642,-0.18398609572335206,-0.36477414492652915,1.0,1.0,1.0,0.0,0.0,1.0,1.7661156077689366,1
-2.40613560854309,-1.9128828945870724,-0.03795170071699815,-1.231392536333462,0.012935811230630319,0.8098838861361035,1.0,1.0,1.0,1.0,1.0,1.0,0.7906104407240946,1
0.1945950253576777,0.07219725942657776,0.8932343694926241,-0.46667636762082426,0.23415823675246017,-1.5614540665023746,0.0,0.0,0.0,0.0,1.0,1.0,1.5932773653631191,1
-0.8263166599559004,-0.11307914955329346,0.27213877328401,0.06816349339836673,0.8042628429665482,1.5381908859719289,1.0,1.0,1.0,0.0,1.0,0.0,1.5048141845644416,1
1.9614402128069413,1.895070972648203,2.6283753243956793,2.6750391114824756,0.45107561496368587,1.164922924939381,1.0,1.0,1.0,1.0,1.0,0.0,5.538659599244065,1
0.068093273210988,-0.034421497389050565,-0.179959066915565,0.70101568847523,0.9047084999026029,0.16319670843073386,0.0,0.0,0.0,0.0,0.0,1.0,0.22736653155680384,1
0.061763164214088465,-1.783656537165927,-2.2352411732540354,-0.9552589565219854,0.29547998196291564,-0.6884681679794573,0.0,0.0,0.0,0.0,1.0,1.0,1.0425777116082058,1
0.12092963967019035,2.00477143662328,2.141606397790853,0.15941322694313226,-1.2399283221176138,-2.8580830493543643,0.0,0.0,0.0,0.0,0.0,0.0,0.49552202404277734,1
-1.844957176101222,-1.4074827648458834,0.19793738235484684,-0.21525866549613532,-0.20626634561223564,-0.2615318063196054,0.0,1.0,1.0,1.0,1.0,1.0,1.0590590251566723,1
-0.642229401176121,0.04962092254431379,-0.6269727751240446,-0.16659631994775606,-0.4938756740279719,-0.46620207133567326,1.0,0.0,1.0,0.0,0.0,0.0,1.1296939813926572,0
0.5727361417306462,-1.0740082279313088,0.5418445236815321,-0.08453767489593078,-0.4159298616853712,1.1722341897404032,1.0,1.0,1.0,0.0,0.0,0.0,2.2711597682640643,0
0.7348908620997012,-0.1363401253366818,-0.33301600894322175,0.358033022545038,1.0374617902707943,0.09226215932614451,1.0,1.0,0.0,0.0,0.0,0.0,1.4657741603656202,1
-0.7036717372309621,-1.2501055876664566,-1.7275549461417634,-0.12396259980546036,-1.3154133782522148,-1.7063889958119793,0.0,0.0,0.0,1.0,0.0,0.0,0.34498458116760167,1
0.5036612008625024,0.2611300767855759,-0.3523850183147894,-1.0306254532994463,-0.810969428281004,0.20404137267598618,0.0,1.0,0.0,0.0,0.0,0.0,0.3963919953138183,1
-0.1920871562920756,0.49795093888749115,-0.8718589410658568,-0.6549995911813279,1.5616167756443107,1.292540672385845,1.0,1.0,0.0,0.0,1.0,1.0,0.662743106251213,0
0.13675836245732384,0.3751608024532564,0.666753392829318,0.6608606371622165,0.3400957701092006,1.1487801118007335,0.0,1.0,0.0,0.0,1.0,0.0,0.44542015328585777,1
0.817566792672857,0.8802795580764734,-0.16720801271247648,0.7923808214801578,0.9628226891213496,0.021262781770535522,0.0,0.0,0.0,0.0,0.0,0.0,0.6606236113194348,1
2.059920651491321,0.5442288234442817,-0.2853433427531093,0.07725448494483898,-0.9006096771455272,-0.4731586890002155,0.0,1.0,1.0,1.0,1.0,1.0,1.0895193759896782,1
0.41086881310887685,0.8419799008513501,1.9675898638147349,1.4370676997301381,1.9521655340655863,0.8139851358506148,1.0,1.0,1.0,0.0,0.0,1.0,2.510176469127397,1
-0.788991686476025,-0.374457707201094,1.0409875362063767,0.4418040570962395,-0.8947733458822957,-0.9588032325308461,1.0,1.0,0.0,1.0,1.0,1.0,0.6304148244845599,1
-0.44956959715403455,-1.246263136739403,-0.28019025034851175,0.28298658130021287,2.2612604346025154,0.8087763969071654,0.0,0.0,0.0,1.0,0.0,0.0,2.0037576733740816,1
-1.0169886385339229,-1.309844092313427,-2.5704404214263925,-0.7123712768258483,-0.44377264993813054,1.2657991645513063,1.0,1.0,0.0,1.0,1.0,1.0,0.7144822202447121,0
0.5124828830248722,-0.5044155901354429,-0.41375059608522363,0.23744869057090667,-1.1803630620030225,-1.3639977033811586,0.0,1.0,0.0,1.0,1.0,0.0,0.39505753822562556,1
-0.7495272970603355,0.6132942045426186,0.7110383232304739,1.4697994446054268,0.4882261094497815,0.3409478058354018,1.0,0.0,1.0,0.0,0.0,1.0,2.3487260630209392,1
-0.008952137740234548,-0.3453177800346423,0.6095101885293929,0.4957845576681932,0.5599486965058198,0.08598274874273859,0.0,0.0,0.0,1.0,1.0,1.0,1.533561377943842,1
0.8472960671761314,0.45298692983839445,0.7580399453666864,0.2730123894959718,-0.6810500911844114,1.5675087151093248,1.0,0.0,0.0,0.0,1.0,1.0,4.5545153225189186,1
0.6367526409446194,0.7256612563669718,-0.4984345304712264,1.1091641733647468,2.551123538499439,0.17905222055845435,0.0,0.0,0.0,0.0,0.0,0.0,1.4628272312600077,1
-2.6019775517685995,-1.5826135060601116,-0.8301353561258675,-1.251037910336274,-0.8789717099935355,0.6824990336663078,1.0,1.0,1.0,1.0,0.0,1.0,0.14468024053730685,1
-1.8804655297515456,-1.180002891168556,-0.9243030090543386,0.4496678667871508,-1.1456641406134442,-0.5767958253119476,1.0,1.0,0.0,0.0,1.0,0.0,0.10975526357308815,1
1.3642868474952232,0.9208143503361227,0.19995679885863746,1.3850993687583912,0.07437089062547389,0.8437069597437197,1.0,1.0,0.0,1.0,0.0,0.0,2.2240087295898157,1
0.6525635531581254,0.45809087680918026,0.09199382639782044,-1.1004079864191794,-2.095938063198021,-0.44573718860384215,1.0,1.0,1.0,0.0,0.0,1.0,1.4807620923678422,1
0.364467558972028,-0.3842185066281221,-0.010895196929853827,-0.012526982128419167,0.5795407169539343,0.5256327122860905,1.0,1.0,0.0,0.0,0.0,0.0,1.7480252539091397,1
0.10039558542221282,0.879652826576796,-0.44286461492226953,-0.1822977698641569,0.34725600901836895,-0.019145371274685644,1.0,1.0,1.0,1.0,1.0,1.0,1.1404275949975675,1
0.4123148874597543,1.056362792814088,0.33499880030660506,0.2840364712363756,-0.6370149137069481,0.9771628350958056,1.0,1.0,1.0,0.0,0.0,1.0,2.0915903583732542,1
1.5750735112009726,0.2420445827488221,-0.6628722400697745,-0.4257746673102803,-1.2542919471057004,-0.898741410581213,1.0,1.0,1.0,0.0,1.0,1.0,2.02710069330704,1
-0.2915785191987867,-0.7180214632985865,0.24497063047324694,2.6998438005692993,1.2905824186776853,1.5312344234102553,1.0,1.0,1.0,1.0,0.0,0.0,1.2234411698678662,1
-1.074668872736186,-2.4696629005480233,-0.07550901384327793,-0.7427938934439519,-2.6923354371403025,-2.377825997158693,0.0,0.0,0.0,0.0,0.0,0.0,0.5623596202204114,1
2.128952316445661,2.38024210305931,1.7321861132101406,1.1461642211155,-0.6630694669814576,-0.2946811583593483,1.0,1.0,1.0,0.0,1.0,1.0,2.865723210173065,1
-1.08762810418465,1.4009122746709852,0.7421348544235128,1.287143661935059,2.715499650771385,-0.13309213838779665,0.0,1.0,0.0,1.0,1.0,1.0,0.17785514982248846,1
-0.7923998733273678,-1.3096604950625204,-1.5615742999941535,-0.5047744242618001,-0.2396189312435687,-0.3214027006402084,0.0,0.0,1.0,1.0,1.0,1.0,0.9740142329301517,1
1.3711055457139747,0.04671907766954904,-0.2819764974007342,0.23815277136240812,-0.26848267835741557,0.2741839004925109,1.0,1.0,1.0,1.0,0.0,0.0,0.8684010024956722,1
-0.22393112040075408,0.04486993923411202,-0.6706792007411614,-0.6158674033094459,-1.4994005621477358,-2.0258524612296283,0.0,0.0,0.0,0.0,0.0,1.0,0.6767333161227697,1
-0.4981608575744248,-0.26425788610763706,0.4245388584517385,1.2254232896972026,1.788373338448375,0.3196151939665966,1.0,1.0,1.0,1.0,0.0,0.0,1.4631871194692383,1
1.3822217596268318,2.09451633671872,0.6628769270744909,0.5104239664496492,1.0120255468586297,0.9670570895995682,0.0,1.0,1.0,1.0,1.0,1.0,0.212842168336252,1
-0.8654065150268919,-1.9848460477074725,-1.7138556736042632,-1.590105427131228,-0.6852952928732278,-1.0191852007683084,0.0,1.0,1.0,1.0,0.0,0.0,0.3386170127744238,1
0.10664130851612627,-0.06804181324869035,-0.554004128320602,-1.2006271221907574,-1.6345509590522147,-0.32162123993234015,0.0,0.0,0.0,1.0,0.0,0.0,0.9784773810123238,1
1.1822452758214372,0.49959009477305444,0.14891887489825736,0.9704353373832796,0.43376984936237845,-1.049239165734212,1.0,1.0,1.0,1.0,0.0,0.0,1.3569489728969337,1
1.370997186137585,0.4420907576827345,0.46532502991015545,1.449650489126275,0.9985149110147787,0.5235014900034283,0.0,0.0,0.0,0.0,0.0,0.0,1.6552403837744996,1
-0.19983200568240336,-0.6741817043915728,-1.1200725786706827,-2.3212772839156424,0.09099621265278922,-0.45355139998658633,0.0,0.0,1.0,1.0,0.0,0.0,1.112239028242986,1
-0.7669106791604707,0.7737061406750496,-0.25849600101111353,-0.4889412765243244,-0.09457570068109385,-0.5317520928589202,1.0,0.0,0.0,1.0,1.0,1.0,0.25243710708149997,1
-0.26347972533922787,-0.6530254136735502,-0.04513868597468862,0.49173126929675604,0.26840793518846834,1.081325516005164,1.0,1.0,0.0,0.0,0.0,0.0,1.308496143835269,1
-0.703584989978595,-1.2579209107692835,-0.45284418545313276,-1.82571590217215,-2.8141531990498403,-1.999175423355877,0.0,0.0,0.0,1.0,0.0,0.0,0.6523037472125698,0
-0.4205876378052561,-2.0109493290764333,-1.1247022183267728,0.03437612815191368,-0.5987680793487846,0.09427621873022406,0.0,1.0,0.0,0.0,0.0,0.0,0.7477754573869114,1
-0.3786317994260261,0.31728181788001925,0.17949141705783048,-0.24240490289027916,0.8189259258558441,-0.052076697787193385,1.0,1.0,0.0,0.0,1.0,0.0,0.5994254445955827,1
-0.6733437241857405,-1.1646404028105646,-2.2647608638577372,-1.5122896839167808,-0.8988657910993871,-1.0601202449362992,1.0,1.0,1.0,0.0,0.0,0.0,0.13640554885593914,1
0.8952499814396097,-0.9995581408441159,-0.4125847133533701,-0.04602402740089286,-0.24372588120807778,-1.6277179393337629,0.0,0.0,1.0,1.0,0.0,1.0,1.0723728089818159,1
-1.432019032914154,-0.3676798615946201,-1.2641407072845532,-0.26981578343943213,0.20441876455348354,-1.3472566719820176,0.0,0.0,0.0,0.0,1.0,0.0,0.3840132081628825,1
-0.4603992709432161,1.3942540745586125,-0.12908214480418095,0.9042797776719046,-0.5516416790305747,-0.005962403697284473,0.0,1.0,1.0,1.0,0.0,1.0,0.4420597519437948,1
-0.1129165644514186,0.9307107942438849,0.19103226713668467,-0.6087850205967928,0.967860659403036,1.7889875695393196,1.0,1.0,0.0,0.0,1.0,0.0,0.880755433543494,0
0.024871708296012207,-1.1813342896379062,0.35291258700285577,-0.7084854588286128,0.747412675435968,0.6839859322873791,0.0,1.0,1.0,1.0,1.0,0.0,1.2802151557513908,1
1.8215273487358277,0.0927864177302955,-1.288474480433376,-2.137963338415119,0.5936103557327754,-0.7912488454103368,0.0,0.0,0.0,0.0,0.0,1.0,1.747561997378176,1
0.5324426146995647,0.1907611340645135,-0.987504319631526,-1.2580402241727926,0.10835661165432409,2.356411517286274,1.0,1.0,0.0,1.0,1.0,1.0,0.0749875944918284,1
-1.1385892370374346,-1.8450926760254622,-0.38057656570417614,-1.0442456838501173,-0.44922441894764015,-0.7807349596344162,0.0,0.0,0.0,1.0,1.0,1.0,1.265111034461213,1
0.07054991392729437,-0.7095734387171386,-0.7989402606438436,-0.29791470503846285,-1.3259650894319104,-0.052396873089417324,1.0,1.0,1.0,0.0,0.0,1.0,3.2860240911310115,1
-0.3551178433108948,0.7118994866390378,0.41765124393216696,-0.463483875002399,0.3588553693278215,-0.579639669146619,0.0,0.0,0.0,0.0,0.0,1.0,0.4785282011243653,0
0.8645060609651775,0.25587790216898687,1.745590917551464,0.8813122572756357,-0.3482685607075419,0.9852547402234029,1.0,1.0,0.0,1.0,0.0,1.0,3.6096732493285133,0
0.1839036775612791,-1.4032817287731176,-1.7694867693812122,-2.7831529158026687,0.12943958178088832,0.2502475621474695,0.0,0.0,0.0,0.0,0.0,0.0,0.9112011865843855,1
-0.6249387008227443,-0.06684152725989385,0.2412436502556929,0.05295032246513652,-1.3450489368214196,-0.7102630088464396,0.0,0.0,0.0,0.0,0.0,0.0,0.4996271637648569,1
-1.1945404112948232,1.3802340792893226,0.11781224879040234,0.043665872956663736,-0.11946520735648007,0.6679167163129547,1.0,0.0,0.0,1.0,1.0,1.0,0.20056105028494944,1
1.468329581066139,0.4792867708027331,-0.06099802575076563,-0.7730146477298135,0.23387392057283204,0.0474759935128211,1.0,1.0,1.0,1.0,1.0,1.0,1.7031822063522668,1
0.0019954805376687433,0.9661063850193158,0.18632271542781997,-1.7132119019788639,-1.6150742065864356,-0.9147274617403388,0.0,0.0,0.0,0.0,0.0,0.0,0.7693884959401662,1
-0.353362482246969,0.3056607236309153,-0.6978607112286718,-0.3926096397714097,0.3232088506289337,-0.1735033753918318,0.0,0.0,0.0,1.0,1.0,1.0,0.10662528665738844,0
0.3232824977852059,-0.25714243100652723,-0.14212867205047094,-1.053265434205353,1.8213295934860343,0.3397899961900373,0.0,0.0,0.0,0.0,1.0,1.0,1.5545180339127722,1
-0.4807141935858019,0.699746227895877,-0.04747809095926216,1.4730359198853296,0.9170018495337764,1.4330874927303232,0.0,1.0,1.0,1.0,1.0,1.0,0.4996919424307164,1
-1.6374219190633854,-1.4940300873580603,0.5540192964249597,-0.5514125597251534,0.4079118175991807,0.8899986242107816,0.0,0.0,1.0,1.0,1.0,1.0,0.8713537674421802,0
-0.17002613705266506,0.2175810385841828,-0.21059496657372462,-2.0110260253810224,-1.5804660118038185,-1.6338452706878392,1.0,1.0,1.0,0.0,1.0,0.0,0.8467490545243302,1
-1.118856859775699,-0.40312169661971453,-0.5157080112336864,-0.6776857427132157,-0.2843311330285221,0.8625908405811568,0.0,1.0,1.0,1.0,0.0,1.0,0.4128239290198965,1
0.2490401800301219,-0.45637544905820776,-0.9272917469203309,1.0517765430018966,1.2563870212621373,1.0427739482926028,1.0,1.0,1.0,0.0,0.0,0.0,0.7107475539822096,1
0.6173597089167491,0.5912844966517534,-0.2856384210390217,-0.2589046796629055,0.09447012351618644,-1.1622676148897886,0.0,0.0,1.0,1.0,1.0,1.0,1.6159624711506484,1
1.0842373530897242,1.7079786788844116,0.8769694623428864,1.624707913081055,1.0597896110980078,0.47979402358058043,1.0,1.0,1.0,1.0,1.0,0.0,1.0139056478062676,1
-0.6502360594696377,-1.99294959397803,-1.076124628886347,0.6493593125499518,0.2236159623921916,-0.8267684868661118,0.0,1.0,1.0,0.0,1.0,1.0,0.4605108894276076,1
0.8045665745297698,-0.013274468211148137,0.3955693996748618,0.010951679431269602,-0.6955499905228465,-0.02301298708882526,1.0,1.0,0.0,1.0,1.0,1.0,1.7924161544092583,1
0.6941035099937987,0.6238756959004989,-0.03959232599042656,0.3581065382307303,-0.14764338303092417,-0.6093861119190311,1.0,1.0,1.0,1.0,1.0,0.0,1.1412300708570038,1
-0.37844303122400513,-0.21910671050281944,-1.3816727623955132,-0.1746898466407208,0.7258268056097307,-0.8457620227064432,0.0,0.0,1.0,0.0,0.0,1.0,0.7910159791008582,1
-1.2929006736238344,0.061031308902538904,0.17438116355150976,0.43670514272198296,1.9789061125006095,0.06533320996112978,1.0,1.0,0.0,0.0,0.0,0.0,0.40209378888667097,0
-0.4830025560289692,-1.2882803231954845,-0.9484753033270726,-1.8370654604775234,-1.608100691083889,-0.5451233625484948,0.0,1.0,1.0,1.0,0.0,0.0,0.2832990426949272,0
0.5189839372785522,-0.09119779330670434,0.30766006736307006,1.2612981919897124,0.8047157865612942,-1.7378664189414759,0.0,1.0,1.0,0.0,0.0,1.0,1.6129727616547118,0
1.355533030415575,-0.22991273083461417,0.1572192727664086,-0.1642651667049576,-0.03806457330700775,-0.8180861768069527,0.0,0.0,0.0,1.0,0.0,1.0,1.8217814620807589,1
-0.7537194440096602,-1.5822539264107276,-2.6455859851791703,-1.3981504051235394,-1.125794238446111,0.4146763134732083,1.0,1.0,1.0,1.0,1.0,1.0,1.0348113310095728,1
1.3239309760765179,-0.11261594012449458,0.5149693386420591,1.1499863821445113,0.04240376983693632,0.7562854971822811,1.0,1.0,1.0,0.0,0.0,1.0,5.839250820139432,1
-0.3587232397107933,0.41591486679980655,-0.4884172909644055,-0.1919814607303005,-0.8851983609317143,-0.11452292469324683,0.0,1.0,1.0,0.0,1.0,0.0,0.39302328689284344,0
-0.41240968585409116,-0.8302050115225386,0.2540479827610531,0.5815569269691171,0.5636226702791252,-0.1492969783092465,1.0,1.0,1.0,1.0,1.0,1.0,2.4373220024344904,0
1.5746904707564366,1.696517329300929,1.4383605759160976,2.593980311956604,1.6745728010712142,1.463852966700954,1.0,0.0,0.0,1.0,0.0,1.0,2.5135398971274348,1
-0.10371475970695176,-0.06467636829901113,1.3498143821997293,-0.018494660455221516,-0.01525989287736479,-1.5769265398590253,1.0,1.0,1.0,1.0,1.0,0.0,3.426049281587711,1
-1.489785180150016,-1.166034145572816,-1.3010786185524585,-0.18141352534961483,-0.9736707044673932,0.33113697706831335,0.0,1.0,1.0,0.0,0.0,0.0,0.9394322807097054,1
-2.548604161541684,-2.049295664267306,-0.5066554760330154,-1.6828204768516544,-1.297258518925533,-0.28236682160273235,1.0,1.0,1.0,0.0,0.0,0.0,0.7256094795990071,1
-0.1306868193061386,0.5138585346608385,0.5700021943093903,1.1244532310575197,0.5244324452645285,-0.6966907899756637,0.0,0.0,1.0,0.0,0.0,0.0,2.308693160105927,1
1.751298275858662,2.3650770736665834,1.6084987952008818,1.5497026233300282,1.2441482906138952,-0.6116700256094328,1.0,0.0,1.0,1.0,1.0,1.0,4.4542888155697815,0
0.7355206716290122,0.603848981381615,0.19723140756978522,1.1610489197674954,-0.4310399113776702,-0.7851761951236207,1.0,1.0,1.0,1.0,1.0,0.0,1.0813060124188507,1
-0.38411462265925106,-0.7698642857657269,-1.3607195537412218,0.07993149453318216,1.1013484723586084,0.9600180845520944,1.0,0.0,1.0,0.0,0.0,0.0,1.6794688292792133,1
0.47905404580119015,-0.7980804066708692,-0.5113381496134156,0.25204574068019425,-0.145448899983305,-0.2904917327166068,0.0,0.0,1.0,1.0,0.0,0.0,0.5857528880226804,0
-1.0631349847906795,0.2939742795662703,-0.015220196689251352,0.6037449430431255,0.4899181924097495,0.22686530266938917,1.0,0.0,1.0,1.0,1.0,1.0,0.1408487453545244,1
1.9544955364761232,-0.14224954853989663,-0.4480595860298099,0.46552629747977436,0.5265597129507187,-0.6806456920622952,0.0,1.0,1.0,1.0,0.0,0.0,2.8845613093940363,0
0.9911692951283232,0.24384014215865862,-0.4505107891670575,-0.5376711371303474,-0.723347254995626,-0.22039625517281494,0.0,0.0,0.0,0.0,0.0,0.0,1.233601080557802,1
0.42507400511687377,0.22305992511036882,-0.17945910582675798,-0.17056657237801703,-1.6663538059941232,-1.0901848304562753,0.0,1.0,0.0,1.0,1.0,1.0,0.4875051959796519,1
-0.1919132841824178,-2.379652620806371,-1.5666046027028748,-0.9032397464092429,-0.470896723342707,-0.46288405169795954,0.0,1.0,0.0,1.0,1.0,1.0,0.5699816891905303,1
-1.065225159715797,0.059894831924241734,0.07211050067989141,-0.009624260618406322,-0.4231193277168214,0.5972003327467158,0.0,0.0,0.0,1.0,0.0,0.0,0.32924406904629383,1
0.31916225230127676,0.5628690243631079,2.755014336519608,1.2461621647749537,2.3281702868340686,-0.28141700360646427,0.0,1.0,1.0,1.0,1.0,1.0,2.861874254900893,0
2.3951514045131264,0.9355182093863051,0.7585786376000949,0.14879956194785826,-0.9468441693332612,0.7458993402283777,0.0,0.0,0.0,1.0,0.0,0.0,2.2109306558272563,1
0.12978147191684036,0.6354318014433141,1.476118557327838,0.5902221914606904,-0.7113897062775448,-0.2324685082529225,0.0,1.0,0.0,0.0,1.0,1.0,0.34701300048260153,1
-2.4893630402760394,-1.4748256865481202,-1.220847527112554,-1.7887235136421649,-2.072927114015856,-2.7855411690723098,0.0,0.0,0.0,0.0,0.0,0.0,0.35282039420947203,1
-1.6625726203752322,0.11552934509642543,-0.19499779914210943,-0.6395636257674147,1.2645623215512587,0.6940087889178763,0.0,0.0,1.0,1.0,1.0,0.0,0.19358911557479377,1
2.1960757951896586,0.7893255195620807,0.39860648139773575,0.02701233303949061,-0.0009193932565595346,-0.7318020731295087,1.0,1.0,1.0,1.0,1.0,1.0,2.155418251211906,1
1.5841675363292174,-0.37979492756612954,-0.6583606151047864,-0.12863286389523362,0.35386346359046467,0.17105880237351778,1.0,1.0,1.0,1.0,0.0,0.0,3.1848045021920766,1
0.33011122588220826,1.256359778068844,0.46759315259068673,0.601423476360515,-0.39029249307589764,-0.15343032414994642,1.0,1.0,0.0,0.0,0.0,1.0,0.8004802730951736,1
-0.6928224660223958,-0.7226968505648093,-0.00980744704932006,-0.3327574610666016,0.5063863103851344,0.3631570043521451,1.0,0.0,1.0,1.0,0.0,0.0,2.9919952610788867,1
0.8040836715565398,1.0880936936406926,0.9995650609856904,1.5444785065494044,-0.7248564590224225,-0.4428330180169009,0.0,1.0,1.0,1.0,0.0,0.0,0.3542471957062483,1
0.5141715827157223,1.521288466675018,0.33440934512716125,0.15973575645298188,0.8341575053399407,0.23765071852762754,1.0,1.0,0.0,1.0,1.0,1.0,0.4490771946240836,1
-1.012389790338355,0.602878142716627,0.34898592638103126,0.2066604441292411,-0.4353739618702902,-0.4882422963900616,0.0,0.0,1.0,1.0,0.0,0.0,0.8342391758960389,1
1.0954784011924787,0.7934606188681586,1.2463675816216246,1.5374672538582193,-0.160138119894375,-1.2022833967009643,0.0,0.0,0.0,0.0,0.0,0.0,1.1675061864012029,1
0.2439060588558521,1.4725543785973405,1.3483448457286114,0.9423121157435039,-0.05541018394337167,-0.5409416952901933,1.0,1.0,0.0,1.0,1.0,0.0,1.6173320643844096,1
0.5864740686821616,1.6212127337784916,0.2971032516628358,-0.4136218115071855,0.48110071434451,0.36583634113252683,1.0,1.0,1.0,0.0,1.0,1.0,0.9100448738041034,1
-0.20026835778613566,-0.05189596938642793,-0.1676483363583175,0.6715803942793787,0.785789835488227,1.0342189807926538,1.0,1.0,1.0,1.0,1.0,0.0,0.7623713719972551,1
2.3304287049433454,1.216856199922556,0.9315010320581101,-0.0004024113513388063,0.3323119410454105,-0.23869640095328362,0.0,0.0,0.0,0.0,0.0,0.0,2.4020469232753436,1
0.1677388188084933,-0.4265993175400661,0.15908061288239947,0.48181419141512544,2.280871758064941,1.6690117527517614,1.0,1.0,1.0,1.0,1.0,1.0,0.5125173089254806,1
0.848714950391918,1.3725931235499316,1.6190344005646595,-0.9356346715914067,-0.02435073395789242,1.208133508921327,1.0,1.0,1.0,1.0,0.0,0.0,1.6882995333551578,1
-1.2932392511014672,-0.4218912572098301,0.9964636294263748,-0.36984818030418526,0.6308331806148617,0.8413892271619456,1.0,1.0,1.0,0.0,0.0,1.0,1.4106531635794037,1
0.09391136290947913,0.32170780065982885,1.7954139076525348,0.7857116329227445,0.7196891048654738,1.4025383301504026,1.0,1.0,1.0,1.0,1.0,0.0,5.594700485733774,0
-0.4190049669082713,-1.1881479646130915,-1.1660338538133481,-0.29603146461737495,-0.4592297938715227,-1.9012335420249449,0.0,0.0,0.0,0.0,1.0,0.0,0.7766092547385927,1
-0.799212772442859,-0.10734982023355073,1.1997650762871561,0.6050164533555914,-0.31042998081171275,-0.17832418507437833,0.0,1.0,0.0,1.0,1.0,1.0,0.00832436639012028,1
-1.7565267887081792,-1.6801641767134143,-1.036581613114184,-0.33353300581326956,-0.4337095257106337,0.17066976491904248,1.0,1.0,1.0,1.0,1.0,1.0,1.6056421349562648,1
-0.04170009632381731,-0.9304558027454153,-0.9345896878084522,-0.8122702949958517,-1.2734984949088168,-0.6738281331582272,1.0,1.0,1.0,0.0,0.0,0.0,3.199815953734666,0
