2.0995528287799576,1.046849914707531,0.06585074834261109,-1.4348189053848692,-0.44852681186598614,1.2330260880719222,1.0,1.0,1.0,1.0,1.0,1.0,1.3697037264679364,1
-1.1385277892535433,-1.8256055690274462,-0.3882957306367493,-0.9642047511670814,-1.3741170766714719,-0.6084789182825621,0.0,0.0,0.0,0.0,0.0,0.0,0.2527087214807075,1
1.1717904731144082,0.6301648444148761,-0.7602409063859827,0.5530573599029023,-1.098574453202687,-1.8285383556842605,0.0,0.0,0.0,0.0,0.0,0.0,0.8967066429241127,1
-1.4619774468110507,-0.30106492819299513,0.7739163702301781,0.3975453454847882,-0.9848538913098104,-0.3108963999062885,0.0,0.0,0.0,1.0,0.0,0.0,0.5806708454482086,1
0.5710381046727939,-0.94561173446871,0.8002165711886343,1.3804622898138301,1.6401005452333774,0.7799497107855011,0.0,1.0,1.0,1.0,1.0,1.0,0.3821989185451458,1
1.786778495563535,1.621260892301107,-0.12142370432953982,-0.17279771400068905,-0.7692072468345077,-0.4355587211978585,0.0,0.0,0.0,0.0,1.0,0.0,0.17855946824684055,1
1.7116038159699023,2.543846233728725,-0.2366629352823925,-0.8098639370889655,0.4806815953435179,0.7889538026116274,0.0,0.0,0.0,0.0,1.0,0.0,0.3199505428767066,1
0.209167414973984,-1.1790573634507144,-1.7739927466841126,-0.3246566213533265,-0.07275516163760946,0.6853262065573288,0.0,1.0,1.0,0.0,1.0,1.0,0.34207866011931176,1
0.01879122545710926,0.1829239792108758,1.9075335923261705,0.9224202121456752,0.41189351799045504,1.6702279003545508,1.0,0.0,0.0,1.0,1.0,1.0,1.339275031993816,1
-2.051683942230303,-0.39843461733733154,-0.610295587952464,-0.8679140443234163,-0.6002104875724065,-0.20544111155860148,1.0,1.0,1.0,1.0,0.0,0.0,0.1433600833009075,0
0.5074972489555887,1.4338456569976414,1.024548315566993,0.7358710826629672,-0.018059401012943087,-0.4004492335759173,0.0,1.0,0.0,1.0,1.0,1.0,0.4700899211502389,1
-0.01790277713057067,0.8636928317297909,0.3937812655647363,0.1594560951184766,0.0150063374700839,-0.3274910359917804,1.0,1.0,0.0,1.0,1.0,1.0,0.051728211475606044,1
0.1673369606219117,0.10530276625268284,-0.28944256913370203,0.7419860548350167,0.6843584834669209,-0.1300612630395584,1.0,1.0,1.0,1.0,1.0,1.0,0.7709244270378326,1
-0.12971418006901866,0.1972764416074821,1.3562943135012635,1.9305479474259315,1.195747587009126,1.7602935942266207,1.0,0.0,0.0,0.0,0.0,1.0,1.7937490236720954,1
0.19397834923024151,1.0672195649310667,-0.13030129646895097,0.6730930998188074,1.0167525874615373,1.1581454667846918,1.0,1.0,1.0,1.0,1.0,1.0,0.43709544012277696,1
-0.19376976134026838,0.12259864039302709,0.3909135050308041,0.7922344379205952,1.5880347255625193,0.37163891111044733,1.0,1.0,0.0,1.0,1.0,1.0,0.30914427065963124,1
1.8882654366809062,2.5185776930690387,2.091562080459239,0.5056790751572444,-0.5629674935190606,-0.19303317053576197,0.0,0.0,0.0,1.0,1.0,1.0,1.010992976124465,1
-1.629247951492505,0.2742054009653991,-0.23258625324565252,-1.413466930700114,-0.9701929672956064,0.1273945043815056,0.0,0.0,0.0,1.0,1.0,1.0,0.45023288270042783,1
0.08270851144145837,0.9868454574918643,0.9117054490437235,0.32980188460301607,-0.6484912996017522,0.1466388231387208,0.0,0.0,0.0,1.0,1.0,0.0,0.5497253451169789,1
0.15536739760260174,0.022168847838953183,0.2466650719207486,-0.43701111999061376,0.6993406886455337,1.0169472829140889,0.0,1.0,1.0,1.0,0.0,0.0,0.5323205436387194,1
-0.07096141341678622,-0.2686632222219576,-0.7814704973233391,-0.010844277516048915,0.323081164899311,-0.17122155623992485,0.0,0.0,0.0,0.0,0.0,0.0,0.8885489769849739,1
-1.1007029252694511,-1.7019954909756643,-2.5896429998397337,-1.1983884375246623,-0.3148209410644449,0.44387686663880627,0.0,0.0,0.0,0.0,0.0,0.0,0.11544731068983718,1
0.9870677085804097,2.409627889426264,1.5930120281191587,1.4100591991745222,0.8351201864651248,-0.39394249956390176,1.0,1.0,0.0,1.0,1.0,1.0,0.55901793686217,0
0.9333794760982361,0.8678455339516205,0.6989878639230853,0.8532940011633672,0.17847031564472698,-0.29537740407234475,0.0,1.0,1.0,1.0,1.0,1.0,0.20366468705655694,1
1.2444216424815988,-0.48649888881501596,-0.0954353688782321,0.11102489148785459,-2.5201104665044767,-2.1000525830594285,0.0,1.0,1.0,1.0,0.0,0.0,1.0080607338860694,1
0.7134528028057263,-0.45500348140651997,-0.5969393756255865,-0.06956248295600594,-0.649416353259958,0.3127556939137693,0.0,0.0,0.0,0.0,0.0,1.0,1.0769098256670049,1
-0.36788420387932574,-1.1639060910692158,-1.1923960979439363,-1.1992218545640907,-1.359667986163153,-0.8362558280766489,1.0,1.0,1.0,1.0,1.0,1.0,0.27488918207724194,1
-1.4038305957365047,-0.9932803681420228,-1.0808414571299179,0.9373918962562167,0.16100520829458378,-1.2313475192520846,0.0,1.0,1.0,1.0,1.0,1.0,0.11346143887362702,1
-0.5410294582188235,0.4641149193950348,-0.0047729830695637035,1.2447636656455154,0.7707237863711218,0.7432831720245348,1.0,1.0,0.0,0.0,0.0,0.0,0.3304380085479978,1
-0.05803269649073216,0.42890239643496897,-0.7225531401881927,0.30340480506866485,0.10858074012757982,-1.190487225126849,0.0,0.0,0.0,1.0,1.0,1.0,0.5023682403219135,1
-0.9057271103574261,-2.302770981329387,-1.214993790646705,-1.1965696620599293,0.2860813046816121,0.29369108890122486,1.0,1.0,1.0,1.0,0.0,0.0,0.3540677580770343,1
-0.912503720679796,0.715008703619089,0.6552683704867682,0.13544711558483497,0.6823394316599912,0.25764333799016953,1.0,1.0,0.0,1.0,1.0,0.0,0.07089762857330142,1
0.38672853514754946,-0.16955484958516753,0.09853740150463783,-1.2958042457039063,-0.6012159519953147,-2.1490781206539307,0.0,0.0,1.0,1.0,1.0,1.0,0.4283941983863484,1
0.4329004705929029,1.3164944145876176,1.3961754326481757,1.916571254426789,0.9103702838473874,1.7646096683422299,1.0,1.0,1.0,0.0,0.0,0.0,1.5700622935952055,1
1.7239242346765895,0.07488461148036374,-0.5838929827698041,1.017047926800729,1.6813879042295938,2.4732966202589184,1.0,1.0,0.0,0.0,0.0,0.0,1.8148057001243785,1
-1.0695605735971723,-0.17289424146521581,-1.3228120963145418,-1.254084172894565,-0.14234970286318108,-0.19010687609334867,1.0,0.0,0.0,0.0,0.0,0.0,0.34417710142674934,1
-1.0234210938809232,-0.5595389709851284,-0.11419437715645787,0.6255571018388382,1.9505934028652319,-0.4462183023112452,0.0,0.0,0.0,0.0,0.0,0.0,0.8245209089552983,1
0.9193915871005957,-0.514220196591383,-0.6647672424662873,-0.23398595781820325,-0.19540665191387863,0.3784085418159416,0.0,1.0,0.0,0.0,0.0,0.0,0.5582605854318536,1
0.4947971801384274,0.5146952452193834,0.9220092326206917,1.6425639305486008,1.9622677278003846,2.817362214750743,1.0,0.0,0.0,1.0,1.0,1.0,0.8874293435675071,1
0.06455022119577157,-0.36585809212958337,1.3042902855111382,0.3025028821791498,1.0132308572867128,0.4148393599401442,1.0,1.0,0.0,0.0,1.0,0.0,1.0396919460310816,0
-1.6599196151958369,0.6221303687892252,0.9129223604069755,2.144950214126694,0.5668039900131919,-0.2662644855868426,0.0,1.0,1.0,1.0,1.0,1.0,0.03201370115089416,1
0.4654672074929424,-0.7523457671807983,-1.3036319878412306,-0.18971941250035762,0.046014360707703136,0.6873903492295786,0.0,1.0,1.0,1.0,0.0,1.0,0.7887230785140706,1
0.7058172740980253,1.5016103134398056,0.6061487422703422,1.207441466897073,1.3387766684819284,-1.0960424081212934,1.0,1.0,1.0,1.0,0.0,0.0,0.34184135778925046,0
1.1150281292075226,1.7032314151757524,1.285678078244737,2.522505508108986,1.6967881454485305,1.1591860925322526,1.0,1.0,1.0,0.0,0.0,0.0,0.8268803826106121,1
0.6454142495193419,1.134227775375176,0.6539244942372003,2.4496743181492953,1.1999014141854532,1.918661419489938,1.0,0.0,0.0,0.0,1.0,1.0,0.8136487945665871,1
1.5698781869786151,1.4807236465820643,1.4417820742439038,1.0518245161084494,2.1727745432882877,1.233243689753508,0.0,0.0,0.0,0.0,0.0,0.0,1.8421450338986929,1
0.14000029447535045,0.4156914216385382,-0.5505226356489057,-0.424152266338405,0.6894226971563174,0.725879577014407,0.0,1.0,1.0,1.0,1.0,1.0,0.3080253555622847,1
1.0544934929937704,-0.48682587674001565,0.03662534306017718,-0.6079517846507908,0.7382603792780192,-0.0651088721569982,0.0,0.0,1.0,1.0,0.0,0.0,1.2543751828746932,1
0.7336095884093184,0.944489669028803,-0.2641004411417001,-0.748138170458556,-0.49993806325357754,1.5988730014483616,0.0,1.0,1.0,1.0,0.0,0.0,0.569344902018691,1
1.4065720559881367,-0.6948732285516328,-1.5974894000000497,0.3318696224356181,-0.5973747572669483,-0.46429636044238703,0.0,0.0,0.0,1.0,1.0,1.0,1.6347922100053423,1
0.5215513332122826,0.23183122236756862,-0.6847902248850006,-0.9563647172228997,-0.528127318138287,-0.38108843028018824,0.0,0.0,0.0,0.0,1.0,1.0,0.3245126190295624,1
0.9745865831843643,1.6900398440345985,0.4099708658634022,1.4825849175798405,1.2469319294487795,0.19192596921128985,0.0,0.0,0.0,0.0,0.0,0.0,0.14502574473489194,1
0.15139893817969252,-0.6977265978615541,0.48900581182663944,1.36884991405313,1.4623922631925208,-0.11478498399429073,1.0,1.0,1.0,0.0,1.0,1.0,0.14445890070685363,1
0.9610801895696544,0.21899613467216397,0.12421294227852214,1.057655115408374,0.950727809774408,2.0133774150144723,1.0,1.0,0.0,0.0,0.0,0.0,0.6993279608803292,1
-0.45807526955902805,-0.4476085496798563,-0.9352204355455581,0.35246542152376487,-0.20740472462703452,-1.3167516489638609,0.0,1.0,1.0,1.0,1.0,1.0,0.831544040847665,1
0.8198617871233103,0.4667415650039934,0.5502217370766952,0.259389363932433,0.8731185576152922,0.9823183421555975,1.0,1.0,1.0,0.0,1.0,1.0,1.5083940975896577,0
0.87061047509258,-0.10022477979176872,-0.3362752389830918,0.11604932786735347,-0.030706850668734225,-2.0202141870726193,1.0,1.0,1.0,1.0,1.0,0.0,0.6661993130724715,1
-2.584552226258948,-1.3421458361685974,-0.8437773206914474,-0.8924506510245703,-0.46438947088492444,0.8963088811164773,1.0,0.0,0.0,0.0,0.0,0.0,0.09794175792922788,1
1.5008905357450346,2.405461706628052,0.4506958639979387,-0.08810026262958659,-0.6003907336375506,-0.7763876038289678,0.0,0.0,0.0,0.0,0.0,0.0,0.5269483084720267,1
-0.3236666397116431,-1.0111949084929206,0.7509539509927,3.6544731770721164,2.508709371426005,1.0911176170340702,0.0,1.0,0.0,1.0,1.0,0.0,0.26625517970663337,1
1.7808040857897236,1.099533275353337,1.9842327170120708,2.477865544615283,1.34917271710968,-0.09334835886259826,1.0,1.0,1.0,0.0,1.0,0.0,4.912572611443686,0
-0.8452743961520577,0.3859118037652352,-0.9138728143169008,-1.1407301903381815,-0.6583414205047363,-0.5064789278808162,0.0,1.0,0.0,1.0,1.0,1.0,0.14131697705413987,1
0.7389835161213427,0.9049182009431638,1.0531841567646512,0.834013410880835,1.143513911121748,0.9475464790908904,1.0,1.0,1.0,1.0,1.0,1.0,2.250000452062166,1
-1.0367201781307855,-0.23853973040154142,-1.6512516024305612,-0.7226263969866663,0.5629915154833062,-0.06159143580714274,0.0,0.0,0.0,0.0,1.0,1.0,0.19520106710226373,1
-0.4924541628750654,0.30479598607317526,0.9295795656218823,0.5301961269318883,-0.827408119630784,0.6151073567904556,0.0,1.0,1.0,1.0,1.0,0.0,0.8465173458275699,1
-0.5245966853602169,-0.5160076743065829,-0.48055871144480955,-0.8015650755060202,-0.9505396567780859,0.667586778162432,1.0,1.0,1.0,0.0,1.0,0.0,0.33667522225183677,1
-0.8591609837990567,0.02060279653720008,-0.11039048430264012,-0.21710375686099,-0.6762223053160357,1.0268132342103775,1.0,1.0,1.0,1.0,1.0,1.0,0.48007472481750696,1
0.5298910001911812,0.4265602896578308,-0.401970301182351,0.775400659792154,-0.4843748447379931,-0.718437143240829,1.0,1.0,0.0,0.0,0.0,0.0,0.23423633817853964,0
0.9972990733687674,0.32129662740057086,0.03576745439254614,-0.6896958832528226,-0.20089884213779696,1.8002159729451634,1.0,1.0,1.0,1.0,0.0,0.0,1.7992052275616215,1
1.3384569331178386,0.929461256186192,1.0640261487474432,2.0466981299477767,0.729908402091153,1.6078212728871386,1.0,1.0,0.0,0.0,0.0,0.0,0.4961792783536523,1
0.6298030197078911,0.9372145762618168,-0.4267073922651688,-0.1661233478060064,-0.3375315502888545,-2.6005853563752535,0.0,0.0,0.0,0.0,1.0,0.0,0.5982798794058625,1
-0.27348715163950993,0.706119486759873,0.2988276591761547,-0.9139707634379061,0.024508167940885204,-1.123599229125173,1.0,0.0,1.0,1.0,1.0,0.0,0.8488665681133889,1
1.7511933988965422,1.6709965517270435,0.29598176252437786,0.027816119539412733,-1.4512980776277085,-0.6190445567956462,1.0,1.0,1.0,1.0,1.0,1.0,2.6203887543189417,1
-0.5261732081168656,0.06349095971816993,1.8203288847054617,-0.45695287084146247,0.8195531684995807,0.30571063339785864,1.0,1.0,0.0,0.0,1.0,1.0,0.6366115707667058,1
-0.13627811602702877,-0.3449173696040202,0.2444315469402857,-0.08303434228157876,0.9907750020023495,0.7636452717989513,1.0,1.0,1.0,1.0,1.0,1.0,2.0045916199587968,1
-0.45431883592094063,-0.756499889354169,-1.1820632775794728,-0.5293687871861811,-0.7130602083470664,-1.577090939984102,1.0,0.0,1.0,0.0,1.0,1.0,0.47824048973969274,1
1.1287985661003985,0.8721020289615427,-0.7103907503195077,-1.1580256162931137,-0.5683622336239753,-0.00860482356848789,0.0,0.0,1.0,1.0,1.0,0.0,0.45619771737049386,1
-1.0488304195368987,-0.4403145117985395,-0.6646985423433686,-0.48116411164533934,0.22159378209044356,-0.15834407449036092,0.0,0.0,1.0,0.0,0.0,0.0,0.42299680657636723,0
0.15656140097413024,-0.935325943604786,1.2404728554277769,0.0690589027987997,0.8964143996625902,0.9260013663893408,1.0,1.0,0.0,0.0,1.0,1.0,1.4845375206187779,1
0.05821192603969798,-0.2922441127785422,-0.4526564867857685,0.3151878396073023,0.18681043081783505,0.6380626361493617,1.0,1.0,1.0,1.0,1.0,0.0,0.1002968617692279,1
-0.05724119570229944,-0.5207897863693977,-1.6068332644433039,-1.6379993553092735,-0.5853435791136283,0.036565679481120446,0.0,0.0,0.0,0.0,1.0,1.0,0.27118448374290155,1
0.9959497648996847,1.2417758518667894,2.0247858504597764,1.8872744776591546,1.7839422287973885,0.6463957613802016,1.0,0.0,0.0,0.0,0.0,1.0,1.2669238831639116,1
0.09360172357450561,-1.406736635933036,-0.07285878184810314,0.22500469232270742,0.43965748031067486,-1.0774280066908863,0.0,0.0,0.0,0.0,1.0,1.0,2.121738132908465,1
-1.0114564827816759,-0.11651609546289576,0.5694212127382366,0.7068343413190159,-0.6239281999997868,-1.6094289163367332,0.0,0.0,1.0,0.0,0.0,0.0,0.5239896619353107,1
2.8865657958177766,1.424482299756736,1.3498303850057156,1.0332574431104502,0.4545322153060584,1.9697008886376408,1.0,1.0,1.0,0.0,1.0,1.0,5.655006805222497,1
0.7173463913282746,-0.22831725775847858,0.10559769560090514,0.12999599266454628,0.5353683961448856,-0.2245027608364235,1.0,1.0,1.0,0.0,1.0,1.0,1.5273830362398924,1
-0.10233048734268274,0.5221745666439017,0.3816163976223613,-0.03726643708782475,-2.079230364130604,-2.2900443640977866,0.0,1.0,1.0,1.0,1.0,0.0,0.19708450168852146,1
0.18226276988135215,-0.06430291978493091,0.6874267558933654,0.36429880547088844,-0.1299096794430388,-0.8949035887856256,0.0,1.0,0.0,0.0,0.0,1.0,0.290807224291161,1
1.424216774516798,1.174783645679999,0.9668697487969551,0.6393152428681065,1.548621423623266,0.24836817697296656,1.0,0.0,1.0,1.0,1.0,0.0,0.9360713258469611,1
-1.0140492523334477,0.16077643425423646,0.32025039695049384,-0.8137780403377874,-1.7654826131113446,-1.3889001301894461,0.0,0.0,1.0,1.0,1.0,0.0,0.38559975492429965,1
-0.9976274288309767,0.11334719038847622,-0.6068735555806265,-0.18969827463584185,0.1191754083412959,1.0825307401285207,0.0,0.0,0.0,0.0,0.0,0.0,0.2387416039067887,1
0.5504094126017931,-1.0029679323171594,-0.8206761856880841,-0.8527668205587732,0.13433639635562145,0.5108008322817775,0.0,0.0,1.0,0.0,0.0,0.0,0.30297720349670987,1
-1.0957185574127344,-1.5770431651642005,-0.8781112167238874,-0.2221132960183008,-0.6373247507430163,-0.3984274823301562,0.0,1.0,0.0,0.0,0.0,0.0,0.25973547093907123,1
-0.6714019958460158,1.3270567900393506,-0.42072955115649296,0.40397229578862764,1.6045714105744682,0.9322438782230279,1.0,1.0,1.0,1.0,1.0,1.0,0.15100453440312106,1
-0.3871669110550963,-0.11888809918607957,-0.3680982123786845,0.1034353508511112,-0.08821363008755342,0.4293083884098746,0.0,0.0,0.0,0.0,0.0,0.0,0.23760618235881295,1
-0.46539963153853386,-0.2703322306303372,-0.7205308401930806,-1.0368412369255953,-0.22170647023837176,-0.8147204027517824,1.0,1.0,1.0,0.0,0.0,1.0,0.07768012615500351,0
0.8570993093387588,1.7951760242143864,-0.06446266437828971,-0.27022038228456996,-0.5018479286053206,0.42185646392695964,1.0,0.0,1.0,1.0,1.0,0.0,0.6551438117096727,1
0.9778054596325061,1.1892515893606488,0.653501116591585,0.18200524337431168,1.15522797453758,0.08635668344992152,0.0,1.0,1.0,1.0,0.0,1.0,0.5946251902041285,1
-2.565192695195774,-3.418124101560163,-2.543232168446197,-1.0815573579956206,0.9707991517993323,-0.18804965265122434,0.0,0.0,0.0,1.0,0.0,0.0,0.07411628087332665,1
-0.0018286915238382737,0.730692486763811,-0.889718884065098,-0.7523115364113878,-0.5954404162255554,0.7038031235699328,1.0,1.0,1.0,1.0,1.0,0.0,0.394284835610792,1
0.05067155390805429,-1.2386018067223576,-0.5445536463633831,-0.6135509587471005,-0.5026430281709183,0.13961781933486866,0.0,0.0,0.0,0.0,0.0,0.0,0.29094854771738377,1
-1.3593482730661002,-0.11416598491318358,-0.1481637126287354,-0.3281086774877699,-2.31688789246751,-1.9799849915127805,0.0,0.0,0.0,0.0,1.0,1.0,0.16532005227177338,1
0.5469264992526038,-1.3962389748665924,-1.2370290351428936,-0.590720762540596,0.41594061777107116,0.451205691234356,1.0,1.0,1.0,0.0,1.0,0.0,2.570194073955038,1
-0.24090673005000585,-0.6200364833016264,0.3406350869697893,0.2979090640739841,-0.24411119751389307,0.4059257682551096,1.0,0.0,1.0,1.0,0.0,1.0,1.2213568264781507,1
0.3071110642230445,-0.03470754891477074,1.3735023022580877,1.5521091538639733,1.1958656956440807,-0.7168456800068771,0.0,0.0,0.0,0.0,0.0,0.0,0.5505081949106411,1
-0.5070209900217154,-0.7593436672184567,-1.8129498283794776,-0.16293546389894978,0.019075245784182435,-0.18146609940800712,1.0,0.0,0.0,0.0,0.0,0.0,0.2483320322348998,0
0.8377080971194917,-1.079863392602322,-1.7480498536182536,-0.34306477417988834,-0.7726463200500888,-0.6964867197795227,0.0,1.0,1.0,1.0,1.0,1.0,0.4452203775733486,1
0.13169978918459216,-0.6360056089752698,-0.3256069495847455,-0.9649660798701208,0.11921201371468587,0.05609791301772842,0.0,0.0,0.0,0.0,0.0,0.0,0.5502255431042591,1
0.31058352817346563,0.6746987458685925,-1.3629934389403426,-1.5358164834948502,0.21974016542453592,-0.5355828045798602,1.0,0.0,0.0,0.0,0.0,1.0,0.27945183816196434,1
-0.10552673692900078,0.5228290865448714,-0.06600944823185263,0.08334267750975943,0.0703333928037422,-0.46013321301091803,0.0,0.0,0.0,0.0,1.0,1.0,0.1610368530105145,1
-2.217704804046238,0.0356573880491029,-0.8990253145930625,-2.2753356609038944,-1.604449294007581,-1.6876972284486123,0.0,1.0,1.0,1.0,1.0,1.0,0.041377236105871636,1
-1.3247652336968752,-0.6798863629176082,-1.348948217895666,-0.28790852744151807,0.5864368248331868,0.6802545897842251,0.0,0.0,1.0,1.0,1.0,0.0,0.07553572657839593,1
-0.9153949931820019,0.2036228957167445,-0.2937852825812194,-1.1586456790097763,-0.845816117448686,0.06469651909880589,1.0,1.0,0.0,0.0,1.0,1.0,0.2516153663626202,1
-0.21289924016138734,-0.4007749278809531,-1.057217649833919,-0.906269968834206,-0.8475054424404896,-1.5687750848346473,0.0,0.0,0.0,1.0,1.0,0.0,0.3144430455236926,1
-0.5052385070185242,0.17809611218007287,0.7936287057217419,-0.817847263186919,-1.0336012770992355,0.5097346915059326,0.0,0.0,0.0,0.0,1.0,1.0,0.3059261418741745,1
-1.562758260489232,-2.373301774475232,-0.8475570038941327,-0.6341084065710153,0.8165624543127393,0.6276148838997292,1.0,1.0,1.0,0.0,1.0,1.0,0.9742215718694832,1
-0.9557061834259134,-0.7874136271264764,0.21691513306094906,-1.9141567531366115,-1.871376762454358,-0.3409534824108885,0.0,1.0,1.0,0.0,0.0,1.0,0.1906657871998348,1
-0.24683570035329286,-0.7745457859748339,-0.8540888030063519,1.377917407012448,0.5691896000755542,-0.33331062761783314,1.0,0.0,1.0,1.0,1.0,0.0,1.806759558123942,1
0.07837825136810565,-0.11069527380506025,0.2606099447662979,-1.6644436739338428,0.04628567692479646,1.2992359952812624,1.0,1.0,1.0,0.0,0.0,0.0,1.1407788404483807,1
-0.41197302099713884,0.3583673865887415,-0.3427893142805728,-1.1600918704516465,0.06520190451378084,0.9496163918512488,0.0,1.0,0.0,0.0,0.0,0.0,0.30061093526485616,1
0.07178096198982599,-1.8328784739962738,-1.4803945238324008,-0.8148597032804203,-0.36452361638865566,0.5763157078805223,0.0,0.0,1.0,0.0,1.0,1.0,0.9588932396919491,0
0.2585523172712518,0.015658499135725906,-0.2951675180912966,0.741252478444843,1.0870976684992224,1.112461379335071,0.0,0.0,0.0,0.0,0.0,0.0,0.30989431740793755,1
1.0084476490777472,1.3366721190350377,1.2497974691656466,0.9595502735114496,-0.013248255819264223,-0.7031773347577044,0.0,0.0,0.0,0.0,1.0,1.0,0.7768155265959487,1
1.9770223759081211,1.1613669639428248,-0.6142920533421008,-0.39731339992832665,0.052976104126585856,0.9290460187680708,1.0,0.0,0.0,0.0,0.0,1.0,1.4661566501697167,0
-0.20447731264153987,-1.4296445987797084,-0.2692600671265115,-0.4514454126474295,0.1880440186621923,0.23780840275175757,1.0,0.0,1.0,1.0,1.0,1.0,1.881207937010956,0
-0.18253376322139372,0.531307746159106,1.2478416246542963,1.7474581717745556,0.9084448032430924,0.6620266776161337,0.0,1.0,1.0,1.0,0.0,0.0,0.3880934095252803,0
-0.11876952445203329,0.34224918730008685,-1.9605059966923803,-1.0834618106268952,-0.08834288458749508,-1.4824988059621038,1.0,1.0,1.0,1.0,1.0,0.0,0.3899352718760848,1
-0.4425632385249983,0.20014993631617456,-0.3832081534687272,-0.01773149874243474,0.2098347979503757,0.9009934590082158,1.0,1.0,0.0,0.0,0.0,1.0,0.1344422299109176,1
0.20093972024736131,-1.1914536818313493,-0.4827438373673774,1.3752369492077559,1.6391198354926055,1.863946709670161,1.0,0.0,1.0,0.0,0.0,0.0,2.5859545868918388,1
-0.09185071527199229,-0.7099437046064841,0.16206605437506844,0.026753376790483327,0.5099845014835803,0.9532885221446503,1.0,1.0,1.0,1.0,0.0,0.0,1.4808854750449911,0
-0.048390349237914035,0.5383090709494162,1.27399195519121,0.9054738203910412,0.547624191932069,-0.9604726871112453,0.0,0.0,1.0,0.0,0.0,1.0,0.9743215528903133,0
0.27022666051989336,1.748090837844816,1.09073994255065,0.19841251086495104,0.013885533217597603,1.3964667323397615,1.0,1.0,0.0,0.0,0.0,1.0,0.4288125748576587,0
0.5135682375484389,1.0343972282171332,-0.03558582571099064,-1.0641452546534391,-0.2740053003971485,-0.027835590819080554,0.0,0.0,0.0,0.0,0.0,0.0,0.9663834956961515,1
-1.1869263618338326,1.163847557372389,-0.23998296756056703,0.5929024244098393,0.12010216494350348,-0.18567865298308905,1.0,1.0,0.0,0.0,0.0,1.0,0.277902588022459,0
1.3202956548020894,0.6369474794322034,0.036279824811709036,0.015176916615998386,0.6761608020200419,-0.25263279976639025,0.0,0.0,0.0,0.0,1.0,0.0,0.31779480086389916,1
-0.34905996411422446,0.6255758527611873,-0.5513453947920584,-0.13281094517340378,0.20310714203177282,-0.1607475173420136,0.0,1.0,1.0,1.0,1.0,1.0,0.17853509423147762,1
0.758883155979187,1.072788844947358,2.2184867481744512,1.5881191212329488,1.6473938199240792,0.21918434231439526,1.0,1.0,0.0,1.0,0.0,1.0,1.8279945314629178,1
0.7513918974484318,0.1191970116887534,0.5094042361938512,-0.37381406724299365,-1.4990570083613282,-2.7933217769292407,0.0,0.0,1.0,0.0,0.0,1.0,1.2122449249329554,1
-0.8415607297660584,0.240521067870877,-0.10616252351285457,-1.354835792390979,-0.07768787947598094,0.8620681075682475,1.0,1.0,1.0,1.0,1.0,1.0,0.9781062620221472,1
-0.14324219313126535,-0.440537361974476,0.33213636224528215,-1.0650595930264715,0.029935231906461784,-1.5986177436575653,0.0,0.0,0.0,0.0,0.0,0.0,1.2084365976314824,1
0.4156395498512638,0.6009054991658378,0.8910495103690913,-0.3380753554742128,-2.1585718443346766,-0.7626279474760315,0.0,0.0,1.0,1.0,1.0,1.0,1.153600827109977,0
0.018705967498975535,0.08137926697167612,-1.03822411760785,-1.378623469540721,-0.6184620791189535,0.5845829552893721,0.0,1.0,0.0,0.0,0.0,0.0,0.025796833521083466,0
-0.4122763213307065,0.06485971619067053,-0.35100127165611333,-0.7250552523133146,0.1545082416120575,1.8009961171175948,1.0,1.0,1.0,1.0,1.0,1.0,0.16485864736985453,1
0.49656364318249085,1.0591787411324927,-0.2530393800353644,-1.041693321123233,0.41144203028932064,1.883307377862631,1.0,1.0,1.0,0.0,0.0,0.0,0.04585014141982855,1
0.6486931070647239,1.9240164683350751,1.2952108465167809,1.7115093858978154,1.282926067215622,0.17410170588777554,1.0,0.0,0.0,0.0,0.0,0.0,0.501370760234818,0
-1.4169787342757234,-2.3348589957524637,-2.0070630204020055,-1.9192399660916728,-0.28772498889848125,-0.9953694751371323,1.0,0.0,0.0,0.0,0.0,0.0,0.3395391279627576,1
0.18855562175042764,-1.4616288925718788,-1.576154640831281,-1.0296436034489953,-0.9991688066781773,-1.0186879853967883,0.0,1.0,1.0,1.0,1.0,0.0,0.08340573533557616,1
1.2290404915630755,0.4899311941575724,0.9704218501468965,0.03855388974572802,1.4807017550120034,1.2244634161606613,1.0,0.0,1.0,1.0,1.0,1.0,3.22583468062015,1
-1.3097682437202949,-0.6801233959296624,1.0985642131003115,-0.6189355013625918,-1.6846912194592698,-0.555075468757948,1.0,1.0,1.0,0.0,1.0,1.0,0.3438396882634063,1
0.12558331185017108,-1.0147080737779792,-0.3845930568746044,0.5309603952820258,0.28889558611304944,-0.4797770473212101,0.0,0.0,1.0,1.0,1.0,1.0,1.1263377220082793,1
-0.6620736629339632,-1.1926917484293789,-1.2652899806864193,0.2479112900556911,0.6670169495350178,0.21525320567134024,0.0,1.0,1.0,0.0,1.0,1.0,0.7609461241324388,1
-0.8931441867945941,-1.026828031426694,-1.7496061970328376,-1.849536797496341,-1.7193282101848955,-2.024582572445421,0.0,0.0,1.0,1.0,1.0,1.0,0.5490477578679277,1
0.33949151771139596,0.5696745227891786,-0.28045407456947646,-0.6394450518832665,-0.3934136719816433,0.35326578107692147,1.0,1.0,0.0,0.0,0.0,1.0,0.39675048140337443,0
0.3594926407453029,-0.4929807866863842,0.47361330693456244,0.8192232179832901,1.483359599865119,2.3777559716438947,1.0,1.0,0.0,1.0,0.0,1.0,1.864833050681619,0
-0.31471881522511086,-1.3502818815114466,-1.0793258887517347,0.5251009475791175,0.07346171703156537,-0.29749766272225986,0.0,0.0,0.0,0.0,0.0,0.0,0.2835699327999422,0
-0.17894877042227184,-0.11400805676418953,0.2925254417622829,-1.414122320629705,0.18177300968191398,0.5908454689930441,0.0,0.0,0.0,0.0,1.0,0.0,0.3556053246996403,1
0.7762173005442439,-0.3395176521898323,-0.9773242342969249,-0.08847435157713161,-0.7758524159341962,-1.3420700648021782,0.0,0.0,1.0,1.0,0.0,0.0,0.6996454914328062,1
1.6061542312813943,1.5040671995107726,1.5817286552902643,0.8105930499534109,-0.2710178715052572,0.15880530679334365,1.0,1.0,1.0,1.0,1.0,0.0,2.7536662592825136,1
-1.5262891052188132,-1.6269662902369029,-1.408329011644174,0.15138525232509384,0.9010783740241887,0.9939772489612069,0.0,0.0,0.0,0.0,0.0,0.0,0.23275787030364628,1
0.11709658394282395,1.3598102335001439,0.11405794554810655,-0.5283897764336907,-0.5884880111134594,0.34553672884758074,1.0,1.0,1.0,0.0,1.0,0.0,0.5085753111606264,1
0.5163506034749157,-0.16523587152662267,0.4912212472763037,0.2779563579397831,0.3180076212671774,2.0445238837253643,1.0,1.0,0.0,0.0,0.0,1.0,1.6018451066020638,1
0.21589453077422507,-1.0302735854513745,0.28820780187691397,0.12001608879340336,-0.1302846140748999,0.36678509254051245,1.0,1.0,1.0,1.0,0.0,0.0,3.5561577139947524,1
-0.05473621521036782,1.225889649188289,1.4440844028663637,0.6359629320574594,0.1759100378725363,0.11283469957119817,0.0,0.0,0.0,0.0,1.0,0.0,0.42163117026698627,1
-1.4024314574400023,0.9645682230685257,0.2522243351290761,1.4325909034725657,-0.2758529646335541,1.324720734969563,1.0,1.0,1.0,1.0,1.0,0.0,0.21192198438801116,1
-1.5262123223511714,-0.9051039173137236,0.22381775691318578,0.10761467843537571,-0.26435292607117916,-1.8420565304812175,1.0,1.0,0.0,1.0,1.0,1.0,0.1739210107080032,1
0.8241812785998752,0.3425793774152236,0.2568902724462617,-1.8710259942412735,-0.8961275499119377,-0.5532952849515339,0.0,1.0,1.0,1.0,1.0,0.0,0.13383232656567104,0
-0.4211388042442209,-0.16222667356445292,0.5900427557793013,0.5416368035217516,1.0857398339488131,0.38655842042203004,0.0,1.0,0.0,1.0,0.0,0.0,0.2369815480316739,1
0.28588262733963216,-0.7369300319271991,-0.5137836808341418,0.5638052147509784,-0.4354282886239663,-0.9047628684185541,1.0,1.0,0.0,0.0,0.0,1.0,0.41569627921169405,1
0.41550925767733077,0.5692754180548297,-0.027969496868853774,-1.0427284708184066,-0.7250212683129711,0.5290002785840873,0.0,0.0,0.0,0.0,0.0,1.0,0.5023245224160012,1
2.5048380428383883,1.5829424443985165,1.7736358659575666,1.8542648950663234,0.44935312081786155,-1.1297765480854343,0.0,0.0,1.0,1.0,1.0,1.0,0.957561959989563,1
-0.004246251896624573,0.07366886961162968,0.7454344988556302,3.4198567560575284,2.3114248148351058,0.13913967103760314,0.0,0.0,0.0,0.0,0.0,1.0,0.8651575889127647,1
0.492583954478892,1.2416309242955985,2.1262915009571004,0.6587735252156958,-0.48221343231199726,-1.521604086936416,0.0,1.0,1.0,1.0,0.0,1.0,0.5568711889726938,1
1.1711648463145732,0.33863155971518816,-0.7022011344009983,0.35961636512138484,0.13605621998617054,-0.8668261186409494,1.0,1.0,1.0,1.0,1.0,0.0,0.6905825547193905,0
-0.4589114009704052,-0.9377891522931332,0.5120108716611413,-0.6654449324192927,-0.11209318554984943,0.5939993887087239,0.0,1.0,1.0,1.0,1.0,1.0,0.9169454134128584,1
-0.8215743097666183,-0.3308490281632033,-0.8955696061035749,-1.6340043312031658,-0.12904865214835992,-0.9164468672393896,0.0,0.0,1.0,0.0,0.0,1.0,0.11570873079440325,1
0.006728605433549881,0.033628999617390895,0.09987588320097993,-0.5909436144141329,-0.7411960116576821,-1.8363033225540315,0.0,0.0,0.0,0.0,0.0,0.0,0.33163311567724,1
-0.49746374700096063,-1.5478730694875351,-0.3450724931170151,-1.0140130812778858,-2.402245350033445,-1.3489961369895478,1.0,1.0,0.0,1.0,1.0,0.0,0.5411385131626603,1
0.0500117335341332,-0.6632832712978737,-0.44189943761193806,2.2165091786068296,0.03791700363606002,-0.5088235618294266,1.0,1.0,1.0,1.0,0.0,0.0,0.8234002571646742,1
0.16519208901449536,-0.5229435932210481,0.380838395261931,-1.8018216222731815,-0.7004231226493702,0.40532078097164936,1.0,1.0,1.0,1.0,0.0,1.0,1.88894931637017,1
0.678150240288603,0.8670952050311856,1.4390893520357646,-1.232811670788613,-0.5251558133193375,-1.4279387375482027,1.0,0.0,1.0,1.0,1.0,1.0,3.27460028713777,1
0.036410841697802475,0.17844390203093238,-0.07182676926643482,1.7314343249492081,1.8601714677759116,-1.7061337440400441,0.0,0.0,0.0,1.0,0.0,1.0,1.091276756916772,1
-0.3079859606424624,-1.0185364583529595,0.24925226622204097,-0.531293891968829,-0.8317522588962047,-0.49414577059043213,0.0,0.0,0.0,0.0,0.0,1.0,1.7836376893061765,1
-1.268288917944374,-0.10920047203491512,0.7361077885603724,0.8968302590536247,-0.24519155112108032,-2.0572699173349265,0.0,1.0,1.0,0.0,0.0,0.0,0.35957163264895414,1
-0.19276709635274525,0.14724252330935217,0.05752841395958308,-0.1789025808704753,0.09075475350866394,-0.26884386593611476,1.0,1.0,1.0,1.0,1.0,1.0,0.4184641446028481,1
0.2948441234422795,0.14251141794733851,-0.6706498050585681,0.045242249854023045,-1.904874608700151,-1.8668964998573938,0.0,1.0,1.0,0.0,0.0,0.0,0.3016821639273859,1
-0.16182250412078886,-1.3383113342160529,-0.9001984567865666,-1.283866409438413,0.10467882403973318,0.007757385391247795,0.0,0.0,1.0,0.0,0.0,0.0,0.6001170649378554,1
0.003048870071222329,0.1821224141936835,0.7434196820505811,-0.0006126824580788265,0.4825850550175115,0.26896610503680124,1.0,1.0,1.0,1.0,1.0,0.0,1.0798462708877477,1
0.5547217551710834,-0.21906788935988283,0.3419872474398244,-0.8995430298233568,-2.0608872661819695,-1.3813792750893625,0.0,0.0,1.0,0.0,1.0,1.0,0.20672411141128064,1
1.9502314907670717,1.29821181196066,0.7984099882729144,1.8824420919106246,1.4113343306914778,1.0098714555223127,1.0,1.0,1.0,0.0,0.0,1.0,1.5832992661674363,1
0.8244937300333114,0.8475446611660826,-0.31034633573156517,1.3211264943767127,2.412316070755576,0.8703596146145736,1.0,1.0,1.0,1.0,1.0,1.0,0.657595735204519,1
-0.4396734587384926,1.4413043454859813,0.6291682222334849,-0.700402030897794,0.08296596624576295,0.8072550832764166,0.0,1.0,1.0,0.0,1.0,0.0,0.030823217574664562,1
1.2381933070231672,-0.6654538159226914,0.5533275421135261,-0.8112511504335466,0.3635966546060293,1.501546342888914,1.0,1.0,0.0,0.0,1.0,1.0,2.747760052603228,1
-1.2544129683430276,-0.7602368762620272,1.266798208363768,1.0740764873311253,0.9846419185262494,0.7519767178026503,0.0,1.0,0.0,0.0,1.0,1.0,0.4042657909226338,0
-0.03772710766511772,0.7576035652500149,1.054591353899264,-0.4880812208994694,0.20093895182783117,0.38854575252544293,1.0,1.0,1.0,1.0,1.0,1.0,0.3636232176273597,1
-0.2300706265365706,0.21852700873384567,-0.00707866621396889,-0.07640753653838489,0.9588856070438634,1.8760747042072872,1.0,1.0,1.0,1.0,1.0,1.0,0.7982021314469244,1
-1.3472407078218642,-1.388587415380265,-0.6494062715638923,0.6984835295761554,-0.2894681056513255,0.025008731652410007,0.0,0.0,1.0,0.0,1.0,1.0,0.7532020579828623,1
0.3533660237693756,-0.536984837613468,0.1886593194095312,1.1816178892294253,1.0999859334041857,-0.013901228453719428,1.0,0.0,1.0,0.0,0.0,1.0,2.681930259323107,1
-0.30533678223116806,-2.0027673020548105,-1.2961389087065123,0.32639406652619113,-0.6630306644690169,-1.1064364500067987,0.0,1.0,1.0,0.0,1.0,0.0,1.0443236391925066,1
1.1408398265467299,-0.013830731678651011,0.0817208579082101,-0.3521095940644227,-1.3722165538238087,-0.9442637967402076,1.0,1.0,1.0,0.0,0.0,0.0,0.3094868622589533,1
-0.0594142096933628,0.639228489905652,0.7561743850742388,2.462229235905695,1.7015117124735504,0.6072797287292097,1.0,1.0,1.0,1.0,1.0,1.0,0.5704499207090932,1
0.47728892929770017,0.37943110723959134,-1.2826602112175796,-1.210272007117321,1.0130657195324326,-1.4004262035651407,1.0,1.0,1.0,1.0,1.0,0.0,0.413339010252098,1
0.6125651935143219,-0.599009235512855,0.3163801252947062,-0.3170062947823982,0.6084197277659956,0.1754512332540353,1.0,0.0,1.0,1.0,1.0,0.0,2.6999109816891127,1
-0.6625812260241032,-0.2507272291340773,0.39721479430376533,0.2921421434021994,0.2678292426438708,1.2483078401674979,1.0,1.0,1.0,1.0,1.0,1.0,0.3330215648612709,1
-0.6142763201567967,-2.0371655592522475,-0.8883212266349176,0.9855953850949359,1.019252906902341,0.7821768627564998,0.0,0.0,0.0,0.0,1.0,0.0,0.2872997286482425,1
-0.7987178265827312,-0.8015374046479974,0.29118192628135176,-1.0796879025616004,-0.6662058499604416,-0.6683220983876126,0.0,0.0,0.0,0.0,0.0,0.0,0.40784238617883506,0
-0.18595216633391495,-0.36725584753076024,0.9341848622055986,2.0753694257643747,1.0387917289947342,-0.17812140025616435,0.0,0.0,1.0,0.0,0.0,0.0,1.283201532662753,1
1.7176161382993245,0.4769262042916303,0.980098464794324,1.0856905645567845,1.288903100611677,1.237447983942051,1.0,1.0,0.0,0.0,0.0,0.0,1.5050302185485946,1
-1.894634056866821,-2.036038489134258,-2.395331102054585,-0.8933545444376677,-0.2827591203479755,-0.2138451599766772,1.0,1.0,1.0,1.0,1.0,1.0,0.4823640326774009,1
-0.19421830621113315,-1.733897536296103,-0.8128647983012977,-0.19381063971141535,-0.12945532275992994,1.4994103852387863,1.0,1.0,1.0,0.0,0.0,0.0,1.478144610256218,0
-1.1704082648573328,-2.4654139078441486,-0.7772151099455508,0.8984581515822413,0.9533226098308322,0.44177275594751414,1.0,1.0,0.0,0.0,0.0,0.0,0.4605249928632261,1
0.13638859784693744,-0.04489418864104509,1.7088765192385689,0.6350291450108574,-1.934234283207001,-1.7851719930953216,0.0,0.0,0.0,0.0,0.0,0.0,1.4394872712541447,1
1.5938885841869266,-0.8535573001641323,-1.2756701205414724,-2.6663526212951596,-1.436508206828043,-0.5264963869641032,0.0,0.0,0.0,1.0,1.0,1.0,0.5264495498308679,1
0.3271010248802111,-0.32358569417760413,-0.2566126322909966,-0.059267780300011785,1.770938201166875,0.6592394434571824,0.0,0.0,1.0,1.0,1.0,1.0,1.1870013139820443,1
0.2907201362190365,-0.32114944613532853,1.1821535008830355,1.2522370076139895,1.4512170036404104,0.7357573203425284,1.0,1.0,1.0,1.0,1.0,0.0,2.7986028911712486,1
0.08931853119372016,-0.24865943612339952,0.5315461476556815,0.7207310530594379,0.9867780147961939,0.4629064205378435,1.0,0.0,1.0,1.0,1.0,1.0,2.2275055773562134,1
-1.1322222515140228,0.7426601039269894,2.415752029556659,-0.02044834753378704,1.04226564661681,0.6870451698712038,0.0,1.0,0.0,0.0,0.0,0.0,0.1475147484130976,1
0.11056710514069575,0.560494869861345,1.4882501625745252,1.2354841112501915,-0.22848118208143342,0.7438270115040996,1.0,0.0,1.0,1.0,0.0,0.0,0.645637042309243,1
-0.8788428785872515,2.18287173420075,1.2893667430645803,1.3584008982888554,1.7470996938769396,0.9308432131826082,0.0,0.0,0.0,0.0,0.0,0.0,0.43800479025589945,1
-0.6307754231303367,0.7834380673620623,1.2281154020035365,1.086086151594068,0.3014487629016218,0.48584305649938336,1.0,1.0,1.0,1.0,0.0,0.0,0.1210486399124854,1
-0.27014203721583174,0.5754193061407791,-0.7289783297713595,-0.20785951830203767,-1.9598881742763112,-0.04764125484898337,1.0,1.0,0.0,0.0,0.0,0.0,0.34046047113835537,1
-1.3065000427326223,-0.699117034522116,0.7752342441035373,0.2979498694358992,0.9885490403022789,-0.12945346865741114,0.0,1.0,0.0,0.0,1.0,1.0,0.4056323350585117,0
-1.8404211136582282,-0.6946863721957225,-1.1078205500784488,-0.35290055970039935,0.4124239921561995,0.3611908018966126,0.0,0.0,0.0,0.0,0.0,0.0,0.31743400592162335,1
0.10063000027186139,-1.108186034923951,0.46978665753441917,-0.33200315310593237,-0.8797677701794918,-0.7705927639863215,0.0,1.0,0.0,1.0,0.0,1.0,0.18365871604832862,1
1.111852611654362,-0.4753983148890506,-0.6956056627821674,-0.6681723352497119,-1.5909771866829703,0.20864269419152978,1.0,1.0,1.0,1.0,1.0,1.0,1.400043011715968,0
0.3544159910626591,-0.023646392228659305,1.6072537119548977,0.6797877895913156,1.4902324801097662,1.3973974921414378,1.0,1.0,0.0,0.0,0.0,0.0,1.494631322691642,1
0.22086684863622513,-0.1626128750344876,-0.4907027535319304,-1.0493349255526547,-0.7868794612108299,0.737014554599086,0.0,0.0,0.0,0.0,0.0,0.0,0.5520073603184994,1
0.10070282372937531,-1.3618314582759714,0.4127048571512437,0.7173854165909607,-0.1692433649235434,0.868351924670998,1.0,1.0,0.0,1.0,1.0,1.0,2.1774726856396436,1
0.7436809569395604,0.41790739043697755,-0.21845720435769447,-0.35924737699974596,-0.011967086682089555,-0.876419658254184,0.0,0.0,0.0,0.0,0.0,0.0,0.484247633943072,1
-0.480137189386305,1.011754939370906,0.9900400083641968,0.6237229479555145,0.21162273630983827,0.24986659822261167,0.0,0.0,1.0,1.0,0.0,1.0,0.543537128123097,1
1.0418089147803655,1.1203212467925974,-0.44236219594415443,-0.8849930094018039,-0.6679042556904812,-0.5713286466539709,0.0,0.0,0.0,0.0,0.0,0.0,0.40243495584357714,1
0.031328097963066334,0.11845135648014979,-0.7778357784449248,0.5654690677350781,0.92890962889007,0.9195884397980119,1.0,0.0,0.0,0.0,0.0,0.0,0.7515241253661389,1
0.7669177779371694,0.4601739886178893,0.06944335075551031,0.5663664878035497,-1.1523596114883141,-0.6668789741491674,0.0,1.0,1.0,0.0,0.0,0.0,0.8341844305923147,1
0.28581874159657883,0.8707311480356817,0.059473337633904916,0.8701238035678767,0.39488278328036724,-0.08000009958433382,0.0,0.0,0.0,0.0,0.0,0.0,0.3600684623757639,0
0.7575621523318704,0.5403777182767832,-0.2881143496599875,-2.27388180522774,-2.0351897545580075,-1.2221685747564994,0.0,0.0,0.0,1.0,1.0,0.0,1.1720714376206096,1
0.9590492604137711,0.6496578902331506,-1.0823113674004485,-0.6609731871543149,-3.1972772609482902,-1.6569762431635455,0.0,0.0,1.0,0.0,0.0,0.0,1.385310629474137,1
-0.5292714624535502,-0.16271530894135622,0.6768188550118156,-0.018076782011608308,1.5725463483663298,0.6595572062275178,1.0,1.0,1.0,1.0,0.0,1.0,0.3736959752194753,1
0.030294887159164136,1.0845331720829878,-1.0056038148618398,0.018247011187957057,1.0308314614610248,1.955752083003292,1.0,1.0,1.0,1.0,1.0,1.0,0.25675898877360437,1
-0.2029510221307275,-0.8315945108099,0.751826844420631,2.4696218436942816,0.33529338537585435,-0.997224441966626,0.0,0.0,0.0,1.0,1.0,0.0,0.16527288705280052,1
0.17557651982395975,1.249141305013735,0.7141758587780548,-0.03577442588981868,-0.004325500567639894,-0.24145822107696058,1.0,1.0,0.0,0.0,1.0,0.0,0.6259334381636836,1
-0.17308954580374672,-0.12900004659097275,-0.19828440605873363,-0.1803707942085759,-1.0026500876471522,0.5615000192598127,1.0,1.0,1.0,1.0,1.0,0.0,0.19533949935126382,1
0.30237727543352283,-2.2906046891968033,0.4032850614489925,1.3865180209202745,0.3976875706697192,-0.5231221371125977,0.0,0.0,1.0,1.0,1.0,0.0,4.0956829874502265,0
0.7936594820873643,0.41000040819641426,-0.3624658609041993,-0.9108492923816255,-0.5618482754470153,-0.9176792926868084,0.0,1.0,1.0,1.0,1.0,0.0,0.3366841382329557,1
0.014002311252131106,0.04573523115282758,-1.3750353681441971,-2.5398673726908285,-0.9264212668913783,-0.3500171839966326,1.0,1.0,1.0,0.0,1.0,0.0,0.9098782978577591,1
0.31880614905847177,-0.2683975932670228,-0.6066730509832566,0.6104835326531219,0.8048592774929172,1.5485581174354996,0.0,1.0,0.0,1.0,1.0,0.0,0.18157206270657894,0
-0.11019519827862904,0.25148726956709905,0.0827302755816633,-0.6506991807897057,-0.40844006573381036,-1.4143400585953556,0.0,0.0,1.0,1.0,0.0,0.0,0.39751572294394444,1
-0.2758760488002925,0.47881931371400765,0.8044791713287097,0.5117396045002517,-0.2675591007865572,2.6889306482061657,1.0,0.0,0.0,0.0,1.0,1.0,0.8083745829961918,1
-0.5646723050269767,-1.2793851847428852,-1.332863501759484,-1.3581938349533935,-1.3946023293788934,-0.33009325611975054,0.0,0.0,0.0,1.0,0.0,1.0,0.2658389939255713,1
-1.5149726138989192,-1.6927048473443498,-0.8479466201196068,1.2555902823047262,0.8445417555903696,2.014833860518662,1.0,1.0,0.0,0.0,1.0,0.0,0.42779830417414566,0
0.7960516658656555,-0.6306132088479476,0.5244368160057364,0.312685540372857,1.3414864506822712,1.011015973166333,1.0,1.0,0.0,1.0,0.0,1.0,0.5491723966611315,1
0.20319797268395678,-0.5038382238003274,0.14301912920340562,1.3370256653363342,2.034436160918868,0.7008966997446491,1.0,0.0,0.0,1.0,1.0,1.0,0.5371468662967063,1
-0.23964566511858992,-1.460403438907069,-1.3919955827107005,-1.609612133522712,-1.2330485788880645,-0.6808057763941053,1.0,1.0,1.0,1.0,1.0,0.0,0.6019220236969006,1
-0.8031421019360399,0.03205882519122731,-0.3487373666013068,1.0559922750038044,-0.8576863897140717,-1.523326414086009,0.0,0.0,0.0,0.0,0.0,1.0,0.019945112077780734,1
1.596174293449745,1.9792337522147774,1.149592572907155,0.7008370820136874,0.596852314470052,-0.06433869400912351,0.0,0.0,0.0,0.0,0.0,0.0,1.1418039660324923,1
0.4298345085904394,-0.45607655373703,1.288437509138852,-1.7216558919281952,-1.5977812776103955,-1.2861773070835918,0.0,1.0,1.0,0.0,1.0,1.0,1.1797966859904172,1
0.19177472828796024,1.008463275928202,0.08358152510814054,-0.6914772266769643,0.9780797632111762,0.12620070186665017,0.0,0.0,0.0,1.0,0.0,1.0,0.27343663233710985,1
-0.8085747387120192,-0.36216045889607523,1.3516815927888475,0.8219704923538399,-1.7869484102220317,-1.17705984228597,0.0,1.0,1.0,0.0,0.0,0.0,1.093396340604413,1
-1.2176798725234554,-1.7570153758291844,-0.5119866988085506,-0.9234891014769644,-0.20800600313191053,1.7244142847982322,1.0,1.0,1.0,1.0,0.0,1.0,0.49723388461645923,1
0.1584315689457322,0.6175611056826276,-1.3654316873096748,0.9339418873610715,0.2684740812660267,-0.8869074276980664,1.0,1.0,0.0,1.0,1.0,0.0,0.18625952102567675,0
-1.4507019749217043,-0.15321152833539314,-0.21297341275479695,0.2628214796098918,1.6466224818803237,1.4904183898656704,1.0,1.0,1.0,1.0,0.0,0.0,0.30262885203226797,1
0.19386432656612998,-0.3932676778152075,0.059031467008486556,-0.5656726675970881,-0.5841849225407638,-0.10271490513969142,0.0,1.0,1.0,1.0,1.0,1.0,0.7375614536993302,0
2.0624781128929066,0.9230087405679674,0.43299158389149794,0.24349235209624645,0.550865273614859,-1.5292459294806184,0.0,0.0,0.0,1.0,1.0,0.0,1.3101659081294847,1
-0.9981617644942327,0.2015830434701748,0.6703862911210386,0.23381015413624273,1.2177605608460338,0.912266326583769,1.0,1.0,1.0,1.0,0.0,0.0,0.44380040264647563,1
0.3232901066427163,0.8235394745422077,0.8555314845944477,0.7765876894426003,0.47758436750933553,0.32710234616564765,1.0,0.0,0.0,0.0,0.0,0.0,1.9526879508909685,1
-1.7051137209322222,-2.8364222573772078,-2.022119320798603,-1.5344281438112806,1.0520615080604543,0.25258261249604286,0.0,0.0,0.0,0.0,0.0,0.0,0.5774328757413787,1
-0.11889415606456782,0.2860545892902215,0.3923566792083685,0.4274375503406261,-0.7901806878196727,1.6647751519180773,0.0,1.0,0.0,0.0,0.0,0.0,0.2215821178975281,1
-0.5464354839559542,-0.5032548491893902,-0.2758036144633966,-0.5923650417729595,-0.7469979680439279,-1.2776077794743261,1.0,1.0,0.0,0.0,0.0,0.0,0.18027219348455412,1
-0.5899034125258765,-0.2784362814104035,-0.42097585866443904,-0.3848536279947951,-0.18804236329445467,-0.7827854612168199,1.0,1.0,0.0,0.0,0.0,0.0,0.7619730997903772,1
1.008259904501457,0.08888736391170293,-1.157181133934001,-1.7155863169606451,-0.6697955457556137,0.23503938416735212,1.0,1.0,1.0,1.0,0.0,1.0,0.2696200052979385,1
0.20852737221423234,-0.8264182218747498,-1.7354837018874798,-2.177551222702448,-0.05416992612386419,-1.2062308369247605,0.0,1.0,0.0,0.0,0.0,0.0,0.10457575214330145,1
1.6182924702096146,2.581510109812706,0.8185895816337749,0.9662564173040092,1.2867010316566143,0.17489281329588618,1.0,1.0,0.0,1.0,0.0,0.0,0.4794201148692517,1
0.5727784594526195,-0.07893368250739695,0.6156251990795777,1.1592070398575598,0.9186223440224405,0.7215990833046212,1.0,1.0,1.0,0.0,0.0,0.0,0.3769043749029244,1
-0.3413050960909608,-0.41748348512282873,-1.380456509244897,-0.10388540737208096,-0.42930246406414774,-1.3694533901451411,0.0,1.0,1.0,1.0,1.0,1.0,0.2881133285339619,1
1.6886868913667084,1.414337934677043,0.5555153652664018,1.3836770177162099,0.059365566103516364,-0.1573886988936622,0.0,0.0,0.0,1.0,1.0,1.0,0.6930607020498888,1
-1.2207178886276924,-0.5056742238590385,0.6008996417092728,1.2880103042419502,1.1252435435128383,0.7835063339658024,0.0,1.0,0.0,1.0,1.0,0.0,0.35591713728618435,0
0.9082043764055391,0.6730719110299753,1.0969179091564527,1.2820875384091832,2.1745749169662645,1.9370871866690473,1.0,1.0,1.0,1.0,1.0,1.0,1.9087251828243863,1
0.06310506727366696,-0.2696454997258133,-0.06731814136159263,-0.2622673615291573,0.019764480907150196,0.745245027173749,1.0,1.0,1.0,1.0,0.0,0.0,1.1016923634324882,1
-1.0927790931984998,-1.3168024805017187,-1.1488808346364985,-0.6095714992328654,-2.065078020897644,0.4382163549490649,0.0,1.0,1.0,0.0,0.0,0.0,0.23584435901047482,1
-0.49077122690024183,-0.6351441275921416,-0.7988246146902614,-1.1910243700245877,-0.9542453465756304,-2.863709025597321,0.0,0.0,0.0,0.0,1.0,1.0,0.5742307709632204,1
-0.5203908440806663,1.4704350501126633,0.5761875597408279,0.14723343512878484,-0.6359020529904508,-1.9635287664086123,0.0,1.0,1.0,0.0,0.0,0.0,0.12799936319184976,1
-0.7996825240466515,-0.37805520352486044,1.4931711127374616,1.9397000944065397,0.3868954672294551,-1.6752717255014926,0.0,0.0,0.0,1.0,0.0,0.0,0.8904221677194287,1
0.7900572673549885,-0.3733084069018777,-0.35640072720991056,0.7842229393859318,1.4514742459740797,0.4358830352590035,0.0,1.0,1.0,1.0,0.0,0.0,0.8271183141434637,1
1.1645613072199605,1.4020906271271607,-0.2976074759378438,-0.48599590283809874,0.4727309114142097,-0.41551287030995904,0.0,0.0,1.0,1.0,1.0,1.0,0.4934884052428181,1
1.3049855873156488,1.8477431689567418,0.7304696412603661,0.5904752426798096,0.26228214038573244,0.6112363823909673,1.0,0.0,0.0,0.0,0.0,1.0,1.041586662325105,1
-2.381256521250974,-1.7105883432084628,-1.2677075811985774,-0.8746619440869017,1.7931550291093712,1.9407310238144537,1.0,1.0,0.0,1.0,0.0,0.0,0.17120465935132184,1
-0.6709411221919571,0.5304889959362836,-0.3717511036118531,-1.181362484835958,-1.608225290874403,-2.9988035662921253,0.0,0.0,0.0,0.0,0.0,0.0,0.18916703713103666,0
-0.6667066058080865,0.5891503327435065,0.7629001947911326,-0.5889369898730193,0.1898079751260892,0.02962187092140639,1.0,1.0,0.0,0.0,0.0,1.0,0.23815534316574086,1
-0.10059118928133126,0.8844887240721983,-0.09045295562666104,-2.151264314900032,-1.6069782123571383,-0.5831406661779553,1.0,0.0,0.0,0.0,0.0,1.0,0.8002916814341106,1
0.5740376163568619,-1.7510034373777141,-1.868199859743956,-0.4061344443647851,-0.47154519249524823,0.7264584823002627,1.0,1.0,0.0,1.0,1.0,1.0,0.30458733025536994,1
0.1614141575985152,0.10868068699059545,1.1546988433440324,-0.05813115671930311,-2.175329516588611,-0.23909949134866337,1.0,0.0,0.0,0.0,0.0,0.0,2.2951502657573593,1
0.13845035313266568,-0.08295934578131287,-0.1075212935266396,1.3903258745186515,0.44383469174769574,-1.2758697897340103,0.0,1.0,0.0,0.0,0.0,0.0,0.47316719765146315,1
